Record	Type	Sample Name	Measurement Date and Time	T	Z-Ave	PdI	Pk 1 Mean Int	Pk 2 Mean Int	Pk 3 Mean Int	Pk 1 Area Int	Pk 2 Area Int	Pk 3 Area Int	Size Peak	Size Peak	Size Peak	Intensities	Sizes
 		 	 	Â°C	d.nm	 	d.nm	d.nm	d.nm	Percent	Percent	Percent	d.nm	d.nm	d.nm	Percent	d.nm
1	Size	3 Extrusion POPC 0.2 mg_ml 20 degrees 1	10 February 2026 11:44:14	20.0	179.3	0.351	166.2	573.3	5384	82.4	15.6	2.0	79.69	155.3	320.0	0.0 0.0 0.0 0.0 0.0 0.0 0.0 0.0 0.0 0.0 0.0 0.0 0.0 0.0 0.0 0.0 0.0 0.0 0.0 0.0 0.0 0.0 0.0 0.0 0.0 0.0 0.0 0.0 0.0 0.0 0.0 0.0 0.0 0.0 0.3 2.0 4.8 7.7 10.1 11.2 11.0 9.8 7.9 6.1 4.5 3.5 3.1 3.0 3.1 3.1 2.7 2.1 1.3 0.6 0.1 0.0 0.0 0.0 0.0 0.0 0.0 0.0 0.0 0.0 0.5 1.6 0.0 0.0 0.0 0.0	0.4000 0.4632 0.5365 0.6213 0.7195 0.8332 0.9649 1.117 1.294 1.499 1.736 2.010 2.328 2.696 3.122 3.615 4.187 4.849 5.615 6.503 7.531 8.721 10.10 11.70 13.54 15.69 18.17 21.04 24.36 28.21 32.67 37.84 43.82 50.75 58.77 68.06 78.82 91.28 105.7 122.4 141.8 164.2 190.1 220.2 255.0 295.3 342.0 396.1 458.7 531.2 615.1 712.4 825.0 955.4 1106 1281 1484 1718 1990 2305 2669 3091 3580 4145 4801 5560 6439 7456 8635 1.000e4
2	Size	3 Extrusion POPC 0.2 mg_ml 20 degrees 2	10 February 2026 11:47:17	20.0	174.7	0.360	211.0	5215	0.000	96.9	3.1	0.0	138.2	466.2	0.000	0.0 0.0 0.0 0.0 0.0 0.0 0.0 0.0 0.0 0.0 0.0 0.0 0.0 0.0 0.0 0.0 0.0 0.0 0.0 0.0 0.0 0.0 0.0 0.0 0.0 0.0 0.0 0.0 0.0 0.0 0.0 0.0 0.0 0.0 0.8 2.4 4.6 6.9 8.6 9.7 9.9 9.5 8.6 7.5 6.4 5.4 4.5 3.7 3.0 2.3 1.6 0.9 0.4 0.1 0.0 0.0 0.0 0.0 0.0 0.0 0.0 0.0 0.0 0.2 0.9 1.9 0.0 0.0 0.0 0.0	0.4000 0.4632 0.5365 0.6213 0.7195 0.8332 0.9649 1.117 1.294 1.499 1.736 2.010 2.328 2.696 3.122 3.615 4.187 4.849 5.615 6.503 7.531 8.721 10.10 11.70 13.54 15.69 18.17 21.04 24.36 28.21 32.67 37.84 43.82 50.75 58.77 68.06 78.82 91.28 105.7 122.4 141.8 164.2 190.1 220.2 255.0 295.3 342.0 396.1 458.7 531.2 615.1 712.4 825.0 955.4 1106 1281 1484 1718 1990 2305 2669 3091 3580 4145 4801 5560 6439 7456 8635 1.000e4
3	Size	3 Extrusion POPC 0.2 mg_ml 20 degrees 3	10 February 2026 11:50:20	20.0	172.7	0.350	164.3	1996	4537	82.2	12.8	5.0	62.23	828.6	737.8	0.0 0.0 0.0 0.0 0.0 0.0 0.0 0.0 0.0 0.0 0.0 0.0 0.0 0.0 0.0 0.0 0.0 0.0 0.0 0.0 0.0 0.0 0.0 0.0 0.0 0.0 0.0 0.0 0.0 0.0 0.0 0.0 0.0 0.0 0.0 0.9 3.0 5.9 8.9 11.1 12.2 11.9 10.4 8.2 5.6 3.3 1.5 0.4 0.0 0.0 0.0 0.2 0.4 0.7 1.0 1.3 1.4 1.4 1.4 1.3 1.3 1.2 1.2 1.2 1.3 1.3 0.0 0.0 0.0 0.0	0.4000 0.4632 0.5365 0.6213 0.7195 0.8332 0.9649 1.117 1.294 1.499 1.736 2.010 2.328 2.696 3.122 3.615 4.187 4.849 5.615 6.503 7.531 8.721 10.10 11.70 13.54 15.69 18.17 21.04 24.36 28.21 32.67 37.84 43.82 50.75 58.77 68.06 78.82 91.28 105.7 122.4 141.8 164.2 190.1 220.2 255.0 295.3 342.0 396.1 458.7 531.2 615.1 712.4 825.0 955.4 1106 1281 1484 1718 1990 2305 2669 3091 3580 4145 4801 5560 6439 7456 8635 1.000e4
4	Size	3 Extrusion POPC 0.2 mg_ml 10 degrees 1	10 February 2026 12:02:03	10.0	170.4	0.327	195.8	4856	0.000	95.1	4.9	0.0	106.3	701.9	0.000	0.0 0.0 0.0 0.0 0.0 0.0 0.0 0.0 0.0 0.0 0.0 0.0 0.0 0.0 0.0 0.0 0.0 0.0 0.0 0.0 0.0 0.0 0.0 0.0 0.0 0.0 0.0 0.0 0.0 0.0 0.0 0.0 0.0 0.2 1.0 2.4 4.2 6.1 7.8 9.1 9.9 10.1 9.7 8.8 7.6 6.2 4.7 3.3 2.1 1.2 0.5 0.1 0.0 0.0 0.0 0.0 0.0 0.0 0.0 0.0 0.0 0.1 0.4 0.9 1.5 2.0 0.0 0.0 0.0 0.0	0.4000 0.4632 0.5365 0.6213 0.7195 0.8332 0.9649 1.117 1.294 1.499 1.736 2.010 2.328 2.696 3.122 3.615 4.187 4.849 5.615 6.503 7.531 8.721 10.10 11.70 13.54 15.69 18.17 21.04 24.36 28.21 32.67 37.84 43.82 50.75 58.77 68.06 78.82 91.28 105.7 122.4 141.8 164.2 190.1 220.2 255.0 295.3 342.0 396.1 458.7 531.2 615.1 712.4 825.0 955.4 1106 1281 1484 1718 1990 2305 2669 3091 3580 4145 4801 5560 6439 7456 8635 1.000e4
5	Size	3 Extrusion POPC 0.2 mg_ml 10 degrees 2	10 February 2026 12:05:06	10.0	173.6	0.384	224.6	4912	0.000	95.3	4.7	0.0	165.2	675.1	0.000	0.0 0.0 0.0 0.0 0.0 0.0 0.0 0.0 0.0 0.0 0.0 0.0 0.0 0.0 0.0 0.0 0.0 0.0 0.0 0.0 0.0 0.0 0.0 0.0 0.0 0.0 0.0 0.0 0.0 0.0 0.0 0.0 0.0 0.7 2.0 3.6 5.1 6.3 7.3 7.8 8.1 8.1 7.8 7.2 6.5 5.7 4.9 4.0 3.2 2.5 1.8 1.3 0.8 0.4 0.2 0.1 0.0 0.0 0.0 0.0 0.0 0.1 0.3 0.8 1.5 2.1 0.0 0.0 0.0 0.0	0.4000 0.4632 0.5365 0.6213 0.7195 0.8332 0.9649 1.117 1.294 1.499 1.736 2.010 2.328 2.696 3.122 3.615 4.187 4.849 5.615 6.503 7.531 8.721 10.10 11.70 13.54 15.69 18.17 21.04 24.36 28.21 32.67 37.84 43.82 50.75 58.77 68.06 78.82 91.28 105.7 122.4 141.8 164.2 190.1 220.2 255.0 295.3 342.0 396.1 458.7 531.2 615.1 712.4 825.0 955.4 1106 1281 1484 1718 1990 2305 2669 3091 3580 4145 4801 5560 6439 7456 8635 1.000e4
6	Size	3 Extrusion POPC 0.2 mg_ml 10 degrees 3	10 February 2026 12:08:08	10.0	171.2	0.354	159.2	1861	0.000	78.7	21.3	0.0	64.82	833.7	0.000	0.0 0.0 0.0 0.0 0.0 0.0 0.0 0.0 0.0 0.0 0.0 0.0 0.0 0.0 0.0 0.0 0.0 0.0 0.0 0.0 0.0 0.0 0.0 0.0 0.0 0.0 0.0 0.0 0.0 0.0 0.0 0.0 0.0 0.0 0.4 1.8 4.0 6.5 8.8 10.3 10.8 10.3 8.9 7.0 4.9 3.0 1.5 0.5 0.0 0.0 0.1 0.4 0.9 1.4 1.9 2.3 2.6 2.6 2.5 2.2 1.7 1.3 0.8 0.4 0.2 0.0 0.0 0.0 0.0 0.0	0.4000 0.4632 0.5365 0.6213 0.7195 0.8332 0.9649 1.117 1.294 1.499 1.736 2.010 2.328 2.696 3.122 3.615 4.187 4.849 5.615 6.503 7.531 8.721 10.10 11.70 13.54 15.69 18.17 21.04 24.36 28.21 32.67 37.84 43.82 50.75 58.77 68.06 78.82 91.28 105.7 122.4 141.8 164.2 190.1 220.2 255.0 295.3 342.0 396.1 458.7 531.2 615.1 712.4 825.0 955.4 1106 1281 1484 1718 1990 2305 2669 3091 3580 4145 4801 5560 6439 7456 8635 1.000e4
7	Size	3 Extrusion POPC 0.2 mg_ml 20 degrees 1	10 February 2026 12:19:14	20.0	183.1	0.466	141.1	596.4	5015	68.8	25.7	5.6	52.69	217.8	602.4	0.0 0.0 0.0 0.0 0.0 0.0 0.0 0.0 0.0 0.0 0.0 0.0 0.0 0.0 0.0 0.0 0.0 0.0 0.0 0.0 0.0 0.0 0.0 0.0 0.0 0.0 0.0 0.0 0.0 0.0 0.0 0.0 0.0 0.0 0.1 2.0 5.0 8.1 10.3 11.0 10.2 8.4 6.2 4.1 2.7 2.0 2.0 2.6 3.2 3.7 3.8 3.4 2.7 1.7 0.9 0.2 0.0 0.0 0.0 0.0 0.0 0.0 0.2 0.9 1.8 2.7 0.0 0.0 0.0 0.0	0.4000 0.4632 0.5365 0.6213 0.7195 0.8332 0.9649 1.117 1.294 1.499 1.736 2.010 2.328 2.696 3.122 3.615 4.187 4.849 5.615 6.503 7.531 8.721 10.10 11.70 13.54 15.69 18.17 21.04 24.36 28.21 32.67 37.84 43.82 50.75 58.77 68.06 78.82 91.28 105.7 122.4 141.8 164.2 190.1 220.2 255.0 295.3 342.0 396.1 458.7 531.2 615.1 712.4 825.0 955.4 1106 1281 1484 1718 1990 2305 2669 3091 3580 4145 4801 5560 6439 7456 8635 1.000e4
8	Size	3 Extrusion POPC 0.2 mg_ml 20 degrees 2	10 February 2026 12:22:16	20.0	184.2	0.405	164.1	762.5	5007	77.0	18.4	4.6	73.60	282.8	607.4	0.0 0.0 0.0 0.0 0.0 0.0 0.0 0.0 0.0 0.0 0.0 0.0 0.0 0.0 0.0 0.0 0.0 0.0 0.0 0.0 0.0 0.0 0.0 0.0 0.0 0.0 0.0 0.0 0.0 0.0 0.0 0.0 0.0 0.0 0.5 2.0 4.1 6.5 8.7 10.0 10.3 9.7 8.3 6.5 4.7 3.2 2.2 1.8 1.8 2.1 2.4 2.6 2.6 2.2 1.7 1.0 0.5 0.1 0.0 0.0 0.0 0.0 0.2 0.7 1.5 2.3 0.0 0.0 0.0 0.0	0.4000 0.4632 0.5365 0.6213 0.7195 0.8332 0.9649 1.117 1.294 1.499 1.736 2.010 2.328 2.696 3.122 3.615 4.187 4.849 5.615 6.503 7.531 8.721 10.10 11.70 13.54 15.69 18.17 21.04 24.36 28.21 32.67 37.84 43.82 50.75 58.77 68.06 78.82 91.28 105.7 122.4 141.8 164.2 190.1 220.2 255.0 295.3 342.0 396.1 458.7 531.2 615.1 712.4 825.0 955.4 1106 1281 1484 1718 1990 2305 2669 3091 3580 4145 4801 5560 6439 7456 8635 1.000e4
9	Size	3 Extrusion POPC 0.2 mg_ml 20 degrees 3	10 February 2026 12:25:19	20.0	179.8	0.432	225.3	5001	0.000	94.2	5.8	0.0	171.5	610.1	0.000	0.0 0.0 0.0 0.0 0.0 0.0 0.0 0.0 0.0 0.0 0.0 0.0 0.0 0.0 0.0 0.0 0.0 0.0 0.0 0.0 0.0 0.0 0.0 0.0 0.0 0.0 0.0 0.0 0.0 0.0 0.0 0.0 0.0 0.1 0.8 2.4 4.4 6.5 8.3 9.4 9.7 9.3 8.3 7.0 5.8 4.7 3.8 3.2 2.7 2.4 2.0 1.6 1.1 0.6 0.2 0.0 0.0 0.0 0.0 0.0 0.0 0.0 0.3 0.9 1.8 2.7 0.0 0.0 0.0 0.0	0.4000 0.4632 0.5365 0.6213 0.7195 0.8332 0.9649 1.117 1.294 1.499 1.736 2.010 2.328 2.696 3.122 3.615 4.187 4.849 5.615 6.503 7.531 8.721 10.10 11.70 13.54 15.69 18.17 21.04 24.36 28.21 32.67 37.84 43.82 50.75 58.77 68.06 78.82 91.28 105.7 122.4 141.8 164.2 190.1 220.2 255.0 295.3 342.0 396.1 458.7 531.2 615.1 712.4 825.0 955.4 1106 1281 1484 1718 1990 2305 2669 3091 3580 4145 4801 5560 6439 7456 8635 1.000e4
10	Size	3 Extrusion POPC 0.2 mg_ml 30 degrees 1	10 February 2026 12:34:56	30.0	187.0	0.373	179.4	1201	4549	81.5	12.3	6.3	84.40	501.4	900.7	0.0 0.0 0.0 0.0 0.0 0.0 0.0 0.0 0.0 0.0 0.0 0.0 0.0 0.0 0.0 0.0 0.0 0.0 0.0 0.0 0.0 0.0 0.0 0.0 0.0 0.0 0.0 0.0 0.0 0.0 0.0 0.0 0.0 0.0 0.2 1.2 3.1 5.5 7.8 9.6 10.6 10.5 9.6 8.0 6.1 4.3 2.7 1.6 0.9 0.7 0.8 1.0 1.4 1.6 1.7 1.6 1.3 1.0 0.7 0.4 0.3 0.4 0.7 1.2 1.6 2.0 0.0 0.0 0.0 0.0	0.4000 0.4632 0.5365 0.6213 0.7195 0.8332 0.9649 1.117 1.294 1.499 1.736 2.010 2.328 2.696 3.122 3.615 4.187 4.849 5.615 6.503 7.531 8.721 10.10 11.70 13.54 15.69 18.17 21.04 24.36 28.21 32.67 37.84 43.82 50.75 58.77 68.06 78.82 91.28 105.7 122.4 141.8 164.2 190.1 220.2 255.0 295.3 342.0 396.1 458.7 531.2 615.1 712.4 825.0 955.4 1106 1281 1484 1718 1990 2305 2669 3091 3580 4145 4801 5560 6439 7456 8635 1.000e4
11	Size	3 Extrusion POPC 0.2 mg_ml 30 degrees 2	10 February 2026 12:37:59	30.0	189.8	0.469	172.4	740.9	4998	80.3	12.7	7.0	85.70	235.3	612.2	0.0 0.0 0.0 0.0 0.0 0.0 0.0 0.0 0.0 0.0 0.0 0.0 0.0 0.0 0.0 0.0 0.0 0.0 0.0 0.0 0.0 0.0 0.0 0.0 0.0 0.0 0.0 0.0 0.0 0.0 0.0 0.0 0.0 0.0 0.2 1.7 4.1 6.8 9.0 10.3 10.5 9.7 8.3 6.5 4.8 3.4 2.5 2.0 1.8 1.9 2.0 2.1 1.9 1.5 1.0 0.5 0.2 0.0 0.0 0.0 0.0 0.0 0.3 1.1 2.3 3.4 0.0 0.0 0.0 0.0	0.4000 0.4632 0.5365 0.6213 0.7195 0.8332 0.9649 1.117 1.294 1.499 1.736 2.010 2.328 2.696 3.122 3.615 4.187 4.849 5.615 6.503 7.531 8.721 10.10 11.70 13.54 15.69 18.17 21.04 24.36 28.21 32.67 37.84 43.82 50.75 58.77 68.06 78.82 91.28 105.7 122.4 141.8 164.2 190.1 220.2 255.0 295.3 342.0 396.1 458.7 531.2 615.1 712.4 825.0 955.4 1106 1281 1484 1718 1990 2305 2669 3091 3580 4145 4801 5560 6439 7456 8635 1.000e4
12	Size	3 Extrusion POPC 0.2 mg_ml 30 degrees 3	10 February 2026 12:41:02	30.0	186.6	0.423	195.3	4809	0.000	91.4	8.6	0.0	92.91	722.1	0.000	0.0 0.0 0.0 0.0 0.0 0.0 0.0 0.0 0.0 0.0 0.0 0.0 0.0 0.0 0.0 0.0 0.0 0.0 0.0 0.0 0.0 0.0 0.0 0.0 0.0 0.0 0.0 0.0 0.0 0.0 0.0 0.3 0.6 0.8 1.1 1.7 2.7 4.2 6.0 7.8 9.3 10.3 10.6 10.0 8.8 7.0 5.0 3.1 1.5 0.4 0.0 0.0 0.0 0.0 0.0 0.0 0.0 0.0 0.0 0.0 0.0 0.2 0.8 1.7 2.6 3.3 0.0 0.0 0.0 0.0	0.4000 0.4632 0.5365 0.6213 0.7195 0.8332 0.9649 1.117 1.294 1.499 1.736 2.010 2.328 2.696 3.122 3.615 4.187 4.849 5.615 6.503 7.531 8.721 10.10 11.70 13.54 15.69 18.17 21.04 24.36 28.21 32.67 37.84 43.82 50.75 58.77 68.06 78.82 91.28 105.7 122.4 141.8 164.2 190.1 220.2 255.0 295.3 342.0 396.1 458.7 531.2 615.1 712.4 825.0 955.4 1106 1281 1484 1718 1990 2305 2669 3091 3580 4145 4801 5560 6439 7456 8635 1.000e4
13	Size	3 Extrusion POPC 0.2 mg_ml 40 degrees 1	10 February 2026 12:51:19	40.0	189.8	0.360	149.6	862.3	5059	75.7	20.3	4.0	50.16	275.1	578.5	0.0 0.0 0.0 0.0 0.0 0.0 0.0 0.0 0.0 0.0 0.0 0.0 0.0 0.0 0.0 0.0 0.0 0.0 0.0 0.0 0.0 0.0 0.0 0.0 0.0 0.0 0.0 0.0 0.0 0.0 0.0 0.0 0.0 0.0 0.0 0.3 2.8 6.7 10.3 12.5 12.8 11.3 8.7 5.7 3.1 1.2 0.2 0.2 0.8 1.7 2.7 3.3 3.5 3.1 2.5 1.6 0.8 0.2 0.0 0.0 0.0 0.0 0.1 0.6 1.3 2.0 0.0 0.0 0.0 0.0	0.4000 0.4632 0.5365 0.6213 0.7195 0.8332 0.9649 1.117 1.294 1.499 1.736 2.010 2.328 2.696 3.122 3.615 4.187 4.849 5.615 6.503 7.531 8.721 10.10 11.70 13.54 15.69 18.17 21.04 24.36 28.21 32.67 37.84 43.82 50.75 58.77 68.06 78.82 91.28 105.7 122.4 141.8 164.2 190.1 220.2 255.0 295.3 342.0 396.1 458.7 531.2 615.1 712.4 825.0 955.4 1106 1281 1484 1718 1990 2305 2669 3091 3580 4145 4801 5560 6439 7456 8635 1.000e4
14	Size	3 Extrusion POPC 0.2 mg_ml 40 degrees 2	10 February 2026 12:54:12	40.0	208.5	0.478	244.5	5026	0.000	92.9	7.1	0.0	156.1	595.5	0.000	0.0 0.0 0.0 0.0 0.0 0.0 0.0 0.0 0.0 0.0 0.0 0.0 0.0 0.0 0.0 0.0 0.0 0.0 0.0 0.0 0.0 0.0 0.0 0.0 0.0 0.0 0.0 0.0 0.0 0.0 0.0 0.0 0.0 0.0 0.7 2.3 4.2 5.9 7.0 7.4 7.3 7.0 6.7 6.5 6.4 6.4 6.3 5.8 5.0 3.9 2.5 1.3 0.4 0.0 0.0 0.0 0.0 0.0 0.0 0.0 0.0 0.0 0.3 1.1 2.3 3.5 0.0 0.0 0.0 0.0	0.4000 0.4632 0.5365 0.6213 0.7195 0.8332 0.9649 1.117 1.294 1.499 1.736 2.010 2.328 2.696 3.122 3.615 4.187 4.849 5.615 6.503 7.531 8.721 10.10 11.70 13.54 15.69 18.17 21.04 24.36 28.21 32.67 37.84 43.82 50.75 58.77 68.06 78.82 91.28 105.7 122.4 141.8 164.2 190.1 220.2 255.0 295.3 342.0 396.1 458.7 531.2 615.1 712.4 825.0 955.4 1106 1281 1484 1718 1990 2305 2669 3091 3580 4145 4801 5560 6439 7456 8635 1.000e4
15	Size	3 Extrusion POPC 0.2 mg_ml 40 degrees 3	10 February 2026 12:57:05	40.0	219.6	0.302	231.9	49.19	0.000	93.3	6.7	0.0	62.48	7.711	0.000	0.0 0.0 0.0 0.0 0.0 0.0 0.0 0.0 0.0 0.0 0.0 0.0 0.0 0.0 0.0 0.0 0.0 0.0 0.0 0.0 0.0 0.0 0.0 0.0 0.0 0.0 0.0 0.0 0.0 0.0 0.0 0.9 2.0 2.2 1.3 0.3 0.0 0.0 0.0 1.8 6.0 11.4 16.2 18.4 17.2 12.9 7.2 2.3 0.0 0.0 0.0 0.0 0.0 0.0 0.0 0.0 0.0 0.0 0.0 0.0 0.0 0.0 0.0 0.0 0.0 0.0 0.0 0.0 0.0 0.0	0.4000 0.4632 0.5365 0.6213 0.7195 0.8332 0.9649 1.117 1.294 1.499 1.736 2.010 2.328 2.696 3.122 3.615 4.187 4.849 5.615 6.503 7.531 8.721 10.10 11.70 13.54 15.69 18.17 21.04 24.36 28.21 32.67 37.84 43.82 50.75 58.77 68.06 78.82 91.28 105.7 122.4 141.8 164.2 190.1 220.2 255.0 295.3 342.0 396.1 458.7 531.2 615.1 712.4 825.0 955.4 1106 1281 1484 1718 1990 2305 2669 3091 3580 4145 4801 5560 6439 7456 8635 1.000e4
16	Size	3 Extrusion POPC 0.2 mg_ml 60 degrees 1	10 February 2026 13:07:59	60.0	188.4	0.371	226.8	4873	0.000	94.1	5.9	0.0	149.6	691.9	0.000	0.0 0.0 0.0 0.0 0.0 0.0 0.0 0.0 0.0 0.0 0.0 0.0 0.0 0.0 0.0 0.0 0.0 0.0 0.0 0.0 0.0 0.0 0.0 0.0 0.0 0.0 0.0 0.0 0.0 0.0 0.0 0.1 0.2 0.6 1.3 2.3 3.7 5.2 6.6 7.8 8.5 8.8 8.5 8.0 7.1 6.2 5.2 4.3 3.4 2.5 1.8 1.1 0.6 0.2 0.0 0.0 0.0 0.0 0.0 0.0 0.0 0.1 0.5 1.1 1.8 2.5 0.0 0.0 0.0 0.0	0.4000 0.4632 0.5365 0.6213 0.7195 0.8332 0.9649 1.117 1.294 1.499 1.736 2.010 2.328 2.696 3.122 3.615 4.187 4.849 5.615 6.503 7.531 8.721 10.10 11.70 13.54 15.69 18.17 21.04 24.36 28.21 32.67 37.84 43.82 50.75 58.77 68.06 78.82 91.28 105.7 122.4 141.8 164.2 190.1 220.2 255.0 295.3 342.0 396.1 458.7 531.2 615.1 712.4 825.0 955.4 1106 1281 1484 1718 1990 2305 2669 3091 3580 4145 4801 5560 6439 7456 8635 1.000e4
17	Size	3 Extrusion POPC 0.2 mg_ml 60 degrees 2	10 February 2026 13:11:01	60.0	188.0	0.167	187.9	0.000	0.000	100.0	0.0	0.0	47.68	0.000	0.000	0.0 0.0 0.0 0.0 0.0 0.0 0.0 0.0 0.0 0.0 0.0 0.0 0.0 0.0 0.0 0.0 0.0 0.0 0.0 0.0 0.0 0.0 0.0 0.0 0.0 0.0 0.0 0.0 0.0 0.0 0.0 0.0 0.0 0.0 0.0 0.0 0.0 0.0 2.4 8.2 15.1 20.1 20.9 17.3 11.0 4.5 0.6 0.0 0.0 0.0 0.0 0.0 0.0 0.0 0.0 0.0 0.0 0.0 0.0 0.0 0.0 0.0 0.0 0.0 0.0 0.0 0.0 0.0 0.0 0.0	0.4000 0.4632 0.5365 0.6213 0.7195 0.8332 0.9649 1.117 1.294 1.499 1.736 2.010 2.328 2.696 3.122 3.615 4.187 4.849 5.615 6.503 7.531 8.721 10.10 11.70 13.54 15.69 18.17 21.04 24.36 28.21 32.67 37.84 43.82 50.75 58.77 68.06 78.82 91.28 105.7 122.4 141.8 164.2 190.1 220.2 255.0 295.3 342.0 396.1 458.7 531.2 615.1 712.4 825.0 955.4 1106 1281 1484 1718 1990 2305 2669 3091 3580 4145 4801 5560 6439 7456 8635 1.000e4
18	Size	3 Extrusion POPC 0.2 mg_ml 60 degrees 3	10 February 2026 13:14:04	60.0	187.1	0.185	185.2	0.000	0.000	100.0	0.0	0.0	46.32	0.000	0.000	0.0 0.0 0.0 0.0 0.0 0.0 0.0 0.0 0.0 0.0 0.0 0.0 0.0 0.0 0.0 0.0 0.0 0.0 0.0 0.0 0.0 0.0 0.0 0.0 0.0 0.0 0.0 0.0 0.0 0.0 0.0 0.0 0.0 0.0 0.0 0.0 0.0 0.0 2.7 8.8 15.7 20.4 20.9 17.0 10.4 3.9 0.2 0.0 0.0 0.0 0.0 0.0 0.0 0.0 0.0 0.0 0.0 0.0 0.0 0.0 0.0 0.0 0.0 0.0 0.0 0.0 0.0 0.0 0.0 0.0	0.4000 0.4632 0.5365 0.6213 0.7195 0.8332 0.9649 1.117 1.294 1.499 1.736 2.010 2.328 2.696 3.122 3.615 4.187 4.849 5.615 6.503 7.531 8.721 10.10 11.70 13.54 15.69 18.17 21.04 24.36 28.21 32.67 37.84 43.82 50.75 58.77 68.06 78.82 91.28 105.7 122.4 141.8 164.2 190.1 220.2 255.0 295.3 342.0 396.1 458.7 531.2 615.1 712.4 825.0 955.4 1106 1281 1484 1718 1990 2305 2669 3091 3580 4145 4801 5560 6439 7456 8635 1.000e4
19	Size	5 Extrusion POPC 0.2 mg_ml 10 degrees 1	10 February 2026 14:24:50	10.0	142.9	0.255	140.3	1909	0.000	86.0	14.0	0.0	52.68	862.5	0.000	0.0 0.0 0.0 0.0 0.0 0.0 0.0 0.0 0.0 0.0 0.0 0.0 0.0 0.0 0.0 0.0 0.0 0.0 0.0 0.0 0.0 0.0 0.0 0.0 0.0 0.0 0.0 0.0 0.0 0.0 0.0 0.0 0.0 0.0 0.7 3.0 6.3 9.6 12.0 12.9 12.3 10.6 8.1 5.5 3.2 1.4 0.4 0.0 0.0 0.0 0.1 0.3 0.5 0.9 1.2 1.5 1.7 1.7 1.6 1.4 1.2 0.9 0.6 0.3 0.1 0.0 0.0 0.0 0.0 0.0	0.4000 0.4632 0.5365 0.6213 0.7195 0.8332 0.9649 1.117 1.294 1.499 1.736 2.010 2.328 2.696 3.122 3.615 4.187 4.849 5.615 6.503 7.531 8.721 10.10 11.70 13.54 15.69 18.17 21.04 24.36 28.21 32.67 37.84 43.82 50.75 58.77 68.06 78.82 91.28 105.7 122.4 141.8 164.2 190.1 220.2 255.0 295.3 342.0 396.1 458.7 531.2 615.1 712.4 825.0 955.4 1106 1281 1484 1718 1990 2305 2669 3091 3580 4145 4801 5560 6439 7456 8635 1.000e4
20	Size	5 Extrusion POPC 0.2 mg_ml 10 degrees 2	10 February 2026 14:27:43	10.0	142.4	0.257	166.4	5136	0.000	97.8	2.2	0.0	86.21	519.6	0.000	0.0 0.0 0.0 0.0 0.0 0.0 0.0 0.0 0.0 0.0 0.0 0.0 0.0 0.0 0.0 0.0 0.0 0.0 0.0 0.0 0.0 0.0 0.0 0.0 0.0 0.0 0.0 0.0 0.0 0.0 0.0 0.0 0.0 0.7 2.2 4.3 6.5 8.4 9.7 10.5 10.6 10.1 9.2 7.9 6.4 4.8 3.3 2.0 1.0 0.3 0.0 0.0 0.0 0.0 0.0 0.0 0.0 0.0 0.0 0.0 0.0 0.0 0.0 0.3 0.7 1.2 0.0 0.0 0.0 0.0	0.4000 0.4632 0.5365 0.6213 0.7195 0.8332 0.9649 1.117 1.294 1.499 1.736 2.010 2.328 2.696 3.122 3.615 4.187 4.849 5.615 6.503 7.531 8.721 10.10 11.70 13.54 15.69 18.17 21.04 24.36 28.21 32.67 37.84 43.82 50.75 58.77 68.06 78.82 91.28 105.7 122.4 141.8 164.2 190.1 220.2 255.0 295.3 342.0 396.1 458.7 531.2 615.1 712.4 825.0 955.4 1106 1281 1484 1718 1990 2305 2669 3091 3580 4145 4801 5560 6439 7456 8635 1.000e4
21	Size	5 Extrusion POPC 0.2 mg_ml 10 degrees 3	10 February 2026 14:30:36	10.0	142.1	0.286	155.1	4789	0.000	95.1	4.9	0.0	73.35	732.4	0.000	0.0 0.0 0.0 0.0 0.0 0.0 0.0 0.0 0.0 0.0 0.0 0.0 0.0 0.0 0.0 0.0 0.0 0.0 0.0 0.0 0.0 0.0 0.0 0.0 0.0 0.0 0.0 0.0 0.0 0.0 0.0 0.0 0.0 0.2 1.6 4.1 6.8 9.2 10.9 11.6 11.4 10.5 9.0 7.2 5.3 3.6 2.1 1.1 0.4 0.1 0.0 0.0 0.0 0.0 0.0 0.0 0.0 0.0 0.0 0.0 0.0 0.1 0.5 1.0 1.5 1.9 0.0 0.0 0.0 0.0	0.4000 0.4632 0.5365 0.6213 0.7195 0.8332 0.9649 1.117 1.294 1.499 1.736 2.010 2.328 2.696 3.122 3.615 4.187 4.849 5.615 6.503 7.531 8.721 10.10 11.70 13.54 15.69 18.17 21.04 24.36 28.21 32.67 37.84 43.82 50.75 58.77 68.06 78.82 91.28 105.7 122.4 141.8 164.2 190.1 220.2 255.0 295.3 342.0 396.1 458.7 531.2 615.1 712.4 825.0 955.4 1106 1281 1484 1718 1990 2305 2669 3091 3580 4145 4801 5560 6439 7456 8635 1.000e4
22	Size	5 Extrusion POPC 0.2 mg_ml 20 degrees 1	10 February 2026 14:42:09	20.0	150.7	0.326	186.0	4948	0.000	96.6	3.4	0.0	112.2	644.9	0.000	0.0 0.0 0.0 0.0 0.0 0.0 0.0 0.0 0.0 0.0 0.0 0.0 0.0 0.0 0.0 0.0 0.0 0.0 0.0 0.0 0.0 0.0 0.0 0.0 0.0 0.0 0.0 0.0 0.0 0.0 0.0 0.0 0.1 0.9 2.3 4.1 5.9 7.4 8.5 9.2 9.3 9.1 8.5 7.6 6.6 5.4 4.3 3.2 2.1 1.3 0.6 0.2 0.0 0.0 0.0 0.0 0.0 0.0 0.0 0.0 0.0 0.0 0.2 0.6 1.1 1.5 0.0 0.0 0.0 0.0	0.4000 0.4632 0.5365 0.6213 0.7195 0.8332 0.9649 1.117 1.294 1.499 1.736 2.010 2.328 2.696 3.122 3.615 4.187 4.849 5.615 6.503 7.531 8.721 10.10 11.70 13.54 15.69 18.17 21.04 24.36 28.21 32.67 37.84 43.82 50.75 58.77 68.06 78.82 91.28 105.7 122.4 141.8 164.2 190.1 220.2 255.0 295.3 342.0 396.1 458.7 531.2 615.1 712.4 825.0 955.4 1106 1281 1484 1718 1990 2305 2669 3091 3580 4145 4801 5560 6439 7456 8635 1.000e4
23	Size	5 Extrusion POPC 0.2 mg_ml 20 degrees 2	10 February 2026 14:45:02	20.0	149.6	0.309	171.5	4658	0.000	93.9	6.1	0.0	128.1	810.9	0.000	0.0 0.0 0.0 0.0 0.0 0.0 0.0 0.0 0.0 0.0 0.0 0.0 0.0 0.0 0.0 0.0 0.0 0.0 0.0 0.0 0.0 0.0 0.0 0.0 0.0 0.0 0.0 0.0 0.0 0.0 0.0 0.0 0.0 0.0 0.8 3.1 6.2 9.2 11.3 12.2 11.8 10.5 8.6 6.5 4.6 3.0 1.8 1.1 0.7 0.5 0.5 0.5 0.4 0.3 0.2 0.1 0.0 0.0 0.0 0.0 0.1 0.3 0.7 1.2 1.7 2.1 0.0 0.0 0.0 0.0	0.4000 0.4632 0.5365 0.6213 0.7195 0.8332 0.9649 1.117 1.294 1.499 1.736 2.010 2.328 2.696 3.122 3.615 4.187 4.849 5.615 6.503 7.531 8.721 10.10 11.70 13.54 15.69 18.17 21.04 24.36 28.21 32.67 37.84 43.82 50.75 58.77 68.06 78.82 91.28 105.7 122.4 141.8 164.2 190.1 220.2 255.0 295.3 342.0 396.1 458.7 531.2 615.1 712.4 825.0 955.4 1106 1281 1484 1718 1990 2305 2669 3091 3580 4145 4801 5560 6439 7456 8635 1.000e4
24	Size	5 Extrusion POPC 0.2 mg_ml 20 degrees 3	10 February 2026 14:47:55	20.0	149.5	0.308	161.1	4834	0.000	94.6	5.4	0.0	74.51	712.3	0.000	0.0 0.0 0.0 0.0 0.0 0.0 0.0 0.0 0.0 0.0 0.0 0.0 0.0 0.0 0.0 0.0 0.0 0.0 0.0 0.0 0.0 0.0 0.0 0.0 0.0 0.0 0.0 0.0 0.0 0.0 0.0 0.0 0.0 0.4 1.6 3.5 5.7 8.0 9.9 11.1 11.4 11.0 9.8 8.1 6.1 4.2 2.5 1.2 0.4 0.0 0.0 0.0 0.0 0.0 0.0 0.0 0.0 0.0 0.0 0.0 0.0 0.1 0.5 1.0 1.6 2.1 0.0 0.0 0.0 0.0	0.4000 0.4632 0.5365 0.6213 0.7195 0.8332 0.9649 1.117 1.294 1.499 1.736 2.010 2.328 2.696 3.122 3.615 4.187 4.849 5.615 6.503 7.531 8.721 10.10 11.70 13.54 15.69 18.17 21.04 24.36 28.21 32.67 37.84 43.82 50.75 58.77 68.06 78.82 91.28 105.7 122.4 141.8 164.2 190.1 220.2 255.0 295.3 342.0 396.1 458.7 531.2 615.1 712.4 825.0 955.4 1106 1281 1484 1718 1990 2305 2669 3091 3580 4145 4801 5560 6439 7456 8635 1.000e4
25	Size	5 Extrusion POPC 0.2 mg_ml 30 degrees 1	10 February 2026 14:57:28	30.0	150.7	0.312	163.0	4828	884.8	92.3	4.8	2.9	88.12	718.2	236.7	0.0 0.0 0.0 0.0 0.0 0.0 0.0 0.0 0.0 0.0 0.0 0.0 0.0 0.0 0.0 0.0 0.0 0.0 0.0 0.0 0.0 0.0 0.0 0.0 0.0 0.0 0.0 0.0 0.0 0.0 0.0 0.0 0.0 0.0 1.1 3.3 6.1 8.8 10.7 11.6 11.5 10.4 8.7 6.8 4.9 3.3 2.1 1.3 0.8 0.6 0.6 0.6 0.6 0.5 0.4 0.2 0.1 0.0 0.0 0.0 0.0 0.1 0.4 0.9 1.4 1.9 0.0 0.0 0.0 0.0	0.4000 0.4632 0.5365 0.6213 0.7195 0.8332 0.9649 1.117 1.294 1.499 1.736 2.010 2.328 2.696 3.122 3.615 4.187 4.849 5.615 6.503 7.531 8.721 10.10 11.70 13.54 15.69 18.17 21.04 24.36 28.21 32.67 37.84 43.82 50.75 58.77 68.06 78.82 91.28 105.7 122.4 141.8 164.2 190.1 220.2 255.0 295.3 342.0 396.1 458.7 531.2 615.1 712.4 825.0 955.4 1106 1281 1484 1718 1990 2305 2669 3091 3580 4145 4801 5560 6439 7456 8635 1.000e4
26	Size	5 Extrusion POPC 0.2 mg_ml 30 degrees 2	10 February 2026 15:00:31	30.0	152.2	0.296	162.0	4805	0.000	94.3	5.7	0.0	73.46	724.2	0.000	0.0 0.0 0.0 0.0 0.0 0.0 0.0 0.0 0.0 0.0 0.0 0.0 0.0 0.0 0.0 0.0 0.0 0.0 0.0 0.0 0.0 0.0 0.0 0.0 0.0 0.0 0.0 0.0 0.0 0.0 0.0 0.0 0.0 0.2 1.4 3.3 5.6 7.9 9.8 11.0 11.5 11.1 9.9 8.3 6.3 4.3 2.5 1.1 0.3 0.0 0.0 0.0 0.0 0.0 0.0 0.0 0.0 0.0 0.0 0.0 0.0 0.2 0.5 1.1 1.7 2.2 0.0 0.0 0.0 0.0	0.4000 0.4632 0.5365 0.6213 0.7195 0.8332 0.9649 1.117 1.294 1.499 1.736 2.010 2.328 2.696 3.122 3.615 4.187 4.849 5.615 6.503 7.531 8.721 10.10 11.70 13.54 15.69 18.17 21.04 24.36 28.21 32.67 37.84 43.82 50.75 58.77 68.06 78.82 91.28 105.7 122.4 141.8 164.2 190.1 220.2 255.0 295.3 342.0 396.1 458.7 531.2 615.1 712.4 825.0 955.4 1106 1281 1484 1718 1990 2305 2669 3091 3580 4145 4801 5560 6439 7456 8635 1.000e4
27	Size	5 Extrusion POPC 0.2 mg_ml 30 degrees 3	10 February 2026 15:03:34	30.0	150.7	0.303	148.3	1343	4368	84.5	12.7	2.8	61.49	636.3	878.7	0.0 0.0 0.0 0.0 0.0 0.0 0.0 0.0 0.0 0.0 0.0 0.0 0.0 0.0 0.0 0.0 0.0 0.0 0.0 0.0 0.0 0.0 0.0 0.0 0.0 0.0 0.0 0.0 0.0 0.0 0.0 0.0 0.0 0.0 0.4 2.5 5.7 8.9 11.2 12.2 11.8 10.4 8.3 6.0 3.9 2.2 1.0 0.4 0.2 0.3 0.6 1.0 1.3 1.5 1.6 1.5 1.3 1.1 0.8 0.6 0.5 0.5 0.5 0.6 0.6 0.7 0.0 0.0 0.0 0.0	0.4000 0.4632 0.5365 0.6213 0.7195 0.8332 0.9649 1.117 1.294 1.499 1.736 2.010 2.328 2.696 3.122 3.615 4.187 4.849 5.615 6.503 7.531 8.721 10.10 11.70 13.54 15.69 18.17 21.04 24.36 28.21 32.67 37.84 43.82 50.75 58.77 68.06 78.82 91.28 105.7 122.4 141.8 164.2 190.1 220.2 255.0 295.3 342.0 396.1 458.7 531.2 615.1 712.4 825.0 955.4 1106 1281 1484 1718 1990 2305 2669 3091 3580 4145 4801 5560 6439 7456 8635 1.000e4
28	Size	5 Extrusion POPC 0.2 mg_ml 40 degrees 1	10 February 2026 15:13:52	40.0	152.9	0.315	165.8	2940	0.000	89.0	11.0	0.0	81.31	1368	0.000	0.0 0.0 0.0 0.0 0.0 0.0 0.0 0.0 0.0 0.0 0.0 0.0 0.0 0.0 0.0 0.0 0.0 0.0 0.0 0.0 0.0 0.0 0.0 0.0 0.0 0.0 0.0 0.0 0.0 0.0 0.0 0.0 0.0 0.3 1.4 3.2 5.3 7.5 9.2 10.2 10.5 10.0 8.9 7.4 5.8 4.1 2.7 1.5 0.7 0.2 0.0 0.0 0.1 0.2 0.4 0.6 0.7 0.9 0.9 1.0 1.0 1.0 1.0 1.0 1.0 0.9 0.0 0.0 0.0 0.0	0.4000 0.4632 0.5365 0.6213 0.7195 0.8332 0.9649 1.117 1.294 1.499 1.736 2.010 2.328 2.696 3.122 3.615 4.187 4.849 5.615 6.503 7.531 8.721 10.10 11.70 13.54 15.69 18.17 21.04 24.36 28.21 32.67 37.84 43.82 50.75 58.77 68.06 78.82 91.28 105.7 122.4 141.8 164.2 190.1 220.2 255.0 295.3 342.0 396.1 458.7 531.2 615.1 712.4 825.0 955.4 1106 1281 1484 1718 1990 2305 2669 3091 3580 4145 4801 5560 6439 7456 8635 1.000e4
29	Size	5 Extrusion POPC 0.2 mg_ml 40 degrees 2	10 February 2026 15:16:55	40.0	155.4	0.244	177.0	5182	0.000	98.1	1.9	0.0	80.15	484.0	0.000	0.0 0.0 0.0 0.0 0.0 0.0 0.0 0.0 0.0 0.0 0.0 0.0 0.0 0.0 0.0 0.0 0.0 0.0 0.0 0.0 0.0 0.0 0.0 0.0 0.0 0.0 0.0 0.0 0.0 0.0 0.0 0.1 0.4 1.0 1.7 2.6 4.0 5.7 7.6 9.5 10.9 11.7 11.6 10.5 8.6 6.2 3.8 1.8 0.5 0.0 0.0 0.0 0.0 0.0 0.0 0.0 0.0 0.0 0.0 0.0 0.0 0.0 0.0 0.2 0.6 1.1 0.0 0.0 0.0 0.0	0.4000 0.4632 0.5365 0.6213 0.7195 0.8332 0.9649 1.117 1.294 1.499 1.736 2.010 2.328 2.696 3.122 3.615 4.187 4.849 5.615 6.503 7.531 8.721 10.10 11.70 13.54 15.69 18.17 21.04 24.36 28.21 32.67 37.84 43.82 50.75 58.77 68.06 78.82 91.28 105.7 122.4 141.8 164.2 190.1 220.2 255.0 295.3 342.0 396.1 458.7 531.2 615.1 712.4 825.0 955.4 1106 1281 1484 1718 1990 2305 2669 3091 3580 4145 4801 5560 6439 7456 8635 1.000e4
30	Size	5 Extrusion POPC 0.2 mg_ml 40 degrees 3	10 February 2026 15:19:58	40.0	154.3	0.241	172.4	5329	0.000	98.6	1.4	0.0	74.55	371.8	0.000	0.0 0.0 0.0 0.0 0.0 0.0 0.0 0.0 0.0 0.0 0.0 0.0 0.0 0.0 0.0 0.0 0.0 0.0 0.0 0.0 0.0 0.0 0.0 0.0 0.0 0.0 0.0 0.0 0.0 0.0 0.0 0.0 0.3 0.9 1.7 2.8 4.2 5.9 7.9 9.9 11.4 12.3 12.0 10.7 8.5 5.8 3.1 1.1 0.1 0.0 0.0 0.0 0.0 0.0 0.0 0.0 0.0 0.0 0.0 0.0 0.0 0.0 0.0 0.0 0.4 1.0 0.0 0.0 0.0 0.0	0.4000 0.4632 0.5365 0.6213 0.7195 0.8332 0.9649 1.117 1.294 1.499 1.736 2.010 2.328 2.696 3.122 3.615 4.187 4.849 5.615 6.503 7.531 8.721 10.10 11.70 13.54 15.69 18.17 21.04 24.36 28.21 32.67 37.84 43.82 50.75 58.77 68.06 78.82 91.28 105.7 122.4 141.8 164.2 190.1 220.2 255.0 295.3 342.0 396.1 458.7 531.2 615.1 712.4 825.0 955.4 1106 1281 1484 1718 1990 2305 2669 3091 3580 4145 4801 5560 6439 7456 8635 1.000e4
31	Size	5 Extrusion POPC 0.2 mg_ml 60 degrees 1	10 February 2026 15:30:48	60.0	161.7	0.185	165.0	0.000	0.000	100.0	0.0	0.0	45.45	0.000	0.000	0.0 0.0 0.0 0.0 0.0 0.0 0.0 0.0 0.0 0.0 0.0 0.0 0.0 0.0 0.0 0.0 0.0 0.0 0.0 0.0 0.0 0.0 0.0 0.0 0.0 0.0 0.0 0.0 0.0 0.0 0.0 0.0 0.0 0.0 0.0 0.0 0.2 3.2 8.5 14.3 18.4 19.4 16.8 11.6 5.9 1.6 0.0 0.0 0.0 0.0 0.0 0.0 0.0 0.0 0.0 0.0 0.0 0.0 0.0 0.0 0.0 0.0 0.0 0.0 0.0 0.0 0.0 0.0 0.0 0.0	0.4000 0.4632 0.5365 0.6213 0.7195 0.8332 0.9649 1.117 1.294 1.499 1.736 2.010 2.328 2.696 3.122 3.615 4.187 4.849 5.615 6.503 7.531 8.721 10.10 11.70 13.54 15.69 18.17 21.04 24.36 28.21 32.67 37.84 43.82 50.75 58.77 68.06 78.82 91.28 105.7 122.4 141.8 164.2 190.1 220.2 255.0 295.3 342.0 396.1 458.7 531.2 615.1 712.4 825.0 955.4 1106 1281 1484 1718 1990 2305 2669 3091 3580 4145 4801 5560 6439 7456 8635 1.000e4
32	Size	5 Extrusion POPC 0.2 mg_ml 60 degrees 2	10 February 2026 15:33:51	60.0	158.1	0.152	165.2	0.000	0.000	100.0	0.0	0.0	47.08	0.000	0.000	0.0 0.0 0.0 0.0 0.0 0.0 0.0 0.0 0.0 0.0 0.0 0.0 0.0 0.0 0.0 0.0 0.0 0.0 0.0 0.0 0.0 0.0 0.0 0.0 0.0 0.0 0.0 0.0 0.0 0.0 0.0 0.0 0.0 0.0 0.0 0.0 0.6 3.7 8.7 14.1 17.8 18.7 16.4 11.7 6.3 2.0 0.0 0.0 0.0 0.0 0.0 0.0 0.0 0.0 0.0 0.0 0.0 0.0 0.0 0.0 0.0 0.0 0.0 0.0 0.0 0.0 0.0 0.0 0.0 0.0	0.4000 0.4632 0.5365 0.6213 0.7195 0.8332 0.9649 1.117 1.294 1.499 1.736 2.010 2.328 2.696 3.122 3.615 4.187 4.849 5.615 6.503 7.531 8.721 10.10 11.70 13.54 15.69 18.17 21.04 24.36 28.21 32.67 37.84 43.82 50.75 58.77 68.06 78.82 91.28 105.7 122.4 141.8 164.2 190.1 220.2 255.0 295.3 342.0 396.1 458.7 531.2 615.1 712.4 825.0 955.4 1106 1281 1484 1718 1990 2305 2669 3091 3580 4145 4801 5560 6439 7456 8635 1.000e4
33	Size	5 Extrusion POPC 0.2 mg_ml 60 degrees 3	10 February 2026 15:36:54	60.0	164.1	0.142	166.1	0.000	0.000	100.0	0.0	0.0	44.12	0.000	0.000	0.0 0.0 0.0 0.0 0.0 0.0 0.0 0.0 0.0 0.0 0.0 0.0 0.0 0.0 0.0 0.0 0.0 0.0 0.0 0.0 0.0 0.0 0.0 0.0 0.0 0.0 0.0 0.0 0.0 0.0 0.0 0.0 0.0 0.0 0.0 0.0 0.0 2.4 7.8 14.1 18.9 20.2 17.5 11.9 5.8 1.4 0.0 0.0 0.0 0.0 0.0 0.0 0.0 0.0 0.0 0.0 0.0 0.0 0.0 0.0 0.0 0.0 0.0 0.0 0.0 0.0 0.0 0.0 0.0 0.0	0.4000 0.4632 0.5365 0.6213 0.7195 0.8332 0.9649 1.117 1.294 1.499 1.736 2.010 2.328 2.696 3.122 3.615 4.187 4.849 5.615 6.503 7.531 8.721 10.10 11.70 13.54 15.69 18.17 21.04 24.36 28.21 32.67 37.84 43.82 50.75 58.77 68.06 78.82 91.28 105.7 122.4 141.8 164.2 190.1 220.2 255.0 295.3 342.0 396.1 458.7 531.2 615.1 712.4 825.0 955.4 1106 1281 1484 1718 1990 2305 2669 3091 3580 4145 4801 5560 6439 7456 8635 1.000e4
34	Size	5 Extrusion POPC 0.2 mg_ml 40 degrees 1	10 February 2026 15:48:51	40.0	148.9	0.284	164.7	4636	0.000	94.7	5.3	0.0	79.51	817.2	0.000	0.0 0.0 0.0 0.0 0.0 0.0 0.0 0.0 0.0 0.0 0.0 0.0 0.0 0.0 0.0 0.0 0.0 0.0 0.0 0.0 0.0 0.0 0.0 0.0 0.0 0.0 0.0 0.0 0.0 0.0 0.0 0.0 0.0 0.3 1.4 3.4 5.8 8.1 9.9 11.0 11.2 10.7 9.5 7.9 6.1 4.4 2.8 1.5 0.6 0.2 0.0 0.0 0.0 0.0 0.0 0.0 0.0 0.0 0.0 0.0 0.1 0.3 0.7 1.1 1.5 1.7 0.0 0.0 0.0 0.0	0.4000 0.4632 0.5365 0.6213 0.7195 0.8332 0.9649 1.117 1.294 1.499 1.736 2.010 2.328 2.696 3.122 3.615 4.187 4.849 5.615 6.503 7.531 8.721 10.10 11.70 13.54 15.69 18.17 21.04 24.36 28.21 32.67 37.84 43.82 50.75 58.77 68.06 78.82 91.28 105.7 122.4 141.8 164.2 190.1 220.2 255.0 295.3 342.0 396.1 458.7 531.2 615.1 712.4 825.0 955.4 1106 1281 1484 1718 1990 2305 2669 3091 3580 4145 4801 5560 6439 7456 8635 1.000e4
35	Size	5 Extrusion POPC 0.2 mg_ml 40 degrees 2	10 February 2026 15:51:43	40.0	154.0	0.311	176.9	4450	0.000	93.6	6.4	0.0	98.73	907.5	0.000	0.0 0.0 0.0 0.0 0.0 0.0 0.0 0.0 0.0 0.0 0.0 0.0 0.0 0.0 0.0 0.0 0.0 0.0 0.0 0.0 0.0 0.0 0.0 0.0 0.0 0.0 0.0 0.0 0.0 0.0 0.0 0.0 0.0 0.3 1.5 3.4 5.6 7.6 9.2 10.0 10.2 9.7 8.8 7.6 6.2 4.8 3.5 2.4 1.5 0.8 0.4 0.1 0.0 0.0 0.0 0.0 0.0 0.0 0.0 0.1 0.2 0.5 0.9 1.3 1.6 1.7 0.0 0.0 0.0 0.0	0.4000 0.4632 0.5365 0.6213 0.7195 0.8332 0.9649 1.117 1.294 1.499 1.736 2.010 2.328 2.696 3.122 3.615 4.187 4.849 5.615 6.503 7.531 8.721 10.10 11.70 13.54 15.69 18.17 21.04 24.36 28.21 32.67 37.84 43.82 50.75 58.77 68.06 78.82 91.28 105.7 122.4 141.8 164.2 190.1 220.2 255.0 295.3 342.0 396.1 458.7 531.2 615.1 712.4 825.0 955.4 1106 1281 1484 1718 1990 2305 2669 3091 3580 4145 4801 5560 6439 7456 8635 1.000e4
36	Size	5 Extrusion POPC 0.2 mg_ml 40 degrees 3	10 February 2026 15:54:36	40.0	155.4	0.245	167.3	5226	0.000	97.8	2.2	0.0	62.45	458.2	0.000	0.0 0.0 0.0 0.0 0.0 0.0 0.0 0.0 0.0 0.0 0.0 0.0 0.0 0.0 0.0 0.0 0.0 0.0 0.0 0.0 0.0 0.0 0.0 0.0 0.0 0.0 0.0 0.0 0.0 0.0 0.0 0.0 0.0 0.0 0.2 1.2 3.4 6.3 9.4 12.1 13.8 14.1 12.9 10.5 7.4 4.3 1.8 0.3 0.0 0.0 0.0 0.0 0.0 0.0 0.0 0.0 0.0 0.0 0.0 0.0 0.0 0.0 0.0 0.2 0.7 1.4 0.0 0.0 0.0 0.0	0.4000 0.4632 0.5365 0.6213 0.7195 0.8332 0.9649 1.117 1.294 1.499 1.736 2.010 2.328 2.696 3.122 3.615 4.187 4.849 5.615 6.503 7.531 8.721 10.10 11.70 13.54 15.69 18.17 21.04 24.36 28.21 32.67 37.84 43.82 50.75 58.77 68.06 78.82 91.28 105.7 122.4 141.8 164.2 190.1 220.2 255.0 295.3 342.0 396.1 458.7 531.2 615.1 712.4 825.0 955.4 1106 1281 1484 1718 1990 2305 2669 3091 3580 4145 4801 5560 6439 7456 8635 1.000e4
37	Size	31 Extrusion POPC 0.2 mg_ml 60 degrees 1	10 February 2026 16:10:20	60.0	102.5	0.103	113.4	0.000	0.000	100.0	0.0	0.0	37.58	0.000	0.000	0.0 0.0 0.0 0.0 0.0 0.0 0.0 0.0 0.0 0.0 0.0 0.0 0.0 0.0 0.0 0.0 0.0 0.0 0.0 0.0 0.0 0.0 0.0 0.0 0.0 0.0 0.0 0.0 0.0 0.0 0.0 0.0 0.0 0.7 3.6 8.1 12.6 15.6 16.6 15.3 12.3 8.4 4.7 1.8 0.3 0.0 0.0 0.0 0.0 0.0 0.0 0.0 0.0 0.0 0.0 0.0 0.0 0.0 0.0 0.0 0.0 0.0 0.0 0.0 0.0 0.0 0.0 0.0 0.0 0.0	0.4000 0.4632 0.5365 0.6213 0.7195 0.8332 0.9649 1.117 1.294 1.499 1.736 2.010 2.328 2.696 3.122 3.615 4.187 4.849 5.615 6.503 7.531 8.721 10.10 11.70 13.54 15.69 18.17 21.04 24.36 28.21 32.67 37.84 43.82 50.75 58.77 68.06 78.82 91.28 105.7 122.4 141.8 164.2 190.1 220.2 255.0 295.3 342.0 396.1 458.7 531.2 615.1 712.4 825.0 955.4 1106 1281 1484 1718 1990 2305 2669 3091 3580 4145 4801 5560 6439 7456 8635 1.000e4
38	Size	31 Extrusion POPC 0.2 mg_ml 60 degrees 2	10 February 2026 16:13:33	60.0	101.2	0.112	111.3	0.000	0.000	100.0	0.0	0.0	36.46	0.000	0.000	0.0 0.0 0.0 0.0 0.0 0.0 0.0 0.0 0.0 0.0 0.0 0.0 0.0 0.0 0.0 0.0 0.0 0.0 0.0 0.0 0.0 0.0 0.0 0.0 0.0 0.0 0.0 0.0 0.0 0.0 0.0 0.0 0.0 0.8 4.0 8.6 13.1 16.1 16.7 15.1 11.9 7.9 4.2 1.5 0.2 0.0 0.0 0.0 0.0 0.0 0.0 0.0 0.0 0.0 0.0 0.0 0.0 0.0 0.0 0.0 0.0 0.0 0.0 0.0 0.0 0.0 0.0 0.0 0.0 0.0	0.4000 0.4632 0.5365 0.6213 0.7195 0.8332 0.9649 1.117 1.294 1.499 1.736 2.010 2.328 2.696 3.122 3.615 4.187 4.849 5.615 6.503 7.531 8.721 10.10 11.70 13.54 15.69 18.17 21.04 24.36 28.21 32.67 37.84 43.82 50.75 58.77 68.06 78.82 91.28 105.7 122.4 141.8 164.2 190.1 220.2 255.0 295.3 342.0 396.1 458.7 531.2 615.1 712.4 825.0 955.4 1106 1281 1484 1718 1990 2305 2669 3091 3580 4145 4801 5560 6439 7456 8635 1.000e4
39	Size	31 Extrusion POPC 0.2 mg_ml 60 degrees 3	10 February 2026 16:16:45	60.0	102.3	0.094	112.8	0.000	0.000	100.0	0.0	0.0	35.93	0.000	0.000	0.0 0.0 0.0 0.0 0.0 0.0 0.0 0.0 0.0 0.0 0.0 0.0 0.0 0.0 0.0 0.0 0.0 0.0 0.0 0.0 0.0 0.0 0.0 0.0 0.0 0.0 0.0 0.0 0.0 0.0 0.0 0.0 0.0 0.4 3.3 7.9 12.6 16.0 17.1 15.8 12.6 8.4 4.4 1.5 0.1 0.0 0.0 0.0 0.0 0.0 0.0 0.0 0.0 0.0 0.0 0.0 0.0 0.0 0.0 0.0 0.0 0.0 0.0 0.0 0.0 0.0 0.0 0.0 0.0 0.0	0.4000 0.4632 0.5365 0.6213 0.7195 0.8332 0.9649 1.117 1.294 1.499 1.736 2.010 2.328 2.696 3.122 3.615 4.187 4.849 5.615 6.503 7.531 8.721 10.10 11.70 13.54 15.69 18.17 21.04 24.36 28.21 32.67 37.84 43.82 50.75 58.77 68.06 78.82 91.28 105.7 122.4 141.8 164.2 190.1 220.2 255.0 295.3 342.0 396.1 458.7 531.2 615.1 712.4 825.0 955.4 1106 1281 1484 1718 1990 2305 2669 3091 3580 4145 4801 5560 6439 7456 8635 1.000e4
40	Size	31 Extrusion POPC 0.2 mg_ml 50 degrees 1	10 February 2026 16:45:53	50.0	108.7	0.116	120.6	0.000	0.000	100.0	0.0	0.0	42.62	0.000	0.000	0.0 0.0 0.0 0.0 0.0 0.0 0.0 0.0 0.0 0.0 0.0 0.0 0.0 0.0 0.0 0.0 0.0 0.0 0.0 0.0 0.0 0.0 0.0 0.0 0.0 0.0 0.0 0.0 0.0 0.0 0.0 0.0 0.0 0.3 2.8 6.9 11.2 14.4 15.7 15.1 12.9 9.7 6.3 3.3 1.2 0.2 0.0 0.0 0.0 0.0 0.0 0.0 0.0 0.0 0.0 0.0 0.0 0.0 0.0 0.0 0.0 0.0 0.0 0.0 0.0 0.0 0.0 0.0 0.0 0.0	0.4000 0.4632 0.5365 0.6213 0.7195 0.8332 0.9649 1.117 1.294 1.499 1.736 2.010 2.328 2.696 3.122 3.615 4.187 4.849 5.615 6.503 7.531 8.721 10.10 11.70 13.54 15.69 18.17 21.04 24.36 28.21 32.67 37.84 43.82 50.75 58.77 68.06 78.82 91.28 105.7 122.4 141.8 164.2 190.1 220.2 255.0 295.3 342.0 396.1 458.7 531.2 615.1 712.4 825.0 955.4 1106 1281 1484 1718 1990 2305 2669 3091 3580 4145 4801 5560 6439 7456 8635 1.000e4
41	Size	31 Extrusion POPC 0.2 mg_ml 50 degrees 2	10 February 2026 16:48:56	50.0	107.8	0.130	125.6	0.000	0.000	100.0	0.0	0.0	52.03	0.000	0.000	0.0 0.0 0.0 0.0 0.0 0.0 0.0 0.0 0.0 0.0 0.0 0.0 0.0 0.0 0.0 0.0 0.0 0.0 0.0 0.0 0.0 0.0 0.0 0.0 0.0 0.0 0.0 0.0 0.0 0.0 0.0 0.0 0.1 1.6 4.2 7.3 10.3 12.4 13.4 13.2 11.9 9.7 7.2 4.7 2.6 1.1 0.2 0.0 0.0 0.0 0.0 0.0 0.0 0.0 0.0 0.0 0.0 0.0 0.0 0.0 0.0 0.0 0.0 0.0 0.0 0.0 0.0 0.0 0.0 0.0	0.4000 0.4632 0.5365 0.6213 0.7195 0.8332 0.9649 1.117 1.294 1.499 1.736 2.010 2.328 2.696 3.122 3.615 4.187 4.849 5.615 6.503 7.531 8.721 10.10 11.70 13.54 15.69 18.17 21.04 24.36 28.21 32.67 37.84 43.82 50.75 58.77 68.06 78.82 91.28 105.7 122.4 141.8 164.2 190.1 220.2 255.0 295.3 342.0 396.1 458.7 531.2 615.1 712.4 825.0 955.4 1106 1281 1484 1718 1990 2305 2669 3091 3580 4145 4801 5560 6439 7456 8635 1.000e4
42	Size	31 Extrusion POPC 0.2 mg_ml 50 degrees 3	10 February 2026 16:51:59	50.0	108.5	0.118	121.9	0.000	0.000	100.0	0.0	0.0	44.83	0.000	0.000	0.0 0.0 0.0 0.0 0.0 0.0 0.0 0.0 0.0 0.0 0.0 0.0 0.0 0.0 0.0 0.0 0.0 0.0 0.0 0.0 0.0 0.0 0.0 0.0 0.0 0.0 0.0 0.0 0.0 0.0 0.0 0.0 0.0 0.6 3.2 7.0 10.9 13.8 15.1 14.6 12.7 9.8 6.6 3.7 1.6 0.4 0.0 0.0 0.0 0.0 0.0 0.0 0.0 0.0 0.0 0.0 0.0 0.0 0.0 0.0 0.0 0.0 0.0 0.0 0.0 0.0 0.0 0.0 0.0 0.0	0.4000 0.4632 0.5365 0.6213 0.7195 0.8332 0.9649 1.117 1.294 1.499 1.736 2.010 2.328 2.696 3.122 3.615 4.187 4.849 5.615 6.503 7.531 8.721 10.10 11.70 13.54 15.69 18.17 21.04 24.36 28.21 32.67 37.84 43.82 50.75 58.77 68.06 78.82 91.28 105.7 122.4 141.8 164.2 190.1 220.2 255.0 295.3 342.0 396.1 458.7 531.2 615.1 712.4 825.0 955.4 1106 1281 1484 1718 1990 2305 2669 3091 3580 4145 4801 5560 6439 7456 8635 1.000e4
43	Size	31 Extrusion POPC 0.2 mg_ml 10 degrees 1	12 February 2026 09:23:35	10.0	94.01	0.120	102.3	0.000	0.000	100.0	0.0	0.0	33.36	0.000	0.000	0.0 0.0 0.0 0.0 0.0 0.0 0.0 0.0 0.0 0.0 0.0 0.0 0.0 0.0 0.0 0.0 0.0 0.0 0.0 0.0 0.0 0.0 0.0 0.0 0.0 0.0 0.0 0.0 0.0 0.0 0.0 0.0 0.0 2.2 6.6 11.4 15.2 16.9 16.1 13.4 9.6 5.6 2.5 0.6 0.0 0.0 0.0 0.0 0.0 0.0 0.0 0.0 0.0 0.0 0.0 0.0 0.0 0.0 0.0 0.0 0.0 0.0 0.0 0.0 0.0 0.0 0.0 0.0 0.0 0.0	0.4000 0.4632 0.5365 0.6213 0.7195 0.8332 0.9649 1.117 1.294 1.499 1.736 2.010 2.328 2.696 3.122 3.615 4.187 4.849 5.615 6.503 7.531 8.721 10.10 11.70 13.54 15.69 18.17 21.04 24.36 28.21 32.67 37.84 43.82 50.75 58.77 68.06 78.82 91.28 105.7 122.4 141.8 164.2 190.1 220.2 255.0 295.3 342.0 396.1 458.7 531.2 615.1 712.4 825.0 955.4 1106 1281 1484 1718 1990 2305 2669 3091 3580 4145 4801 5560 6439 7456 8635 1.000e4
44	Size	31 Extrusion POPC 0.2 mg_ml 10 degrees 2	12 February 2026 09:26:58	10.0	92.61	0.080	100.6	0.000	0.000	100.0	0.0	0.0	29.28	0.000	0.000	0.0 0.0 0.0 0.0 0.0 0.0 0.0 0.0 0.0 0.0 0.0 0.0 0.0 0.0 0.0 0.0 0.0 0.0 0.0 0.0 0.0 0.0 0.0 0.0 0.0 0.0 0.0 0.0 0.0 0.0 0.0 0.0 0.0 1.4 5.6 11.2 16.0 18.5 17.8 14.4 9.4 4.5 1.2 0.0 0.0 0.0 0.0 0.0 0.0 0.0 0.0 0.0 0.0 0.0 0.0 0.0 0.0 0.0 0.0 0.0 0.0 0.0 0.0 0.0 0.0 0.0 0.0 0.0 0.0 0.0	0.4000 0.4632 0.5365 0.6213 0.7195 0.8332 0.9649 1.117 1.294 1.499 1.736 2.010 2.328 2.696 3.122 3.615 4.187 4.849 5.615 6.503 7.531 8.721 10.10 11.70 13.54 15.69 18.17 21.04 24.36 28.21 32.67 37.84 43.82 50.75 58.77 68.06 78.82 91.28 105.7 122.4 141.8 164.2 190.1 220.2 255.0 295.3 342.0 396.1 458.7 531.2 615.1 712.4 825.0 955.4 1106 1281 1484 1718 1990 2305 2669 3091 3580 4145 4801 5560 6439 7456 8635 1.000e4
45	Size	31 Extrusion POPC 0.2 mg_ml 10 degrees 3	12 February 2026 09:30:21	10.0	93.65	0.095	103.1	0.000	0.000	100.0	0.0	0.0	32.78	0.000	0.000	0.0 0.0 0.0 0.0 0.0 0.0 0.0 0.0 0.0 0.0 0.0 0.0 0.0 0.0 0.0 0.0 0.0 0.0 0.0 0.0 0.0 0.0 0.0 0.0 0.0 0.0 0.0 0.0 0.0 0.0 0.0 0.0 0.0 1.7 5.9 11.0 15.2 17.2 16.6 13.9 9.9 5.7 2.4 0.5 0.0 0.0 0.0 0.0 0.0 0.0 0.0 0.0 0.0 0.0 0.0 0.0 0.0 0.0 0.0 0.0 0.0 0.0 0.0 0.0 0.0 0.0 0.0 0.0 0.0 0.0	0.4000 0.4632 0.5365 0.6213 0.7195 0.8332 0.9649 1.117 1.294 1.499 1.736 2.010 2.328 2.696 3.122 3.615 4.187 4.849 5.615 6.503 7.531 8.721 10.10 11.70 13.54 15.69 18.17 21.04 24.36 28.21 32.67 37.84 43.82 50.75 58.77 68.06 78.82 91.28 105.7 122.4 141.8 164.2 190.1 220.2 255.0 295.3 342.0 396.1 458.7 531.2 615.1 712.4 825.0 955.4 1106 1281 1484 1718 1990 2305 2669 3091 3580 4145 4801 5560 6439 7456 8635 1.000e4
46	Size	31 Extrusion POPC 0.2 mg_ml 20 degrees 1	12 February 2026 09:40:30	20.0	96.44	0.103	105.8	0.000	0.000	100.0	0.0	0.0	33.46	0.000	0.000	0.0 0.0 0.0 0.0 0.0 0.0 0.0 0.0 0.0 0.0 0.0 0.0 0.0 0.0 0.0 0.0 0.0 0.0 0.0 0.0 0.0 0.0 0.0 0.0 0.0 0.0 0.0 0.0 0.0 0.0 0.0 0.0 0.0 1.2 5.0 10.0 14.5 17.0 17.0 14.6 10.7 6.4 2.8 0.7 0.0 0.0 0.0 0.0 0.0 0.0 0.0 0.0 0.0 0.0 0.0 0.0 0.0 0.0 0.0 0.0 0.0 0.0 0.0 0.0 0.0 0.0 0.0 0.0 0.0 0.0	0.4000 0.4632 0.5365 0.6213 0.7195 0.8332 0.9649 1.117 1.294 1.499 1.736 2.010 2.328 2.696 3.122 3.615 4.187 4.849 5.615 6.503 7.531 8.721 10.10 11.70 13.54 15.69 18.17 21.04 24.36 28.21 32.67 37.84 43.82 50.75 58.77 68.06 78.82 91.28 105.7 122.4 141.8 164.2 190.1 220.2 255.0 295.3 342.0 396.1 458.7 531.2 615.1 712.4 825.0 955.4 1106 1281 1484 1718 1990 2305 2669 3091 3580 4145 4801 5560 6439 7456 8635 1.000e4
47	Size	31 Extrusion POPC 0.2 mg_ml 20 degrees 2	12 February 2026 09:43:53	20.0	94.83	0.099	105.7	0.000	0.000	100.0	0.0	0.0	35.76	0.000	0.000	0.0 0.0 0.0 0.0 0.0 0.0 0.0 0.0 0.0 0.0 0.0 0.0 0.0 0.0 0.0 0.0 0.0 0.0 0.0 0.0 0.0 0.0 0.0 0.0 0.0 0.0 0.0 0.0 0.0 0.0 0.0 0.0 0.3 2.4 6.0 10.2 13.8 15.8 15.8 13.9 10.6 6.8 3.4 1.0 0.0 0.0 0.0 0.0 0.0 0.0 0.0 0.0 0.0 0.0 0.0 0.0 0.0 0.0 0.0 0.0 0.0 0.0 0.0 0.0 0.0 0.0 0.0 0.0 0.0 0.0	0.4000 0.4632 0.5365 0.6213 0.7195 0.8332 0.9649 1.117 1.294 1.499 1.736 2.010 2.328 2.696 3.122 3.615 4.187 4.849 5.615 6.503 7.531 8.721 10.10 11.70 13.54 15.69 18.17 21.04 24.36 28.21 32.67 37.84 43.82 50.75 58.77 68.06 78.82 91.28 105.7 122.4 141.8 164.2 190.1 220.2 255.0 295.3 342.0 396.1 458.7 531.2 615.1 712.4 825.0 955.4 1106 1281 1484 1718 1990 2305 2669 3091 3580 4145 4801 5560 6439 7456 8635 1.000e4
48	Size	31 Extrusion POPC 0.2 mg_ml 20 degrees 3	12 February 2026 09:47:16	20.0	94.87	0.111	108.3	0.000	0.000	100.0	0.0	0.0	41.35	0.000	0.000	0.0 0.0 0.0 0.0 0.0 0.0 0.0 0.0 0.0 0.0 0.0 0.0 0.0 0.0 0.0 0.0 0.0 0.0 0.0 0.0 0.0 0.0 0.0 0.0 0.0 0.0 0.0 0.0 0.0 0.0 0.0 0.0 1.0 3.4 6.7 10.0 12.6 14.1 14.1 12.8 10.4 7.5 4.6 2.1 0.6 0.0 0.0 0.0 0.0 0.0 0.0 0.0 0.0 0.0 0.0 0.0 0.0 0.0 0.0 0.0 0.0 0.0 0.0 0.0 0.0 0.0 0.0 0.0 0.0 0.0	0.4000 0.4632 0.5365 0.6213 0.7195 0.8332 0.9649 1.117 1.294 1.499 1.736 2.010 2.328 2.696 3.122 3.615 4.187 4.849 5.615 6.503 7.531 8.721 10.10 11.70 13.54 15.69 18.17 21.04 24.36 28.21 32.67 37.84 43.82 50.75 58.77 68.06 78.82 91.28 105.7 122.4 141.8 164.2 190.1 220.2 255.0 295.3 342.0 396.1 458.7 531.2 615.1 712.4 825.0 955.4 1106 1281 1484 1718 1990 2305 2669 3091 3580 4145 4801 5560 6439 7456 8635 1.000e4
49	Size	31 Extrusion POPC 0.2 mg_ml 30 degrees 1	12 February 2026 09:58:08	30.0	98.14	0.101	108.2	0.000	0.000	100.0	0.0	0.0	35.29	0.000	0.000	0.0 0.0 0.0 0.0 0.0 0.0 0.0 0.0 0.0 0.0 0.0 0.0 0.0 0.0 0.0 0.0 0.0 0.0 0.0 0.0 0.0 0.0 0.0 0.0 0.0 0.0 0.0 0.0 0.0 0.0 0.0 0.0 0.0 1.2 4.8 9.5 13.8 16.3 16.6 14.7 11.2 7.2 3.6 1.1 0.0 0.0 0.0 0.0 0.0 0.0 0.0 0.0 0.0 0.0 0.0 0.0 0.0 0.0 0.0 0.0 0.0 0.0 0.0 0.0 0.0 0.0 0.0 0.0 0.0 0.0	0.4000 0.4632 0.5365 0.6213 0.7195 0.8332 0.9649 1.117 1.294 1.499 1.736 2.010 2.328 2.696 3.122 3.615 4.187 4.849 5.615 6.503 7.531 8.721 10.10 11.70 13.54 15.69 18.17 21.04 24.36 28.21 32.67 37.84 43.82 50.75 58.77 68.06 78.82 91.28 105.7 122.4 141.8 164.2 190.1 220.2 255.0 295.3 342.0 396.1 458.7 531.2 615.1 712.4 825.0 955.4 1106 1281 1484 1718 1990 2305 2669 3091 3580 4145 4801 5560 6439 7456 8635 1.000e4
50	Size	31 Extrusion POPC 0.2 mg_ml 30 degrees 2	12 February 2026 10:01:31	30.0	97.44	0.093	108.3	0.000	0.000	100.0	0.0	0.0	36.41	0.000	0.000	0.0 0.0 0.0 0.0 0.0 0.0 0.0 0.0 0.0 0.0 0.0 0.0 0.0 0.0 0.0 0.0 0.0 0.0 0.0 0.0 0.0 0.0 0.0 0.0 0.0 0.0 0.0 0.0 0.0 0.0 0.0 0.0 0.0 1.9 5.4 9.6 13.3 15.6 16.0 14.4 11.3 7.5 3.9 1.3 0.0 0.0 0.0 0.0 0.0 0.0 0.0 0.0 0.0 0.0 0.0 0.0 0.0 0.0 0.0 0.0 0.0 0.0 0.0 0.0 0.0 0.0 0.0 0.0 0.0 0.0	0.4000 0.4632 0.5365 0.6213 0.7195 0.8332 0.9649 1.117 1.294 1.499 1.736 2.010 2.328 2.696 3.122 3.615 4.187 4.849 5.615 6.503 7.531 8.721 10.10 11.70 13.54 15.69 18.17 21.04 24.36 28.21 32.67 37.84 43.82 50.75 58.77 68.06 78.82 91.28 105.7 122.4 141.8 164.2 190.1 220.2 255.0 295.3 342.0 396.1 458.7 531.2 615.1 712.4 825.0 955.4 1106 1281 1484 1718 1990 2305 2669 3091 3580 4145 4801 5560 6439 7456 8635 1.000e4
51	Size	31 Extrusion POPC 0.2 mg_ml 30 degrees 3	12 February 2026 10:04:53	30.0	97.63	0.086	106.6	0.000	0.000	100.0	0.0	0.0	32.26	0.000	0.000	0.0 0.0 0.0 0.0 0.0 0.0 0.0 0.0 0.0 0.0 0.0 0.0 0.0 0.0 0.0 0.0 0.0 0.0 0.0 0.0 0.0 0.0 0.0 0.0 0.0 0.0 0.0 0.0 0.0 0.0 0.0 0.0 0.0 0.5 4.1 9.5 14.6 17.6 17.8 15.3 11.1 6.4 2.6 0.5 0.0 0.0 0.0 0.0 0.0 0.0 0.0 0.0 0.0 0.0 0.0 0.0 0.0 0.0 0.0 0.0 0.0 0.0 0.0 0.0 0.0 0.0 0.0 0.0 0.0 0.0	0.4000 0.4632 0.5365 0.6213 0.7195 0.8332 0.9649 1.117 1.294 1.499 1.736 2.010 2.328 2.696 3.122 3.615 4.187 4.849 5.615 6.503 7.531 8.721 10.10 11.70 13.54 15.69 18.17 21.04 24.36 28.21 32.67 37.84 43.82 50.75 58.77 68.06 78.82 91.28 105.7 122.4 141.8 164.2 190.1 220.2 255.0 295.3 342.0 396.1 458.7 531.2 615.1 712.4 825.0 955.4 1106 1281 1484 1718 1990 2305 2669 3091 3580 4145 4801 5560 6439 7456 8635 1.000e4
52	Size	31 Extrusion POPC 0.2 mg_ml 40 degrees 1	12 February 2026 10:15:58	40.0	99.31	0.069	105.9	0.000	0.000	100.0	0.0	0.0	26.62	0.000	0.000	0.0 0.0 0.0 0.0 0.0 0.0 0.0 0.0 0.0 0.0 0.0 0.0 0.0 0.0 0.0 0.0 0.0 0.0 0.0 0.0 0.0 0.0 0.0 0.0 0.0 0.0 0.0 0.0 0.0 0.0 0.0 0.0 0.0 0.0 1.5 7.3 14.8 20.2 21.3 17.8 11.4 4.9 0.8 0.0 0.0 0.0 0.0 0.0 0.0 0.0 0.0 0.0 0.0 0.0 0.0 0.0 0.0 0.0 0.0 0.0 0.0 0.0 0.0 0.0 0.0 0.0 0.0 0.0 0.0 0.0	0.4000 0.4632 0.5365 0.6213 0.7195 0.8332 0.9649 1.117 1.294 1.499 1.736 2.010 2.328 2.696 3.122 3.615 4.187 4.849 5.615 6.503 7.531 8.721 10.10 11.70 13.54 15.69 18.17 21.04 24.36 28.21 32.67 37.84 43.82 50.75 58.77 68.06 78.82 91.28 105.7 122.4 141.8 164.2 190.1 220.2 255.0 295.3 342.0 396.1 458.7 531.2 615.1 712.4 825.0 955.4 1106 1281 1484 1718 1990 2305 2669 3091 3580 4145 4801 5560 6439 7456 8635 1.000e4
53	Size	31 Extrusion POPC 0.2 mg_ml 40 degrees 2	12 February 2026 10:19:21	40.0	100.4	0.089	110.8	0.000	0.000	100.0	0.0	0.0	35.97	0.000	0.000	0.0 0.0 0.0 0.0 0.0 0.0 0.0 0.0 0.0 0.0 0.0 0.0 0.0 0.0 0.0 0.0 0.0 0.0 0.0 0.0 0.0 0.0 0.0 0.0 0.0 0.0 0.0 0.0 0.0 0.0 0.0 0.0 0.0 1.0 4.1 8.6 13.0 15.9 16.7 15.2 12.0 8.0 4.1 1.3 0.1 0.0 0.0 0.0 0.0 0.0 0.0 0.0 0.0 0.0 0.0 0.0 0.0 0.0 0.0 0.0 0.0 0.0 0.0 0.0 0.0 0.0 0.0 0.0 0.0 0.0	0.4000 0.4632 0.5365 0.6213 0.7195 0.8332 0.9649 1.117 1.294 1.499 1.736 2.010 2.328 2.696 3.122 3.615 4.187 4.849 5.615 6.503 7.531 8.721 10.10 11.70 13.54 15.69 18.17 21.04 24.36 28.21 32.67 37.84 43.82 50.75 58.77 68.06 78.82 91.28 105.7 122.4 141.8 164.2 190.1 220.2 255.0 295.3 342.0 396.1 458.7 531.2 615.1 712.4 825.0 955.4 1106 1281 1484 1718 1990 2305 2669 3091 3580 4145 4801 5560 6439 7456 8635 1.000e4
54	Size	31 Extrusion POPC 0.2 mg_ml 40 degrees 3	12 February 2026 10:22:44	40.0	100.1	0.081	109.0	0.000	0.000	100.0	0.0	0.0	32.45	0.000	0.000	0.0 0.0 0.0 0.0 0.0 0.0 0.0 0.0 0.0 0.0 0.0 0.0 0.0 0.0 0.0 0.0 0.0 0.0 0.0 0.0 0.0 0.0 0.0 0.0 0.0 0.0 0.0 0.0 0.0 0.0 0.0 0.0 0.0 0.1 3.2 8.5 13.9 17.4 18.2 16.1 11.9 7.1 3.0 0.6 0.0 0.0 0.0 0.0 0.0 0.0 0.0 0.0 0.0 0.0 0.0 0.0 0.0 0.0 0.0 0.0 0.0 0.0 0.0 0.0 0.0 0.0 0.0 0.0 0.0 0.0	0.4000 0.4632 0.5365 0.6213 0.7195 0.8332 0.9649 1.117 1.294 1.499 1.736 2.010 2.328 2.696 3.122 3.615 4.187 4.849 5.615 6.503 7.531 8.721 10.10 11.70 13.54 15.69 18.17 21.04 24.36 28.21 32.67 37.84 43.82 50.75 58.77 68.06 78.82 91.28 105.7 122.4 141.8 164.2 190.1 220.2 255.0 295.3 342.0 396.1 458.7 531.2 615.1 712.4 825.0 955.4 1106 1281 1484 1718 1990 2305 2669 3091 3580 4145 4801 5560 6439 7456 8635 1.000e4
55	Size	31 Extrusion POPC 0.2 mg_ml 50 degrees 1	12 February 2026 10:33:37	50.0	102.4	0.083	112.6	0.000	0.000	100.0	0.0	0.0	35.82	0.000	0.000	0.0 0.0 0.0 0.0 0.0 0.0 0.0 0.0 0.0 0.0 0.0 0.0 0.0 0.0 0.0 0.0 0.0 0.0 0.0 0.0 0.0 0.0 0.0 0.0 0.0 0.0 0.0 0.0 0.0 0.0 0.0 0.0 0.0 0.8 3.6 7.8 12.3 15.6 16.9 15.9 12.8 8.6 4.4 1.4 0.0 0.0 0.0 0.0 0.0 0.0 0.0 0.0 0.0 0.0 0.0 0.0 0.0 0.0 0.0 0.0 0.0 0.0 0.0 0.0 0.0 0.0 0.0 0.0 0.0 0.0	0.4000 0.4632 0.5365 0.6213 0.7195 0.8332 0.9649 1.117 1.294 1.499 1.736 2.010 2.328 2.696 3.122 3.615 4.187 4.849 5.615 6.503 7.531 8.721 10.10 11.70 13.54 15.69 18.17 21.04 24.36 28.21 32.67 37.84 43.82 50.75 58.77 68.06 78.82 91.28 105.7 122.4 141.8 164.2 190.1 220.2 255.0 295.3 342.0 396.1 458.7 531.2 615.1 712.4 825.0 955.4 1106 1281 1484 1718 1990 2305 2669 3091 3580 4145 4801 5560 6439 7456 8635 1.000e4
56	Size	31 Extrusion POPC 0.2 mg_ml 50 degrees 2	12 February 2026 10:36:59	50.0	102.7	0.069	111.1	0.000	0.000	100.0	0.0	0.0	31.92	0.000	0.000	0.0 0.0 0.0 0.0 0.0 0.0 0.0 0.0 0.0 0.0 0.0 0.0 0.0 0.0 0.0 0.0 0.0 0.0 0.0 0.0 0.0 0.0 0.0 0.0 0.0 0.0 0.0 0.0 0.0 0.0 0.0 0.0 0.0 0.0 2.3 7.3 13.0 17.3 18.8 17.1 12.9 7.7 3.1 0.5 0.0 0.0 0.0 0.0 0.0 0.0 0.0 0.0 0.0 0.0 0.0 0.0 0.0 0.0 0.0 0.0 0.0 0.0 0.0 0.0 0.0 0.0 0.0 0.0 0.0 0.0	0.4000 0.4632 0.5365 0.6213 0.7195 0.8332 0.9649 1.117 1.294 1.499 1.736 2.010 2.328 2.696 3.122 3.615 4.187 4.849 5.615 6.503 7.531 8.721 10.10 11.70 13.54 15.69 18.17 21.04 24.36 28.21 32.67 37.84 43.82 50.75 58.77 68.06 78.82 91.28 105.7 122.4 141.8 164.2 190.1 220.2 255.0 295.3 342.0 396.1 458.7 531.2 615.1 712.4 825.0 955.4 1106 1281 1484 1718 1990 2305 2669 3091 3580 4145 4801 5560 6439 7456 8635 1.000e4
57	Size	31 Extrusion POPC 0.2 mg_ml 50 degrees 3	12 February 2026 10:40:22	50.0	103.8	0.073	113.2	0.000	0.000	100.0	0.0	0.0	34.60	0.000	0.000	0.0 0.0 0.0 0.0 0.0 0.0 0.0 0.0 0.0 0.0 0.0 0.0 0.0 0.0 0.0 0.0 0.0 0.0 0.0 0.0 0.0 0.0 0.0 0.0 0.0 0.0 0.0 0.0 0.0 0.0 0.0 0.0 0.0 0.2 2.8 7.4 12.4 16.2 17.7 16.5 13.1 8.5 4.2 1.2 0.0 0.0 0.0 0.0 0.0 0.0 0.0 0.0 0.0 0.0 0.0 0.0 0.0 0.0 0.0 0.0 0.0 0.0 0.0 0.0 0.0 0.0 0.0 0.0 0.0 0.0	0.4000 0.4632 0.5365 0.6213 0.7195 0.8332 0.9649 1.117 1.294 1.499 1.736 2.010 2.328 2.696 3.122 3.615 4.187 4.849 5.615 6.503 7.531 8.721 10.10 11.70 13.54 15.69 18.17 21.04 24.36 28.21 32.67 37.84 43.82 50.75 58.77 68.06 78.82 91.28 105.7 122.4 141.8 164.2 190.1 220.2 255.0 295.3 342.0 396.1 458.7 531.2 615.1 712.4 825.0 955.4 1106 1281 1484 1718 1990 2305 2669 3091 3580 4145 4801 5560 6439 7456 8635 1.000e4
58	Size	31 Extrusion POPC 0.2 mg_ml 60 degrees 1	12 February 2026 10:51:11	60.0	108.9	0.016	113.1	0.000	0.000	100.0	0.0	0.0	26.32	0.000	0.000	0.0 0.0 0.0 0.0 0.0 0.0 0.0 0.0 0.0 0.0 0.0 0.0 0.0 0.0 0.0 0.0 0.0 0.0 0.0 0.0 0.0 0.0 0.0 0.0 0.0 0.0 0.0 0.0 0.0 0.0 0.0 0.0 0.0 0.0 0.0 3.2 10.7 18.6 22.9 21.4 15.0 7.0 1.3 0.0 0.0 0.0 0.0 0.0 0.0 0.0 0.0 0.0 0.0 0.0 0.0 0.0 0.0 0.0 0.0 0.0 0.0 0.0 0.0 0.0 0.0 0.0 0.0 0.0 0.0 0.0	0.4000 0.4632 0.5365 0.6213 0.7195 0.8332 0.9649 1.117 1.294 1.499 1.736 2.010 2.328 2.696 3.122 3.615 4.187 4.849 5.615 6.503 7.531 8.721 10.10 11.70 13.54 15.69 18.17 21.04 24.36 28.21 32.67 37.84 43.82 50.75 58.77 68.06 78.82 91.28 105.7 122.4 141.8 164.2 190.1 220.2 255.0 295.3 342.0 396.1 458.7 531.2 615.1 712.4 825.0 955.4 1106 1281 1484 1718 1990 2305 2669 3091 3580 4145 4801 5560 6439 7456 8635 1.000e4
59	Size	31 Extrusion POPC 0.2 mg_ml 60 degrees 2	12 February 2026 10:54:24	60.0	108.1	0.002	112.7	0.000	0.000	100.0	0.0	0.0	26.41	0.000	0.000	0.0 0.0 0.0 0.0 0.0 0.0 0.0 0.0 0.0 0.0 0.0 0.0 0.0 0.0 0.0 0.0 0.0 0.0 0.0 0.0 0.0 0.0 0.0 0.0 0.0 0.0 0.0 0.0 0.0 0.0 0.0 0.0 0.0 0.0 0.0 3.4 11.0 18.8 22.8 21.1 14.7 6.9 1.3 0.0 0.0 0.0 0.0 0.0 0.0 0.0 0.0 0.0 0.0 0.0 0.0 0.0 0.0 0.0 0.0 0.0 0.0 0.0 0.0 0.0 0.0 0.0 0.0 0.0 0.0 0.0	0.4000 0.4632 0.5365 0.6213 0.7195 0.8332 0.9649 1.117 1.294 1.499 1.736 2.010 2.328 2.696 3.122 3.615 4.187 4.849 5.615 6.503 7.531 8.721 10.10 11.70 13.54 15.69 18.17 21.04 24.36 28.21 32.67 37.84 43.82 50.75 58.77 68.06 78.82 91.28 105.7 122.4 141.8 164.2 190.1 220.2 255.0 295.3 342.0 396.1 458.7 531.2 615.1 712.4 825.0 955.4 1106 1281 1484 1718 1990 2305 2669 3091 3580 4145 4801 5560 6439 7456 8635 1.000e4
60	Size	31 Extrusion POPC 0.2 mg_ml 60 degrees 3	12 February 2026 10:57:36	60.0	108.7	0.011	113.2	0.000	0.000	100.0	0.0	0.0	27.28	0.000	0.000	0.0 0.0 0.0 0.0 0.0 0.0 0.0 0.0 0.0 0.0 0.0 0.0 0.0 0.0 0.0 0.0 0.0 0.0 0.0 0.0 0.0 0.0 0.0 0.0 0.0 0.0 0.0 0.0 0.0 0.0 0.0 0.0 0.0 0.0 0.0 3.8 11.1 18.4 22.1 20.6 14.8 7.3 1.8 0.0 0.0 0.0 0.0 0.0 0.0 0.0 0.0 0.0 0.0 0.0 0.0 0.0 0.0 0.0 0.0 0.0 0.0 0.0 0.0 0.0 0.0 0.0 0.0 0.0 0.0 0.0	0.4000 0.4632 0.5365 0.6213 0.7195 0.8332 0.9649 1.117 1.294 1.499 1.736 2.010 2.328 2.696 3.122 3.615 4.187 4.849 5.615 6.503 7.531 8.721 10.10 11.70 13.54 15.69 18.17 21.04 24.36 28.21 32.67 37.84 43.82 50.75 58.77 68.06 78.82 91.28 105.7 122.4 141.8 164.2 190.1 220.2 255.0 295.3 342.0 396.1 458.7 531.2 615.1 712.4 825.0 955.4 1106 1281 1484 1718 1990 2305 2669 3091 3580 4145 4801 5560 6439 7456 8635 1.000e4
61	Size	10 Extrusion POPC 0.2 mg_ml 10 degrees 1	12 February 2026 11:16:09	10.0	118.2	0.138	133.9	0.000	0.000	100.0	0.0	0.0	52.34	0.000	0.000	0.0 0.0 0.0 0.0 0.0 0.0 0.0 0.0 0.0 0.0 0.0 0.0 0.0 0.0 0.0 0.0 0.0 0.0 0.0 0.0 0.0 0.0 0.0 0.0 0.0 0.0 0.0 0.0 0.0 0.0 0.0 0.0 0.0 0.1 2.0 5.3 9.0 12.1 14.0 14.3 13.3 11.1 8.4 5.6 3.2 1.4 0.4 0.0 0.0 0.0 0.0 0.0 0.0 0.0 0.0 0.0 0.0 0.0 0.0 0.0 0.0 0.0 0.0 0.0 0.0 0.0 0.0 0.0 0.0 0.0	0.4000 0.4632 0.5365 0.6213 0.7195 0.8332 0.9649 1.117 1.294 1.499 1.736 2.010 2.328 2.696 3.122 3.615 4.187 4.849 5.615 6.503 7.531 8.721 10.10 11.70 13.54 15.69 18.17 21.04 24.36 28.21 32.67 37.84 43.82 50.75 58.77 68.06 78.82 91.28 105.7 122.4 141.8 164.2 190.1 220.2 255.0 295.3 342.0 396.1 458.7 531.2 615.1 712.4 825.0 955.4 1106 1281 1484 1718 1990 2305 2669 3091 3580 4145 4801 5560 6439 7456 8635 1.000e4
62	Size	10 Extrusion POPC 0.2 mg_ml 10 degrees 2	12 February 2026 11:19:01	10.0	118.7	0.117	136.7	0.000	0.000	100.0	0.0	0.0	53.75	0.000	0.000	0.0 0.0 0.0 0.0 0.0 0.0 0.0 0.0 0.0 0.0 0.0 0.0 0.0 0.0 0.0 0.0 0.0 0.0 0.0 0.0 0.0 0.0 0.0 0.0 0.0 0.0 0.0 0.0 0.0 0.0 0.0 0.0 0.0 0.7 2.4 5.0 8.0 10.8 12.9 13.8 13.4 11.8 9.3 6.4 3.6 1.5 0.3 0.0 0.0 0.0 0.0 0.0 0.0 0.0 0.0 0.0 0.0 0.0 0.0 0.0 0.0 0.0 0.0 0.0 0.0 0.0 0.0 0.0 0.0 0.0	0.4000 0.4632 0.5365 0.6213 0.7195 0.8332 0.9649 1.117 1.294 1.499 1.736 2.010 2.328 2.696 3.122 3.615 4.187 4.849 5.615 6.503 7.531 8.721 10.10 11.70 13.54 15.69 18.17 21.04 24.36 28.21 32.67 37.84 43.82 50.75 58.77 68.06 78.82 91.28 105.7 122.4 141.8 164.2 190.1 220.2 255.0 295.3 342.0 396.1 458.7 531.2 615.1 712.4 825.0 955.4 1106 1281 1484 1718 1990 2305 2669 3091 3580 4145 4801 5560 6439 7456 8635 1.000e4
63	Size	10 Extrusion POPC 0.2 mg_ml 10 degrees 3	12 February 2026 11:21:54	10.0	117.5	0.136	132.1	0.000	0.000	100.0	0.0	0.0	50.10	0.000	0.000	0.0 0.0 0.0 0.0 0.0 0.0 0.0 0.0 0.0 0.0 0.0 0.0 0.0 0.0 0.0 0.0 0.0 0.0 0.0 0.0 0.0 0.0 0.0 0.0 0.0 0.0 0.0 0.0 0.0 0.0 0.0 0.0 0.0 0.2 2.0 5.3 9.0 12.3 14.2 14.6 13.5 11.2 8.3 5.3 2.8 1.0 0.2 0.0 0.0 0.0 0.0 0.0 0.0 0.0 0.0 0.0 0.0 0.0 0.0 0.0 0.0 0.0 0.0 0.0 0.0 0.0 0.0 0.0 0.0 0.0	0.4000 0.4632 0.5365 0.6213 0.7195 0.8332 0.9649 1.117 1.294 1.499 1.736 2.010 2.328 2.696 3.122 3.615 4.187 4.849 5.615 6.503 7.531 8.721 10.10 11.70 13.54 15.69 18.17 21.04 24.36 28.21 32.67 37.84 43.82 50.75 58.77 68.06 78.82 91.28 105.7 122.4 141.8 164.2 190.1 220.2 255.0 295.3 342.0 396.1 458.7 531.2 615.1 712.4 825.0 955.4 1106 1281 1484 1718 1990 2305 2669 3091 3580 4145 4801 5560 6439 7456 8635 1.000e4
64	Size	10 Extrusion POPC 0.2 mg_ml 20 degrees 1	12 February 2026 12:09:29	20.0	121.6	0.151	135.2	4646	0.000	98.5	1.5	0.0	52.13	806.8	0.000	0.0 0.0 0.0 0.0 0.0 0.0 0.0 0.0 0.0 0.0 0.0 0.0 0.0 0.0 0.0 0.0 0.0 0.0 0.0 0.0 0.0 0.0 0.0 0.0 0.0 0.0 0.0 0.0 0.0 0.0 0.0 0.0 0.0 0.0 1.6 4.8 8.5 11.8 13.8 14.3 13.3 11.2 8.5 5.7 3.2 1.4 0.3 0.0 0.0 0.0 0.0 0.0 0.0 0.0 0.0 0.0 0.0 0.0 0.0 0.0 0.0 0.1 0.2 0.3 0.4 0.5 0.0 0.0 0.0 0.0	0.4000 0.4632 0.5365 0.6213 0.7195 0.8332 0.9649 1.117 1.294 1.499 1.736 2.010 2.328 2.696 3.122 3.615 4.187 4.849 5.615 6.503 7.531 8.721 10.10 11.70 13.54 15.69 18.17 21.04 24.36 28.21 32.67 37.84 43.82 50.75 58.77 68.06 78.82 91.28 105.7 122.4 141.8 164.2 190.1 220.2 255.0 295.3 342.0 396.1 458.7 531.2 615.1 712.4 825.0 955.4 1106 1281 1484 1718 1990 2305 2669 3091 3580 4145 4801 5560 6439 7456 8635 1.000e4
65	Size	10 Extrusion POPC 0.2 mg_ml 20 degrees 2	12 February 2026 12:12:21	20.0	119.9	0.163	129.6	4841	0.000	98.2	1.8	0.0	45.43	703.6	0.000	0.0 0.0 0.0 0.0 0.0 0.0 0.0 0.0 0.0 0.0 0.0 0.0 0.0 0.0 0.0 0.0 0.0 0.0 0.0 0.0 0.0 0.0 0.0 0.0 0.0 0.0 0.0 0.0 0.0 0.0 0.0 0.0 0.0 0.0 1.4 4.7 8.8 12.6 15.0 15.4 14.0 11.3 7.9 4.6 2.0 0.5 0.0 0.0 0.0 0.0 0.0 0.0 0.0 0.0 0.0 0.0 0.0 0.0 0.0 0.0 0.0 0.0 0.2 0.3 0.5 0.7 0.0 0.0 0.0 0.0	0.4000 0.4632 0.5365 0.6213 0.7195 0.8332 0.9649 1.117 1.294 1.499 1.736 2.010 2.328 2.696 3.122 3.615 4.187 4.849 5.615 6.503 7.531 8.721 10.10 11.70 13.54 15.69 18.17 21.04 24.36 28.21 32.67 37.84 43.82 50.75 58.77 68.06 78.82 91.28 105.7 122.4 141.8 164.2 190.1 220.2 255.0 295.3 342.0 396.1 458.7 531.2 615.1 712.4 825.0 955.4 1106 1281 1484 1718 1990 2305 2669 3091 3580 4145 4801 5560 6439 7456 8635 1.000e4
66	Size	10 Extrusion POPC 0.2 mg_ml 20 degrees 3	12 February 2026 12:15:14	20.0	121.7	0.143	136.5	0.000	0.000	100.0	0.0	0.0	52.85	0.000	0.000	0.0 0.0 0.0 0.0 0.0 0.0 0.0 0.0 0.0 0.0 0.0 0.0 0.0 0.0 0.0 0.0 0.0 0.0 0.0 0.0 0.0 0.0 0.0 0.0 0.0 0.0 0.0 0.0 0.0 0.0 0.0 0.0 0.0 0.0 1.6 4.8 8.4 11.7 13.8 14.4 13.5 11.6 8.9 6.0 3.4 1.5 0.4 0.0 0.0 0.0 0.0 0.0 0.0 0.0 0.0 0.0 0.0 0.0 0.0 0.0 0.0 0.0 0.0 0.0 0.0 0.0 0.0 0.0 0.0 0.0	0.4000 0.4632 0.5365 0.6213 0.7195 0.8332 0.9649 1.117 1.294 1.499 1.736 2.010 2.328 2.696 3.122 3.615 4.187 4.849 5.615 6.503 7.531 8.721 10.10 11.70 13.54 15.69 18.17 21.04 24.36 28.21 32.67 37.84 43.82 50.75 58.77 68.06 78.82 91.28 105.7 122.4 141.8 164.2 190.1 220.2 255.0 295.3 342.0 396.1 458.7 531.2 615.1 712.4 825.0 955.4 1106 1281 1484 1718 1990 2305 2669 3091 3580 4145 4801 5560 6439 7456 8635 1.000e4
67	Size	10 Extrusion POPC 0.2 mg_ml 30 degrees 1	12 February 2026 12:25:22	30.0	127.6	0.176	145.2	5043	0.000	98.9	1.1	0.0	61.24	584.4	0.000	0.0 0.0 0.0 0.0 0.0 0.0 0.0 0.0 0.0 0.0 0.0 0.0 0.0 0.0 0.0 0.0 0.0 0.0 0.0 0.0 0.0 0.0 0.0 0.0 0.0 0.0 0.0 0.0 0.0 0.0 0.0 0.0 0.0 0.3 1.9 4.4 7.4 10.1 12.0 13.0 12.8 11.5 9.6 7.2 4.7 2.6 1.1 0.3 0.0 0.0 0.0 0.0 0.0 0.0 0.0 0.0 0.0 0.0 0.0 0.0 0.0 0.0 0.0 0.2 0.3 0.5 0.0 0.0 0.0 0.0	0.4000 0.4632 0.5365 0.6213 0.7195 0.8332 0.9649 1.117 1.294 1.499 1.736 2.010 2.328 2.696 3.122 3.615 4.187 4.849 5.615 6.503 7.531 8.721 10.10 11.70 13.54 15.69 18.17 21.04 24.36 28.21 32.67 37.84 43.82 50.75 58.77 68.06 78.82 91.28 105.7 122.4 141.8 164.2 190.1 220.2 255.0 295.3 342.0 396.1 458.7 531.2 615.1 712.4 825.0 955.4 1106 1281 1484 1718 1990 2305 2669 3091 3580 4145 4801 5560 6439 7456 8635 1.000e4
68	Size	10 Extrusion POPC 0.2 mg_ml 30 degrees 2	12 February 2026 12:28:14	30.0	125.8	0.152	150.7	0.000	0.000	100.0	0.0	0.0	67.33	0.000	0.000	0.0 0.0 0.0 0.0 0.0 0.0 0.0 0.0 0.0 0.0 0.0 0.0 0.0 0.0 0.0 0.0 0.0 0.0 0.0 0.0 0.0 0.0 0.0 0.0 0.0 0.0 0.0 0.0 0.0 0.0 0.0 0.0 0.1 0.8 2.3 4.5 6.9 9.3 11.1 12.2 12.3 11.5 9.9 7.8 5.6 3.4 1.7 0.6 0.1 0.0 0.0 0.0 0.0 0.0 0.0 0.0 0.0 0.0 0.0 0.0 0.0 0.0 0.0 0.0 0.0 0.0 0.0 0.0 0.0 0.0	0.4000 0.4632 0.5365 0.6213 0.7195 0.8332 0.9649 1.117 1.294 1.499 1.736 2.010 2.328 2.696 3.122 3.615 4.187 4.849 5.615 6.503 7.531 8.721 10.10 11.70 13.54 15.69 18.17 21.04 24.36 28.21 32.67 37.84 43.82 50.75 58.77 68.06 78.82 91.28 105.7 122.4 141.8 164.2 190.1 220.2 255.0 295.3 342.0 396.1 458.7 531.2 615.1 712.4 825.0 955.4 1106 1281 1484 1718 1990 2305 2669 3091 3580 4145 4801 5560 6439 7456 8635 1.000e4
69	Size	10 Extrusion POPC 0.2 mg_ml 30 degrees 3	12 February 2026 12:31:07	30.0	123.6	0.168	134.2	4935	0.000	98.3	1.7	0.0	48.07	645.0	0.000	0.0 0.0 0.0 0.0 0.0 0.0 0.0 0.0 0.0 0.0 0.0 0.0 0.0 0.0 0.0 0.0 0.0 0.0 0.0 0.0 0.0 0.0 0.0 0.0 0.0 0.0 0.0 0.0 0.0 0.0 0.0 0.0 0.0 0.0 1.3 4.2 8.0 11.6 14.1 15.0 14.2 11.9 8.8 5.5 2.7 0.8 0.0 0.0 0.0 0.0 0.0 0.0 0.0 0.0 0.0 0.0 0.0 0.0 0.0 0.0 0.0 0.0 0.1 0.3 0.5 0.8 0.0 0.0 0.0 0.0	0.4000 0.4632 0.5365 0.6213 0.7195 0.8332 0.9649 1.117 1.294 1.499 1.736 2.010 2.328 2.696 3.122 3.615 4.187 4.849 5.615 6.503 7.531 8.721 10.10 11.70 13.54 15.69 18.17 21.04 24.36 28.21 32.67 37.84 43.82 50.75 58.77 68.06 78.82 91.28 105.7 122.4 141.8 164.2 190.1 220.2 255.0 295.3 342.0 396.1 458.7 531.2 615.1 712.4 825.0 955.4 1106 1281 1484 1718 1990 2305 2669 3091 3580 4145 4801 5560 6439 7456 8635 1.000e4
70	Size	10 Extrusion POPC 0.2 mg_ml 40 degrees 1	12 February 2026 12:43:44	40.0	127.8	0.144	151.5	0.000	0.000	100.0	0.0	0.0	65.00	0.000	0.000	0.0 0.0 0.0 0.0 0.0 0.0 0.0 0.0 0.0 0.0 0.0 0.0 0.0 0.0 0.0 0.0 0.0 0.0 0.0 0.0 0.0 0.0 0.0 0.0 0.0 0.0 0.0 0.0 0.0 0.0 0.0 0.0 0.2 0.9 2.2 4.0 6.3 8.7 10.8 12.2 12.7 12.1 10.6 8.4 5.8 3.4 1.5 0.4 0.0 0.0 0.0 0.0 0.0 0.0 0.0 0.0 0.0 0.0 0.0 0.0 0.0 0.0 0.0 0.0 0.0 0.0 0.0 0.0 0.0 0.0	0.4000 0.4632 0.5365 0.6213 0.7195 0.8332 0.9649 1.117 1.294 1.499 1.736 2.010 2.328 2.696 3.122 3.615 4.187 4.849 5.615 6.503 7.531 8.721 10.10 11.70 13.54 15.69 18.17 21.04 24.36 28.21 32.67 37.84 43.82 50.75 58.77 68.06 78.82 91.28 105.7 122.4 141.8 164.2 190.1 220.2 255.0 295.3 342.0 396.1 458.7 531.2 615.1 712.4 825.0 955.4 1106 1281 1484 1718 1990 2305 2669 3091 3580 4145 4801 5560 6439 7456 8635 1.000e4
71	Size	10 Extrusion POPC 0.2 mg_ml 40 degrees 2	12 February 2026 12:46:47	40.0	125.6	0.138	138.9	0.000	0.000	100.0	0.0	0.0	49.42	0.000	0.000	0.0 0.0 0.0 0.0 0.0 0.0 0.0 0.0 0.0 0.0 0.0 0.0 0.0 0.0 0.0 0.0 0.0 0.0 0.0 0.0 0.0 0.0 0.0 0.0 0.0 0.0 0.0 0.0 0.0 0.0 0.0 0.0 0.0 0.0 0.7 3.3 7.1 11.0 14.0 15.4 14.9 12.9 9.8 6.3 3.3 1.1 0.1 0.0 0.0 0.0 0.0 0.0 0.0 0.0 0.0 0.0 0.0 0.0 0.0 0.0 0.0 0.0 0.0 0.0 0.0 0.0 0.0 0.0 0.0 0.0	0.4000 0.4632 0.5365 0.6213 0.7195 0.8332 0.9649 1.117 1.294 1.499 1.736 2.010 2.328 2.696 3.122 3.615 4.187 4.849 5.615 6.503 7.531 8.721 10.10 11.70 13.54 15.69 18.17 21.04 24.36 28.21 32.67 37.84 43.82 50.75 58.77 68.06 78.82 91.28 105.7 122.4 141.8 164.2 190.1 220.2 255.0 295.3 342.0 396.1 458.7 531.2 615.1 712.4 825.0 955.4 1106 1281 1484 1718 1990 2305 2669 3091 3580 4145 4801 5560 6439 7456 8635 1.000e4
72	Size	10 Extrusion POPC 0.2 mg_ml 40 degrees 3	12 February 2026 12:49:50	40.0	125.6	0.116	143.7	0.000	0.000	100.0	0.0	0.0	54.82	0.000	0.000	0.0 0.0 0.0 0.0 0.0 0.0 0.0 0.0 0.0 0.0 0.0 0.0 0.0 0.0 0.0 0.0 0.0 0.0 0.0 0.0 0.0 0.0 0.0 0.0 0.0 0.0 0.0 0.0 0.0 0.0 0.0 0.0 0.0 0.0 1.2 3.7 6.9 10.2 12.8 14.1 14.1 12.7 10.2 7.3 4.3 2.0 0.5 0.0 0.0 0.0 0.0 0.0 0.0 0.0 0.0 0.0 0.0 0.0 0.0 0.0 0.0 0.0 0.0 0.0 0.0 0.0 0.0 0.0 0.0 0.0	0.4000 0.4632 0.5365 0.6213 0.7195 0.8332 0.9649 1.117 1.294 1.499 1.736 2.010 2.328 2.696 3.122 3.615 4.187 4.849 5.615 6.503 7.531 8.721 10.10 11.70 13.54 15.69 18.17 21.04 24.36 28.21 32.67 37.84 43.82 50.75 58.77 68.06 78.82 91.28 105.7 122.4 141.8 164.2 190.1 220.2 255.0 295.3 342.0 396.1 458.7 531.2 615.1 712.4 825.0 955.4 1106 1281 1484 1718 1990 2305 2669 3091 3580 4145 4801 5560 6439 7456 8635 1.000e4
73	Size	10 Extrusion POPC 0.2 mg_ml 50 degrees 1	12 February 2026 13:00:15	50.0	131.2	0.142	153.3	0.000	0.000	100.0	0.0	0.0	65.80	0.000	0.000	0.0 0.0 0.0 0.0 0.0 0.0 0.0 0.0 0.0 0.0 0.0 0.0 0.0 0.0 0.0 0.0 0.0 0.0 0.0 0.0 0.0 0.0 0.0 0.0 0.0 0.0 0.0 0.0 0.0 0.0 0.0 0.0 0.0 0.0 1.2 3.6 6.6 9.5 11.7 12.8 12.9 12.0 10.2 8.0 5.6 3.5 1.7 0.6 0.1 0.0 0.0 0.0 0.0 0.0 0.0 0.0 0.0 0.0 0.0 0.0 0.0 0.0 0.0 0.0 0.0 0.0 0.0 0.0 0.0 0.0	0.4000 0.4632 0.5365 0.6213 0.7195 0.8332 0.9649 1.117 1.294 1.499 1.736 2.010 2.328 2.696 3.122 3.615 4.187 4.849 5.615 6.503 7.531 8.721 10.10 11.70 13.54 15.69 18.17 21.04 24.36 28.21 32.67 37.84 43.82 50.75 58.77 68.06 78.82 91.28 105.7 122.4 141.8 164.2 190.1 220.2 255.0 295.3 342.0 396.1 458.7 531.2 615.1 712.4 825.0 955.4 1106 1281 1484 1718 1990 2305 2669 3091 3580 4145 4801 5560 6439 7456 8635 1.000e4
74	Size	10 Extrusion POPC 0.2 mg_ml 50 degrees 2	12 February 2026 13:03:07	50.0	130.9	0.115	150.0	0.000	0.000	100.0	0.0	0.0	57.51	0.000	0.000	0.0 0.0 0.0 0.0 0.0 0.0 0.0 0.0 0.0 0.0 0.0 0.0 0.0 0.0 0.0 0.0 0.0 0.0 0.0 0.0 0.0 0.0 0.0 0.0 0.0 0.0 0.0 0.0 0.0 0.0 0.0 0.0 0.0 0.1 1.0 3.1 5.9 9.0 11.7 13.5 14.1 13.2 11.2 8.4 5.3 2.6 0.8 0.0 0.0 0.0 0.0 0.0 0.0 0.0 0.0 0.0 0.0 0.0 0.0 0.0 0.0 0.0 0.0 0.0 0.0 0.0 0.0 0.0 0.0 0.0	0.4000 0.4632 0.5365 0.6213 0.7195 0.8332 0.9649 1.117 1.294 1.499 1.736 2.010 2.328 2.696 3.122 3.615 4.187 4.849 5.615 6.503 7.531 8.721 10.10 11.70 13.54 15.69 18.17 21.04 24.36 28.21 32.67 37.84 43.82 50.75 58.77 68.06 78.82 91.28 105.7 122.4 141.8 164.2 190.1 220.2 255.0 295.3 342.0 396.1 458.7 531.2 615.1 712.4 825.0 955.4 1106 1281 1484 1718 1990 2305 2669 3091 3580 4145 4801 5560 6439 7456 8635 1.000e4
75	Size	10 Extrusion POPC 0.2 mg_ml 50 degrees 3	12 February 2026 13:06:00	50.0	131.3	0.140	154.5	0.000	0.000	100.0	0.0	0.0	59.65	0.000	0.000	0.0 0.0 0.0 0.0 0.0 0.0 0.0 0.0 0.0 0.0 0.0 0.0 0.0 0.0 0.0 0.0 0.0 0.0 0.0 0.0 0.0 0.0 0.0 0.0 0.0 0.0 0.0 0.0 0.0 0.0 0.0 0.0 0.0 0.1 1.0 2.8 5.3 8.2 11.0 13.0 13.9 13.5 11.7 9.1 6.0 3.1 1.1 0.1 0.0 0.0 0.0 0.0 0.0 0.0 0.0 0.0 0.0 0.0 0.0 0.0 0.0 0.0 0.0 0.0 0.0 0.0 0.0 0.0 0.0 0.0	0.4000 0.4632 0.5365 0.6213 0.7195 0.8332 0.9649 1.117 1.294 1.499 1.736 2.010 2.328 2.696 3.122 3.615 4.187 4.849 5.615 6.503 7.531 8.721 10.10 11.70 13.54 15.69 18.17 21.04 24.36 28.21 32.67 37.84 43.82 50.75 58.77 68.06 78.82 91.28 105.7 122.4 141.8 164.2 190.1 220.2 255.0 295.3 342.0 396.1 458.7 531.2 615.1 712.4 825.0 955.4 1106 1281 1484 1718 1990 2305 2669 3091 3580 4145 4801 5560 6439 7456 8635 1.000e4
76	Size	10 Extrusion POPC 0.2 mg_ml 60 degrees 1	12 February 2026 14:08:28	60.0	139.1	0.018	147.6	0.000	0.000	100.0	0.0	0.0	39.14	0.000	0.000	0.0 0.0 0.0 0.0 0.0 0.0 0.0 0.0 0.0 0.0 0.0 0.0 0.0 0.0 0.0 0.0 0.0 0.0 0.0 0.0 0.0 0.0 0.0 0.0 0.0 0.0 0.0 0.0 0.0 0.0 0.0 0.0 0.0 0.0 0.0 0.0 1.7 6.5 12.9 18.1 20.2 18.3 13.2 7.0 2.1 0.0 0.0 0.0 0.0 0.0 0.0 0.0 0.0 0.0 0.0 0.0 0.0 0.0 0.0 0.0 0.0 0.0 0.0 0.0 0.0 0.0 0.0 0.0 0.0 0.0	0.4000 0.4632 0.5365 0.6213 0.7195 0.8332 0.9649 1.117 1.294 1.499 1.736 2.010 2.328 2.696 3.122 3.615 4.187 4.849 5.615 6.503 7.531 8.721 10.10 11.70 13.54 15.69 18.17 21.04 24.36 28.21 32.67 37.84 43.82 50.75 58.77 68.06 78.82 91.28 105.7 122.4 141.8 164.2 190.1 220.2 255.0 295.3 342.0 396.1 458.7 531.2 615.1 712.4 825.0 955.4 1106 1281 1484 1718 1990 2305 2669 3091 3580 4145 4801 5560 6439 7456 8635 1.000e4
77	Size	10 Extrusion POPC 0.2 mg_ml 60 degrees 2	12 February 2026 14:11:20	60.0	140.4	0.002	147.0	0.000	0.000	100.0	0.0	0.0	36.58	0.000	0.000	0.0 0.0 0.0 0.0 0.0 0.0 0.0 0.0 0.0 0.0 0.0 0.0 0.0 0.0 0.0 0.0 0.0 0.0 0.0 0.0 0.0 0.0 0.0 0.0 0.0 0.0 0.0 0.0 0.0 0.0 0.0 0.0 0.0 0.0 0.0 0.0 0.7 5.6 13.0 19.2 21.6 19.2 13.1 6.2 1.3 0.0 0.0 0.0 0.0 0.0 0.0 0.0 0.0 0.0 0.0 0.0 0.0 0.0 0.0 0.0 0.0 0.0 0.0 0.0 0.0 0.0 0.0 0.0 0.0 0.0	0.4000 0.4632 0.5365 0.6213 0.7195 0.8332 0.9649 1.117 1.294 1.499 1.736 2.010 2.328 2.696 3.122 3.615 4.187 4.849 5.615 6.503 7.531 8.721 10.10 11.70 13.54 15.69 18.17 21.04 24.36 28.21 32.67 37.84 43.82 50.75 58.77 68.06 78.82 91.28 105.7 122.4 141.8 164.2 190.1 220.2 255.0 295.3 342.0 396.1 458.7 531.2 615.1 712.4 825.0 955.4 1106 1281 1484 1718 1990 2305 2669 3091 3580 4145 4801 5560 6439 7456 8635 1.000e4
78	Size	10 Extrusion POPC 0.2 mg_ml 60 degrees 3	12 February 2026 14:14:13	60.0	135.8	0.143	130.3	0.000	0.000	100.0	0.0	0.0	29.53	0.000	0.000	0.0 0.0 0.0 0.0 0.0 0.0 0.0 0.0 0.0 0.0 0.0 0.0 0.0 0.0 0.0 0.0 0.0 0.0 0.0 0.0 0.0 0.0 0.0 0.0 0.0 0.0 0.0 0.0 0.0 0.0 0.0 0.0 0.0 0.0 0.0 0.0 3.0 10.6 18.9 23.4 21.8 14.9 6.5 0.8 0.0 0.0 0.0 0.0 0.0 0.0 0.0 0.0 0.0 0.0 0.0 0.0 0.0 0.0 0.0 0.0 0.0 0.0 0.0 0.0 0.0 0.0 0.0 0.0 0.0 0.0	0.4000 0.4632 0.5365 0.6213 0.7195 0.8332 0.9649 1.117 1.294 1.499 1.736 2.010 2.328 2.696 3.122 3.615 4.187 4.849 5.615 6.503 7.531 8.721 10.10 11.70 13.54 15.69 18.17 21.04 24.36 28.21 32.67 37.84 43.82 50.75 58.77 68.06 78.82 91.28 105.7 122.4 141.8 164.2 190.1 220.2 255.0 295.3 342.0 396.1 458.7 531.2 615.1 712.4 825.0 955.4 1106 1281 1484 1718 1990 2305 2669 3091 3580 4145 4801 5560 6439 7456 8635 1.000e4
79	Size	15 Extrusion POPC 0.2 mg_ml 10 degrees 1	12 February 2026 14:53:03	10.0	111.0	0.105	123.5	0.000	0.000	100.0	0.0	0.0	41.00	0.000	0.000	0.0 0.0 0.0 0.0 0.0 0.0 0.0 0.0 0.0 0.0 0.0 0.0 0.0 0.0 0.0 0.0 0.0 0.0 0.0 0.0 0.0 0.0 0.0 0.0 0.0 0.0 0.0 0.0 0.0 0.0 0.0 0.0 0.0 0.0 1.8 5.6 10.1 14.0 16.1 16.1 14.1 10.8 6.9 3.4 1.0 0.0 0.0 0.0 0.0 0.0 0.0 0.0 0.0 0.0 0.0 0.0 0.0 0.0 0.0 0.0 0.0 0.0 0.0 0.0 0.0 0.0 0.0 0.0 0.0 0.0	0.4000 0.4632 0.5365 0.6213 0.7195 0.8332 0.9649 1.117 1.294 1.499 1.736 2.010 2.328 2.696 3.122 3.615 4.187 4.849 5.615 6.503 7.531 8.721 10.10 11.70 13.54 15.69 18.17 21.04 24.36 28.21 32.67 37.84 43.82 50.75 58.77 68.06 78.82 91.28 105.7 122.4 141.8 164.2 190.1 220.2 255.0 295.3 342.0 396.1 458.7 531.2 615.1 712.4 825.0 955.4 1106 1281 1484 1718 1990 2305 2669 3091 3580 4145 4801 5560 6439 7456 8635 1.000e4
80	Size	15 Extrusion POPC 0.2 mg_ml 10 degrees 2	12 February 2026 14:55:56	10.0	111.1	0.091	122.0	0.000	0.000	100.0	0.0	0.0	37.88	0.000	0.000	0.0 0.0 0.0 0.0 0.0 0.0 0.0 0.0 0.0 0.0 0.0 0.0 0.0 0.0 0.0 0.0 0.0 0.0 0.0 0.0 0.0 0.0 0.0 0.0 0.0 0.0 0.0 0.0 0.0 0.0 0.0 0.0 0.0 0.0 1.4 5.0 9.9 14.3 17.0 17.2 14.9 10.9 6.4 2.6 0.4 0.0 0.0 0.0 0.0 0.0 0.0 0.0 0.0 0.0 0.0 0.0 0.0 0.0 0.0 0.0 0.0 0.0 0.0 0.0 0.0 0.0 0.0 0.0 0.0 0.0	0.4000 0.4632 0.5365 0.6213 0.7195 0.8332 0.9649 1.117 1.294 1.499 1.736 2.010 2.328 2.696 3.122 3.615 4.187 4.849 5.615 6.503 7.531 8.721 10.10 11.70 13.54 15.69 18.17 21.04 24.36 28.21 32.67 37.84 43.82 50.75 58.77 68.06 78.82 91.28 105.7 122.4 141.8 164.2 190.1 220.2 255.0 295.3 342.0 396.1 458.7 531.2 615.1 712.4 825.0 955.4 1106 1281 1484 1718 1990 2305 2669 3091 3580 4145 4801 5560 6439 7456 8635 1.000e4
81	Size	15 Extrusion POPC 0.2 mg_ml 10 degrees 3	12 February 2026 14:58:48	10.0	111.5	0.068	120.6	0.000	0.000	100.0	0.0	0.0	34.75	0.000	0.000	0.0 0.0 0.0 0.0 0.0 0.0 0.0 0.0 0.0 0.0 0.0 0.0 0.0 0.0 0.0 0.0 0.0 0.0 0.0 0.0 0.0 0.0 0.0 0.0 0.0 0.0 0.0 0.0 0.0 0.0 0.0 0.0 0.0 0.0 0.8 4.3 9.8 15.0 18.2 18.3 15.5 10.8 5.6 1.7 0.0 0.0 0.0 0.0 0.0 0.0 0.0 0.0 0.0 0.0 0.0 0.0 0.0 0.0 0.0 0.0 0.0 0.0 0.0 0.0 0.0 0.0 0.0 0.0 0.0 0.0	0.4000 0.4632 0.5365 0.6213 0.7195 0.8332 0.9649 1.117 1.294 1.499 1.736 2.010 2.328 2.696 3.122 3.615 4.187 4.849 5.615 6.503 7.531 8.721 10.10 11.70 13.54 15.69 18.17 21.04 24.36 28.21 32.67 37.84 43.82 50.75 58.77 68.06 78.82 91.28 105.7 122.4 141.8 164.2 190.1 220.2 255.0 295.3 342.0 396.1 458.7 531.2 615.1 712.4 825.0 955.4 1106 1281 1484 1718 1990 2305 2669 3091 3580 4145 4801 5560 6439 7456 8635 1.000e4
82	Size	15 Extrusion POPC 0.2 mg_ml 20 degrees 1	12 February 2026 15:08:33	20.0	115.6	0.108	131.2	0.000	0.000	100.0	0.0	0.0	48.54	0.000	0.000	0.0 0.0 0.0 0.0 0.0 0.0 0.0 0.0 0.0 0.0 0.0 0.0 0.0 0.0 0.0 0.0 0.0 0.0 0.0 0.0 0.0 0.0 0.0 0.0 0.0 0.0 0.0 0.0 0.0 0.0 0.0 0.0 0.0 0.5 2.3 5.3 8.7 11.8 14.0 14.7 13.8 11.6 8.6 5.4 2.6 0.7 0.0 0.0 0.0 0.0 0.0 0.0 0.0 0.0 0.0 0.0 0.0 0.0 0.0 0.0 0.0 0.0 0.0 0.0 0.0 0.0 0.0 0.0 0.0 0.0	0.4000 0.4632 0.5365 0.6213 0.7195 0.8332 0.9649 1.117 1.294 1.499 1.736 2.010 2.328 2.696 3.122 3.615 4.187 4.849 5.615 6.503 7.531 8.721 10.10 11.70 13.54 15.69 18.17 21.04 24.36 28.21 32.67 37.84 43.82 50.75 58.77 68.06 78.82 91.28 105.7 122.4 141.8 164.2 190.1 220.2 255.0 295.3 342.0 396.1 458.7 531.2 615.1 712.4 825.0 955.4 1106 1281 1484 1718 1990 2305 2669 3091 3580 4145 4801 5560 6439 7456 8635 1.000e4
83	Size	15 Extrusion POPC 0.2 mg_ml 20 degrees 2	12 February 2026 15:11:26	20.0	115.5	0.115	131.3	0.000	0.000	100.0	0.0	0.0	48.48	0.000	0.000	0.0 0.0 0.0 0.0 0.0 0.0 0.0 0.0 0.0 0.0 0.0 0.0 0.0 0.0 0.0 0.0 0.0 0.0 0.0 0.0 0.0 0.0 0.0 0.0 0.0 0.0 0.0 0.0 0.0 0.0 0.0 0.0 0.0 0.5 2.3 5.2 8.7 11.8 14.0 14.7 13.9 11.7 8.6 5.4 2.6 0.7 0.0 0.0 0.0 0.0 0.0 0.0 0.0 0.0 0.0 0.0 0.0 0.0 0.0 0.0 0.0 0.0 0.0 0.0 0.0 0.0 0.0 0.0 0.0 0.0	0.4000 0.4632 0.5365 0.6213 0.7195 0.8332 0.9649 1.117 1.294 1.499 1.736 2.010 2.328 2.696 3.122 3.615 4.187 4.849 5.615 6.503 7.531 8.721 10.10 11.70 13.54 15.69 18.17 21.04 24.36 28.21 32.67 37.84 43.82 50.75 58.77 68.06 78.82 91.28 105.7 122.4 141.8 164.2 190.1 220.2 255.0 295.3 342.0 396.1 458.7 531.2 615.1 712.4 825.0 955.4 1106 1281 1484 1718 1990 2305 2669 3091 3580 4145 4801 5560 6439 7456 8635 1.000e4
84	Size	15 Extrusion POPC 0.2 mg_ml 20 degrees 3	12 February 2026 15:14:18	20.0	115.1	0.112	130.7	0.000	0.000	100.0	0.0	0.0	48.58	0.000	0.000	0.0 0.0 0.0 0.0 0.0 0.0 0.0 0.0 0.0 0.0 0.0 0.0 0.0 0.0 0.0 0.0 0.0 0.0 0.0 0.0 0.0 0.0 0.0 0.0 0.0 0.0 0.0 0.0 0.0 0.0 0.0 0.0 0.0 0.3 2.1 5.4 9.1 12.3 14.3 14.7 13.6 11.3 8.3 5.2 2.6 0.8 0.0 0.0 0.0 0.0 0.0 0.0 0.0 0.0 0.0 0.0 0.0 0.0 0.0 0.0 0.0 0.0 0.0 0.0 0.0 0.0 0.0 0.0 0.0 0.0	0.4000 0.4632 0.5365 0.6213 0.7195 0.8332 0.9649 1.117 1.294 1.499 1.736 2.010 2.328 2.696 3.122 3.615 4.187 4.849 5.615 6.503 7.531 8.721 10.10 11.70 13.54 15.69 18.17 21.04 24.36 28.21 32.67 37.84 43.82 50.75 58.77 68.06 78.82 91.28 105.7 122.4 141.8 164.2 190.1 220.2 255.0 295.3 342.0 396.1 458.7 531.2 615.1 712.4 825.0 955.4 1106 1281 1484 1718 1990 2305 2669 3091 3580 4145 4801 5560 6439 7456 8635 1.000e4
85	Size	15 Extrusion POPC 0.2 mg_ml 30 degrees 1	12 February 2026 15:23:42	30.0	117.7	0.136	127.6	0.000	0.000	100.0	0.0	0.0	41.96	0.000	0.000	0.0 0.0 0.0 0.0 0.0 0.0 0.0 0.0 0.0 0.0 0.0 0.0 0.0 0.0 0.0 0.0 0.0 0.0 0.0 0.0 0.0 0.0 0.0 0.0 0.0 0.0 0.0 0.0 0.0 0.0 0.0 0.0 0.0 0.0 1.0 4.3 9.0 13.4 16.1 16.6 14.9 11.6 7.6 4.0 1.4 0.1 0.0 0.0 0.0 0.0 0.0 0.0 0.0 0.0 0.0 0.0 0.0 0.0 0.0 0.0 0.0 0.0 0.0 0.0 0.0 0.0 0.0 0.0 0.0 0.0	0.4000 0.4632 0.5365 0.6213 0.7195 0.8332 0.9649 1.117 1.294 1.499 1.736 2.010 2.328 2.696 3.122 3.615 4.187 4.849 5.615 6.503 7.531 8.721 10.10 11.70 13.54 15.69 18.17 21.04 24.36 28.21 32.67 37.84 43.82 50.75 58.77 68.06 78.82 91.28 105.7 122.4 141.8 164.2 190.1 220.2 255.0 295.3 342.0 396.1 458.7 531.2 615.1 712.4 825.0 955.4 1106 1281 1484 1718 1990 2305 2669 3091 3580 4145 4801 5560 6439 7456 8635 1.000e4
86	Size	15 Extrusion POPC 0.2 mg_ml 30 degrees 2	12 February 2026 15:26:35	30.0	118.6	0.093	130.6	0.000	0.000	100.0	0.0	0.0	40.97	0.000	0.000	0.0 0.0 0.0 0.0 0.0 0.0 0.0 0.0 0.0 0.0 0.0 0.0 0.0 0.0 0.0 0.0 0.0 0.0 0.0 0.0 0.0 0.0 0.0 0.0 0.0 0.0 0.0 0.0 0.0 0.0 0.0 0.0 0.0 0.0 0.5 3.3 7.7 12.5 15.9 17.2 16.0 12.8 8.5 4.3 1.3 0.0 0.0 0.0 0.0 0.0 0.0 0.0 0.0 0.0 0.0 0.0 0.0 0.0 0.0 0.0 0.0 0.0 0.0 0.0 0.0 0.0 0.0 0.0 0.0 0.0	0.4000 0.4632 0.5365 0.6213 0.7195 0.8332 0.9649 1.117 1.294 1.499 1.736 2.010 2.328 2.696 3.122 3.615 4.187 4.849 5.615 6.503 7.531 8.721 10.10 11.70 13.54 15.69 18.17 21.04 24.36 28.21 32.67 37.84 43.82 50.75 58.77 68.06 78.82 91.28 105.7 122.4 141.8 164.2 190.1 220.2 255.0 295.3 342.0 396.1 458.7 531.2 615.1 712.4 825.0 955.4 1106 1281 1484 1718 1990 2305 2669 3091 3580 4145 4801 5560 6439 7456 8635 1.000e4
87	Size	15 Extrusion POPC 0.2 mg_ml 30 degrees 3	12 February 2026 15:29:27	30.0	118.1	0.209	119.0	0.000	0.000	100.0	0.0	0.0	33.30	0.000	0.000	0.0 0.0 0.0 0.0 0.0 0.0 0.0 0.0 0.0 0.0 0.0 0.0 0.0 0.0 0.0 0.0 0.0 0.0 0.0 0.0 0.0 0.0 0.0 0.0 0.0 0.0 0.0 0.0 0.0 0.0 0.0 0.0 0.0 0.0 0.6 4.3 10.1 15.6 18.9 18.8 15.5 10.2 4.8 1.2 0.0 0.0 0.0 0.0 0.0 0.0 0.0 0.0 0.0 0.0 0.0 0.0 0.0 0.0 0.0 0.0 0.0 0.0 0.0 0.0 0.0 0.0 0.0 0.0 0.0 0.0	0.4000 0.4632 0.5365 0.6213 0.7195 0.8332 0.9649 1.117 1.294 1.499 1.736 2.010 2.328 2.696 3.122 3.615 4.187 4.849 5.615 6.503 7.531 8.721 10.10 11.70 13.54 15.69 18.17 21.04 24.36 28.21 32.67 37.84 43.82 50.75 58.77 68.06 78.82 91.28 105.7 122.4 141.8 164.2 190.1 220.2 255.0 295.3 342.0 396.1 458.7 531.2 615.1 712.4 825.0 955.4 1106 1281 1484 1718 1990 2305 2669 3091 3580 4145 4801 5560 6439 7456 8635 1.000e4
88	Size	15 Extrusion POPC 0.2 mg_ml 40 degrees 1	12 February 2026 15:39:36	40.0	119.3	0.112	134.2	0.000	0.000	100.0	0.0	0.0	48.25	0.000	0.000	0.0 0.0 0.0 0.0 0.0 0.0 0.0 0.0 0.0 0.0 0.0 0.0 0.0 0.0 0.0 0.0 0.0 0.0 0.0 0.0 0.0 0.0 0.0 0.0 0.0 0.0 0.0 0.0 0.0 0.0 0.0 0.0 0.0 0.0 1.3 4.3 8.2 11.8 14.4 15.2 14.4 12.1 8.9 5.6 2.8 0.9 0.0 0.0 0.0 0.0 0.0 0.0 0.0 0.0 0.0 0.0 0.0 0.0 0.0 0.0 0.0 0.0 0.0 0.0 0.0 0.0 0.0 0.0 0.0 0.0	0.4000 0.4632 0.5365 0.6213 0.7195 0.8332 0.9649 1.117 1.294 1.499 1.736 2.010 2.328 2.696 3.122 3.615 4.187 4.849 5.615 6.503 7.531 8.721 10.10 11.70 13.54 15.69 18.17 21.04 24.36 28.21 32.67 37.84 43.82 50.75 58.77 68.06 78.82 91.28 105.7 122.4 141.8 164.2 190.1 220.2 255.0 295.3 342.0 396.1 458.7 531.2 615.1 712.4 825.0 955.4 1106 1281 1484 1718 1990 2305 2669 3091 3580 4145 4801 5560 6439 7456 8635 1.000e4
89	Size	15 Extrusion POPC 0.2 mg_ml 40 degrees 2	12 February 2026 15:42:29	40.0	124.0	0.148	136.4	4981	0.000	98.9	1.1	0.0	49.81	617.5	0.000	0.0 0.0 0.0 0.0 0.0 0.0 0.0 0.0 0.0 0.0 0.0 0.0 0.0 0.0 0.0 0.0 0.0 0.0 0.0 0.0 0.0 0.0 0.0 0.0 0.0 0.0 0.0 0.0 0.0 0.0 0.0 0.0 0.0 0.0 1.0 3.9 7.8 11.6 14.2 15.1 14.2 12.0 9.0 5.8 3.0 1.1 0.2 0.0 0.0 0.0 0.0 0.0 0.0 0.0 0.0 0.0 0.0 0.0 0.0 0.0 0.0 0.0 0.1 0.2 0.4 0.5 0.0 0.0 0.0 0.0	0.4000 0.4632 0.5365 0.6213 0.7195 0.8332 0.9649 1.117 1.294 1.499 1.736 2.010 2.328 2.696 3.122 3.615 4.187 4.849 5.615 6.503 7.531 8.721 10.10 11.70 13.54 15.69 18.17 21.04 24.36 28.21 32.67 37.84 43.82 50.75 58.77 68.06 78.82 91.28 105.7 122.4 141.8 164.2 190.1 220.2 255.0 295.3 342.0 396.1 458.7 531.2 615.1 712.4 825.0 955.4 1106 1281 1484 1718 1990 2305 2669 3091 3580 4145 4801 5560 6439 7456 8635 1.000e4
90	Size	15 Extrusion POPC 0.2 mg_ml 40 degrees 3	12 February 2026 15:45:22	40.0	122.3	0.130	142.0	0.000	0.000	100.0	0.0	0.0	56.82	0.000	0.000	0.0 0.0 0.0 0.0 0.0 0.0 0.0 0.0 0.0 0.0 0.0 0.0 0.0 0.0 0.0 0.0 0.0 0.0 0.0 0.0 0.0 0.0 0.0 0.0 0.0 0.0 0.0 0.0 0.0 0.0 0.0 0.0 0.0 0.6 2.1 4.5 7.3 10.1 12.3 13.4 13.4 12.1 9.9 7.2 4.4 2.1 0.6 0.0 0.0 0.0 0.0 0.0 0.0 0.0 0.0 0.0 0.0 0.0 0.0 0.0 0.0 0.0 0.0 0.0 0.0 0.0 0.0 0.0 0.0 0.0	0.4000 0.4632 0.5365 0.6213 0.7195 0.8332 0.9649 1.117 1.294 1.499 1.736 2.010 2.328 2.696 3.122 3.615 4.187 4.849 5.615 6.503 7.531 8.721 10.10 11.70 13.54 15.69 18.17 21.04 24.36 28.21 32.67 37.84 43.82 50.75 58.77 68.06 78.82 91.28 105.7 122.4 141.8 164.2 190.1 220.2 255.0 295.3 342.0 396.1 458.7 531.2 615.1 712.4 825.0 955.4 1106 1281 1484 1718 1990 2305 2669 3091 3580 4145 4801 5560 6439 7456 8635 1.000e4
91	Size	15 Extrusion POPC 0.2 mg_ml 50 degrees 1	12 February 2026 15:56:04	50.0	119.1	0.103	134.0	0.000	0.000	100.0	0.0	0.0	47.99	0.000	0.000	0.0 0.0 0.0 0.0 0.0 0.0 0.0 0.0 0.0 0.0 0.0 0.0 0.0 0.0 0.0 0.0 0.0 0.0 0.0 0.0 0.0 0.0 0.0 0.0 0.0 0.0 0.0 0.0 0.0 0.0 0.0 0.0 0.0 0.0 1.4 4.4 8.2 11.8 14.3 15.2 14.4 12.1 9.0 5.6 2.7 0.8 0.0 0.0 0.0 0.0 0.0 0.0 0.0 0.0 0.0 0.0 0.0 0.0 0.0 0.0 0.0 0.0 0.0 0.0 0.0 0.0 0.0 0.0 0.0 0.0	0.4000 0.4632 0.5365 0.6213 0.7195 0.8332 0.9649 1.117 1.294 1.499 1.736 2.010 2.328 2.696 3.122 3.615 4.187 4.849 5.615 6.503 7.531 8.721 10.10 11.70 13.54 15.69 18.17 21.04 24.36 28.21 32.67 37.84 43.82 50.75 58.77 68.06 78.82 91.28 105.7 122.4 141.8 164.2 190.1 220.2 255.0 295.3 342.0 396.1 458.7 531.2 615.1 712.4 825.0 955.4 1106 1281 1484 1718 1990 2305 2669 3091 3580 4145 4801 5560 6439 7456 8635 1.000e4
92	Size	15 Extrusion POPC 0.2 mg_ml 50 degrees 2	12 February 2026 15:59:07	50.0	118.3	0.101	131.9	0.000	0.000	100.0	0.0	0.0	44.76	0.000	0.000	0.0 0.0 0.0 0.0 0.0 0.0 0.0 0.0 0.0 0.0 0.0 0.0 0.0 0.0 0.0 0.0 0.0 0.0 0.0 0.0 0.0 0.0 0.0 0.0 0.0 0.0 0.0 0.0 0.0 0.0 0.0 0.0 0.0 0.0 0.9 3.9 8.2 12.4 15.3 16.2 15.0 12.2 8.5 4.9 2.1 0.4 0.0 0.0 0.0 0.0 0.0 0.0 0.0 0.0 0.0 0.0 0.0 0.0 0.0 0.0 0.0 0.0 0.0 0.0 0.0 0.0 0.0 0.0 0.0 0.0	0.4000 0.4632 0.5365 0.6213 0.7195 0.8332 0.9649 1.117 1.294 1.499 1.736 2.010 2.328 2.696 3.122 3.615 4.187 4.849 5.615 6.503 7.531 8.721 10.10 11.70 13.54 15.69 18.17 21.04 24.36 28.21 32.67 37.84 43.82 50.75 58.77 68.06 78.82 91.28 105.7 122.4 141.8 164.2 190.1 220.2 255.0 295.3 342.0 396.1 458.7 531.2 615.1 712.4 825.0 955.4 1106 1281 1484 1718 1990 2305 2669 3091 3580 4145 4801 5560 6439 7456 8635 1.000e4
93	Size	15 Extrusion POPC 0.2 mg_ml 50 degrees 3	12 February 2026 16:02:09	50.0	119.4	0.094	132.2	0.000	0.000	100.0	0.0	0.0	43.42	0.000	0.000	0.0 0.0 0.0 0.0 0.0 0.0 0.0 0.0 0.0 0.0 0.0 0.0 0.0 0.0 0.0 0.0 0.0 0.0 0.0 0.0 0.0 0.0 0.0 0.0 0.0 0.0 0.0 0.0 0.0 0.0 0.0 0.0 0.0 0.0 0.7 3.5 7.8 12.2 15.4 16.6 15.6 12.7 8.8 4.9 1.8 0.3 0.0 0.0 0.0 0.0 0.0 0.0 0.0 0.0 0.0 0.0 0.0 0.0 0.0 0.0 0.0 0.0 0.0 0.0 0.0 0.0 0.0 0.0 0.0 0.0	0.4000 0.4632 0.5365 0.6213 0.7195 0.8332 0.9649 1.117 1.294 1.499 1.736 2.010 2.328 2.696 3.122 3.615 4.187 4.849 5.615 6.503 7.531 8.721 10.10 11.70 13.54 15.69 18.17 21.04 24.36 28.21 32.67 37.84 43.82 50.75 58.77 68.06 78.82 91.28 105.7 122.4 141.8 164.2 190.1 220.2 255.0 295.3 342.0 396.1 458.7 531.2 615.1 712.4 825.0 955.4 1106 1281 1484 1718 1990 2305 2669 3091 3580 4145 4801 5560 6439 7456 8635 1.000e4
94	Size	15 Extrusion POPC 0.2 mg_ml 60 degrees 1	12 February 2026 16:12:47	60.0	120.8	0.097	134.7	0.000	0.000	100.0	0.0	0.0	45.54	0.000	0.000	0.0 0.0 0.0 0.0 0.0 0.0 0.0 0.0 0.0 0.0 0.0 0.0 0.0 0.0 0.0 0.0 0.0 0.0 0.0 0.0 0.0 0.0 0.0 0.0 0.0 0.0 0.0 0.0 0.0 0.0 0.0 0.0 0.0 0.0 0.7 3.4 7.5 11.7 14.9 16.2 15.4 12.8 9.2 5.4 2.4 0.5 0.0 0.0 0.0 0.0 0.0 0.0 0.0 0.0 0.0 0.0 0.0 0.0 0.0 0.0 0.0 0.0 0.0 0.0 0.0 0.0 0.0 0.0 0.0 0.0	0.4000 0.4632 0.5365 0.6213 0.7195 0.8332 0.9649 1.117 1.294 1.499 1.736 2.010 2.328 2.696 3.122 3.615 4.187 4.849 5.615 6.503 7.531 8.721 10.10 11.70 13.54 15.69 18.17 21.04 24.36 28.21 32.67 37.84 43.82 50.75 58.77 68.06 78.82 91.28 105.7 122.4 141.8 164.2 190.1 220.2 255.0 295.3 342.0 396.1 458.7 531.2 615.1 712.4 825.0 955.4 1106 1281 1484 1718 1990 2305 2669 3091 3580 4145 4801 5560 6439 7456 8635 1.000e4
95	Size	15 Extrusion POPC 0.2 mg_ml 60 degrees 2	12 February 2026 16:15:49	60.0	119.2	0.114	133.7	0.000	0.000	100.0	0.0	0.0	47.94	0.000	0.000	0.0 0.0 0.0 0.0 0.0 0.0 0.0 0.0 0.0 0.0 0.0 0.0 0.0 0.0 0.0 0.0 0.0 0.0 0.0 0.0 0.0 0.0 0.0 0.0 0.0 0.0 0.0 0.0 0.0 0.0 0.0 0.0 0.0 0.0 1.2 4.3 8.3 12.0 14.6 15.4 14.4 12.0 8.8 5.5 2.7 0.8 0.0 0.0 0.0 0.0 0.0 0.0 0.0 0.0 0.0 0.0 0.0 0.0 0.0 0.0 0.0 0.0 0.0 0.0 0.0 0.0 0.0 0.0 0.0 0.0	0.4000 0.4632 0.5365 0.6213 0.7195 0.8332 0.9649 1.117 1.294 1.499 1.736 2.010 2.328 2.696 3.122 3.615 4.187 4.849 5.615 6.503 7.531 8.721 10.10 11.70 13.54 15.69 18.17 21.04 24.36 28.21 32.67 37.84 43.82 50.75 58.77 68.06 78.82 91.28 105.7 122.4 141.8 164.2 190.1 220.2 255.0 295.3 342.0 396.1 458.7 531.2 615.1 712.4 825.0 955.4 1106 1281 1484 1718 1990 2305 2669 3091 3580 4145 4801 5560 6439 7456 8635 1.000e4
96	Size	15 Extrusion POPC 0.2 mg_ml 60 degrees 3	12 February 2026 16:18:52	60.0	120.3	0.105	135.7	0.000	0.000	100.0	0.0	0.0	48.16	0.000	0.000	0.0 0.0 0.0 0.0 0.0 0.0 0.0 0.0 0.0 0.0 0.0 0.0 0.0 0.0 0.0 0.0 0.0 0.0 0.0 0.0 0.0 0.0 0.0 0.0 0.0 0.0 0.0 0.0 0.0 0.0 0.0 0.0 0.0 0.0 1.3 4.1 7.7 11.3 14.0 15.2 14.7 12.6 9.5 5.9 2.9 0.8 0.0 0.0 0.0 0.0 0.0 0.0 0.0 0.0 0.0 0.0 0.0 0.0 0.0 0.0 0.0 0.0 0.0 0.0 0.0 0.0 0.0 0.0 0.0 0.0	0.4000 0.4632 0.5365 0.6213 0.7195 0.8332 0.9649 1.117 1.294 1.499 1.736 2.010 2.328 2.696 3.122 3.615 4.187 4.849 5.615 6.503 7.531 8.721 10.10 11.70 13.54 15.69 18.17 21.04 24.36 28.21 32.67 37.84 43.82 50.75 58.77 68.06 78.82 91.28 105.7 122.4 141.8 164.2 190.1 220.2 255.0 295.3 342.0 396.1 458.7 531.2 615.1 712.4 825.0 955.4 1106 1281 1484 1718 1990 2305 2669 3091 3580 4145 4801 5560 6439 7456 8635 1.000e4
97	Size	20 Extrusion POPC 0.2 mg_ml 60 degrees 1	12 February 2026 16:39:51	60.0	120.3	0.283	107.9	0.000	0.000	100.0	0.0	0.0	23.92	0.000	0.000	0.0 0.0 0.0 0.0 0.0 0.0 0.0 0.0 0.0 0.0 0.0 0.0 0.0 0.0 0.0 0.0 0.0 0.0 0.0 0.0 0.0 0.0 0.0 0.0 0.0 0.0 0.0 0.0 0.0 0.0 0.0 0.0 0.0 0.0 0.0 4.6 13.2 21.0 23.8 20.3 12.5 4.5 0.0 0.0 0.0 0.0 0.0 0.0 0.0 0.0 0.0 0.0 0.0 0.0 0.0 0.0 0.0 0.0 0.0 0.0 0.0 0.0 0.0 0.0 0.0 0.0 0.0 0.0 0.0 0.0	0.4000 0.4632 0.5365 0.6213 0.7195 0.8332 0.9649 1.117 1.294 1.499 1.736 2.010 2.328 2.696 3.122 3.615 4.187 4.849 5.615 6.503 7.531 8.721 10.10 11.70 13.54 15.69 18.17 21.04 24.36 28.21 32.67 37.84 43.82 50.75 58.77 68.06 78.82 91.28 105.7 122.4 141.8 164.2 190.1 220.2 255.0 295.3 342.0 396.1 458.7 531.2 615.1 712.4 825.0 955.4 1106 1281 1484 1718 1990 2305 2669 3091 3580 4145 4801 5560 6439 7456 8635 1.000e4
98	Size	20 Extrusion POPC 0.2 mg_ml 60 degrees 2	12 February 2026 16:42:34	60.0	115.7	0.130	128.7	0.000	0.000	100.0	0.0	0.0	46.50	0.000	0.000	0.0 0.0 0.0 0.0 0.0 0.0 0.0 0.0 0.0 0.0 0.0 0.0 0.0 0.0 0.0 0.0 0.0 0.0 0.0 0.0 0.0 0.0 0.0 0.0 0.0 0.0 0.0 0.0 0.0 0.0 0.0 0.0 0.0 0.3 2.2 5.4 9.2 12.6 14.6 15.1 13.8 11.3 8.0 4.8 2.1 0.5 0.0 0.0 0.0 0.0 0.0 0.0 0.0 0.0 0.0 0.0 0.0 0.0 0.0 0.0 0.0 0.0 0.0 0.0 0.0 0.0 0.0 0.0 0.0 0.0	0.4000 0.4632 0.5365 0.6213 0.7195 0.8332 0.9649 1.117 1.294 1.499 1.736 2.010 2.328 2.696 3.122 3.615 4.187 4.849 5.615 6.503 7.531 8.721 10.10 11.70 13.54 15.69 18.17 21.04 24.36 28.21 32.67 37.84 43.82 50.75 58.77 68.06 78.82 91.28 105.7 122.4 141.8 164.2 190.1 220.2 255.0 295.3 342.0 396.1 458.7 531.2 615.1 712.4 825.0 955.4 1106 1281 1484 1718 1990 2305 2669 3091 3580 4145 4801 5560 6439 7456 8635 1.000e4
99	Size	20 Extrusion POPC 0.2 mg_ml 60 degrees 3	12 February 2026 16:45:17	60.0	117.8	0.126	127.6	0.000	0.000	100.0	0.0	0.0	41.97	0.000	0.000	0.0 0.0 0.0 0.0 0.0 0.0 0.0 0.0 0.0 0.0 0.0 0.0 0.0 0.0 0.0 0.0 0.0 0.0 0.0 0.0 0.0 0.0 0.0 0.0 0.0 0.0 0.0 0.0 0.0 0.0 0.0 0.0 0.0 0.0 1.5 4.7 8.8 12.8 15.5 16.3 15.0 12.0 8.0 4.1 1.3 0.0 0.0 0.0 0.0 0.0 0.0 0.0 0.0 0.0 0.0 0.0 0.0 0.0 0.0 0.0 0.0 0.0 0.0 0.0 0.0 0.0 0.0 0.0 0.0 0.0	0.4000 0.4632 0.5365 0.6213 0.7195 0.8332 0.9649 1.117 1.294 1.499 1.736 2.010 2.328 2.696 3.122 3.615 4.187 4.849 5.615 6.503 7.531 8.721 10.10 11.70 13.54 15.69 18.17 21.04 24.36 28.21 32.67 37.84 43.82 50.75 58.77 68.06 78.82 91.28 105.7 122.4 141.8 164.2 190.1 220.2 255.0 295.3 342.0 396.1 458.7 531.2 615.1 712.4 825.0 955.4 1106 1281 1484 1718 1990 2305 2669 3091 3580 4145 4801 5560 6439 7456 8635 1.000e4
100	Size	20 Extrusion POPC 0.2 mg_ml 50 degrees 1	12 February 2026 16:54:33	50.0	113.6	0.176	120.2	0.000	0.000	100.0	0.0	0.0	40.93	0.000	0.000	0.0 0.0 0.0 0.0 0.0 0.0 0.0 0.0 0.0 0.0 0.0 0.0 0.0 0.0 0.0 0.0 0.0 0.0 0.0 0.0 0.0 0.0 0.0 0.0 0.0 0.0 0.0 0.0 0.0 0.0 0.0 0.0 0.0 0.7 3.0 6.6 10.6 13.9 15.7 15.6 13.6 10.2 6.4 3.0 0.8 0.0 0.0 0.0 0.0 0.0 0.0 0.0 0.0 0.0 0.0 0.0 0.0 0.0 0.0 0.0 0.0 0.0 0.0 0.0 0.0 0.0 0.0 0.0 0.0 0.0	0.4000 0.4632 0.5365 0.6213 0.7195 0.8332 0.9649 1.117 1.294 1.499 1.736 2.010 2.328 2.696 3.122 3.615 4.187 4.849 5.615 6.503 7.531 8.721 10.10 11.70 13.54 15.69 18.17 21.04 24.36 28.21 32.67 37.84 43.82 50.75 58.77 68.06 78.82 91.28 105.7 122.4 141.8 164.2 190.1 220.2 255.0 295.3 342.0 396.1 458.7 531.2 615.1 712.4 825.0 955.4 1106 1281 1484 1718 1990 2305 2669 3091 3580 4145 4801 5560 6439 7456 8635 1.000e4
101	Size	20 Extrusion POPC 0.2 mg_ml 50 degrees 2	12 February 2026 16:57:05	50.0	113.5	0.146	121.5	0.000	0.000	100.0	0.0	0.0	38.93	0.000	0.000	0.0 0.0 0.0 0.0 0.0 0.0 0.0 0.0 0.0 0.0 0.0 0.0 0.0 0.0 0.0 0.0 0.0 0.0 0.0 0.0 0.0 0.0 0.0 0.0 0.0 0.0 0.0 0.0 0.0 0.0 0.0 0.0 0.0 0.0 1.7 5.6 10.3 14.4 16.7 16.7 14.4 10.5 6.3 2.8 0.6 0.0 0.0 0.0 0.0 0.0 0.0 0.0 0.0 0.0 0.0 0.0 0.0 0.0 0.0 0.0 0.0 0.0 0.0 0.0 0.0 0.0 0.0 0.0 0.0 0.0	0.4000 0.4632 0.5365 0.6213 0.7195 0.8332 0.9649 1.117 1.294 1.499 1.736 2.010 2.328 2.696 3.122 3.615 4.187 4.849 5.615 6.503 7.531 8.721 10.10 11.70 13.54 15.69 18.17 21.04 24.36 28.21 32.67 37.84 43.82 50.75 58.77 68.06 78.82 91.28 105.7 122.4 141.8 164.2 190.1 220.2 255.0 295.3 342.0 396.1 458.7 531.2 615.1 712.4 825.0 955.4 1106 1281 1484 1718 1990 2305 2669 3091 3580 4145 4801 5560 6439 7456 8635 1.000e4
102	Size	20 Extrusion POPC 0.2 mg_ml 50 degrees 3	12 February 2026 16:59:38	50.0	120.6	0.167	135.2	0.000	0.000	100.0	0.0	0.0	54.33	0.000	0.000	0.0 0.0 0.0 0.0 0.0 0.0 0.0 0.0 0.0 0.0 0.0 0.0 0.0 0.0 0.0 0.0 0.0 0.0 0.0 0.0 0.0 0.0 0.0 0.0 0.0 0.0 0.0 0.0 0.0 0.0 0.0 0.0 0.0 0.5 2.4 5.4 8.7 11.6 13.3 13.8 13.0 11.1 8.6 6.0 3.5 1.6 0.4 0.0 0.0 0.0 0.0 0.0 0.0 0.0 0.0 0.0 0.0 0.0 0.0 0.0 0.0 0.0 0.0 0.0 0.0 0.0 0.0 0.0 0.0 0.0	0.4000 0.4632 0.5365 0.6213 0.7195 0.8332 0.9649 1.117 1.294 1.499 1.736 2.010 2.328 2.696 3.122 3.615 4.187 4.849 5.615 6.503 7.531 8.721 10.10 11.70 13.54 15.69 18.17 21.04 24.36 28.21 32.67 37.84 43.82 50.75 58.77 68.06 78.82 91.28 105.7 122.4 141.8 164.2 190.1 220.2 255.0 295.3 342.0 396.1 458.7 531.2 615.1 712.4 825.0 955.4 1106 1281 1484 1718 1990 2305 2669 3091 3580 4145 4801 5560 6439 7456 8635 1.000e4
103	Size	20 Extrusion POPC 0.2 mg_ml 40 degrees 1	12 February 2026 17:06:41	40.0	111.4	0.202	114.0	5308	0.000	98.5	1.5	0.0	35.46	393.5	0.000	0.0 0.0 0.0 0.0 0.0 0.0 0.0 0.0 0.0 0.0 0.0 0.0 0.0 0.0 0.0 0.0 0.0 0.0 0.0 0.0 0.0 0.0 0.0 0.0 0.0 0.0 0.0 0.0 0.0 0.0 0.0 0.0 0.0 0.2 2.8 7.2 12.0 15.7 17.1 16.0 12.9 8.7 4.5 1.4 0.0 0.0 0.0 0.0 0.0 0.0 0.0 0.0 0.0 0.0 0.0 0.0 0.0 0.0 0.0 0.0 0.0 0.0 0.0 0.0 0.4 1.0 0.0 0.0 0.0 0.0	0.4000 0.4632 0.5365 0.6213 0.7195 0.8332 0.9649 1.117 1.294 1.499 1.736 2.010 2.328 2.696 3.122 3.615 4.187 4.849 5.615 6.503 7.531 8.721 10.10 11.70 13.54 15.69 18.17 21.04 24.36 28.21 32.67 37.84 43.82 50.75 58.77 68.06 78.82 91.28 105.7 122.4 141.8 164.2 190.1 220.2 255.0 295.3 342.0 396.1 458.7 531.2 615.1 712.4 825.0 955.4 1106 1281 1484 1718 1990 2305 2669 3091 3580 4145 4801 5560 6439 7456 8635 1.000e4
104	Size	20 Extrusion POPC 0.2 mg_ml 40 degrees 2	12 February 2026 17:09:13	40.0	112.6	0.204	115.3	5245	0.000	98.2	1.8	0.0	35.96	446.0	0.000	0.0 0.0 0.0 0.0 0.0 0.0 0.0 0.0 0.0 0.0 0.0 0.0 0.0 0.0 0.0 0.0 0.0 0.0 0.0 0.0 0.0 0.0 0.0 0.0 0.0 0.0 0.0 0.0 0.0 0.0 0.0 0.0 0.0 0.1 2.5 6.9 11.8 15.5 17.1 16.1 13.1 8.9 4.7 1.6 0.1 0.0 0.0 0.0 0.0 0.0 0.0 0.0 0.0 0.0 0.0 0.0 0.0 0.0 0.0 0.0 0.0 0.0 0.0 0.1 0.5 1.1 0.0 0.0 0.0 0.0	0.4000 0.4632 0.5365 0.6213 0.7195 0.8332 0.9649 1.117 1.294 1.499 1.736 2.010 2.328 2.696 3.122 3.615 4.187 4.849 5.615 6.503 7.531 8.721 10.10 11.70 13.54 15.69 18.17 21.04 24.36 28.21 32.67 37.84 43.82 50.75 58.77 68.06 78.82 91.28 105.7 122.4 141.8 164.2 190.1 220.2 255.0 295.3 342.0 396.1 458.7 531.2 615.1 712.4 825.0 955.4 1106 1281 1484 1718 1990 2305 2669 3091 3580 4145 4801 5560 6439 7456 8635 1.000e4
105	Size	20 Extrusion POPC 0.2 mg_ml 40 degrees 3	12 February 2026 17:11:46	40.0	113.5	0.155	131.7	0.000	0.000	100.0	0.0	0.0	55.66	0.000	0.000	0.0 0.0 0.0 0.0 0.0 0.0 0.0 0.0 0.0 0.0 0.0 0.0 0.0 0.0 0.0 0.0 0.0 0.0 0.0 0.0 0.0 0.0 0.0 0.0 0.0 0.0 0.0 0.0 0.0 0.0 0.0 0.0 0.1 1.3 3.6 6.5 9.3 11.6 12.9 13.0 12.1 10.4 8.1 5.6 3.4 1.6 0.5 0.0 0.0 0.0 0.0 0.0 0.0 0.0 0.0 0.0 0.0 0.0 0.0 0.0 0.0 0.0 0.0 0.0 0.0 0.0 0.0 0.0 0.0 0.0	0.4000 0.4632 0.5365 0.6213 0.7195 0.8332 0.9649 1.117 1.294 1.499 1.736 2.010 2.328 2.696 3.122 3.615 4.187 4.849 5.615 6.503 7.531 8.721 10.10 11.70 13.54 15.69 18.17 21.04 24.36 28.21 32.67 37.84 43.82 50.75 58.77 68.06 78.82 91.28 105.7 122.4 141.8 164.2 190.1 220.2 255.0 295.3 342.0 396.1 458.7 531.2 615.1 712.4 825.0 955.4 1106 1281 1484 1718 1990 2305 2669 3091 3580 4145 4801 5560 6439 7456 8635 1.000e4
106	Size	20 Extrusion POPC 0.2 mg_ml 30 degrees 1	12 February 2026 17:20:07	30.0	107.8	0.142	115.8	0.000	0.000	100.0	0.0	0.0	37.76	0.000	0.000	0.0 0.0 0.0 0.0 0.0 0.0 0.0 0.0 0.0 0.0 0.0 0.0 0.0 0.0 0.0 0.0 0.0 0.0 0.0 0.0 0.0 0.0 0.0 0.0 0.0 0.0 0.0 0.0 0.0 0.0 0.0 0.0 0.0 0.4 3.0 7.3 11.8 15.3 16.7 15.9 13.1 9.2 5.1 2.0 0.3 0.0 0.0 0.0 0.0 0.0 0.0 0.0 0.0 0.0 0.0 0.0 0.0 0.0 0.0 0.0 0.0 0.0 0.0 0.0 0.0 0.0 0.0 0.0 0.0 0.0	0.4000 0.4632 0.5365 0.6213 0.7195 0.8332 0.9649 1.117 1.294 1.499 1.736 2.010 2.328 2.696 3.122 3.615 4.187 4.849 5.615 6.503 7.531 8.721 10.10 11.70 13.54 15.69 18.17 21.04 24.36 28.21 32.67 37.84 43.82 50.75 58.77 68.06 78.82 91.28 105.7 122.4 141.8 164.2 190.1 220.2 255.0 295.3 342.0 396.1 458.7 531.2 615.1 712.4 825.0 955.4 1106 1281 1484 1718 1990 2305 2669 3091 3580 4145 4801 5560 6439 7456 8635 1.000e4
107	Size	20 Extrusion POPC 0.2 mg_ml 30 degrees 2	12 February 2026 17:22:39	30.0	108.6	0.135	118.1	0.000	0.000	100.0	0.0	0.0	39.12	0.000	0.000	0.0 0.0 0.0 0.0 0.0 0.0 0.0 0.0 0.0 0.0 0.0 0.0 0.0 0.0 0.0 0.0 0.0 0.0 0.0 0.0 0.0 0.0 0.0 0.0 0.0 0.0 0.0 0.0 0.0 0.0 0.0 0.0 0.0 0.3 2.7 6.8 11.3 14.8 16.4 15.8 13.3 9.6 5.7 2.5 0.6 0.0 0.0 0.0 0.0 0.0 0.0 0.0 0.0 0.0 0.0 0.0 0.0 0.0 0.0 0.0 0.0 0.0 0.0 0.0 0.0 0.0 0.0 0.0 0.0 0.0	0.4000 0.4632 0.5365 0.6213 0.7195 0.8332 0.9649 1.117 1.294 1.499 1.736 2.010 2.328 2.696 3.122 3.615 4.187 4.849 5.615 6.503 7.531 8.721 10.10 11.70 13.54 15.69 18.17 21.04 24.36 28.21 32.67 37.84 43.82 50.75 58.77 68.06 78.82 91.28 105.7 122.4 141.8 164.2 190.1 220.2 255.0 295.3 342.0 396.1 458.7 531.2 615.1 712.4 825.0 955.4 1106 1281 1484 1718 1990 2305 2669 3091 3580 4145 4801 5560 6439 7456 8635 1.000e4
108	Size	20 Extrusion POPC 0.2 mg_ml 30 degrees 3	12 February 2026 17:25:11	30.0	107.2	0.113	119.9	0.000	0.000	100.0	0.0	0.0	43.27	0.000	0.000	0.0 0.0 0.0 0.0 0.0 0.0 0.0 0.0 0.0 0.0 0.0 0.0 0.0 0.0 0.0 0.0 0.0 0.0 0.0 0.0 0.0 0.0 0.0 0.0 0.0 0.0 0.0 0.0 0.0 0.0 0.0 0.0 0.0 0.6 3.3 7.3 11.3 14.3 15.4 14.8 12.6 9.5 6.2 3.3 1.3 0.2 0.0 0.0 0.0 0.0 0.0 0.0 0.0 0.0 0.0 0.0 0.0 0.0 0.0 0.0 0.0 0.0 0.0 0.0 0.0 0.0 0.0 0.0 0.0 0.0	0.4000 0.4632 0.5365 0.6213 0.7195 0.8332 0.9649 1.117 1.294 1.499 1.736 2.010 2.328 2.696 3.122 3.615 4.187 4.849 5.615 6.503 7.531 8.721 10.10 11.70 13.54 15.69 18.17 21.04 24.36 28.21 32.67 37.84 43.82 50.75 58.77 68.06 78.82 91.28 105.7 122.4 141.8 164.2 190.1 220.2 255.0 295.3 342.0 396.1 458.7 531.2 615.1 712.4 825.0 955.4 1106 1281 1484 1718 1990 2305 2669 3091 3580 4145 4801 5560 6439 7456 8635 1.000e4
109	Size	20 Extrusion POPC 0.2 mg_ml 20 degrees 1	12 February 2026 17:33:41	20.0	104.5	0.140	116.4	0.000	0.000	100.0	0.0	0.0	41.82	0.000	0.000	0.0 0.0 0.0 0.0 0.0 0.0 0.0 0.0 0.0 0.0 0.0 0.0 0.0 0.0 0.0 0.0 0.0 0.0 0.0 0.0 0.0 0.0 0.0 0.0 0.0 0.0 0.0 0.0 0.0 0.0 0.0 0.0 0.0 1.5 4.3 8.0 11.5 14.1 15.1 14.4 12.3 9.2 5.8 2.9 0.9 0.0 0.0 0.0 0.0 0.0 0.0 0.0 0.0 0.0 0.0 0.0 0.0 0.0 0.0 0.0 0.0 0.0 0.0 0.0 0.0 0.0 0.0 0.0 0.0 0.0	0.4000 0.4632 0.5365 0.6213 0.7195 0.8332 0.9649 1.117 1.294 1.499 1.736 2.010 2.328 2.696 3.122 3.615 4.187 4.849 5.615 6.503 7.531 8.721 10.10 11.70 13.54 15.69 18.17 21.04 24.36 28.21 32.67 37.84 43.82 50.75 58.77 68.06 78.82 91.28 105.7 122.4 141.8 164.2 190.1 220.2 255.0 295.3 342.0 396.1 458.7 531.2 615.1 712.4 825.0 955.4 1106 1281 1484 1718 1990 2305 2669 3091 3580 4145 4801 5560 6439 7456 8635 1.000e4
110	Size	20 Extrusion POPC 0.2 mg_ml 20 degrees 2	12 February 2026 17:36:13	20.0	106.8	0.123	123.7	0.000	0.000	100.0	0.0	0.0	49.30	0.000	0.000	0.0 0.0 0.0 0.0 0.0 0.0 0.0 0.0 0.0 0.0 0.0 0.0 0.0 0.0 0.0 0.0 0.0 0.0 0.0 0.0 0.0 0.0 0.0 0.0 0.0 0.0 0.0 0.0 0.0 0.0 0.0 0.0 0.5 1.9 4.3 7.2 10.0 12.2 13.4 13.4 12.2 10.1 7.4 4.6 2.2 0.6 0.0 0.0 0.0 0.0 0.0 0.0 0.0 0.0 0.0 0.0 0.0 0.0 0.0 0.0 0.0 0.0 0.0 0.0 0.0 0.0 0.0 0.0 0.0 0.0	0.4000 0.4632 0.5365 0.6213 0.7195 0.8332 0.9649 1.117 1.294 1.499 1.736 2.010 2.328 2.696 3.122 3.615 4.187 4.849 5.615 6.503 7.531 8.721 10.10 11.70 13.54 15.69 18.17 21.04 24.36 28.21 32.67 37.84 43.82 50.75 58.77 68.06 78.82 91.28 105.7 122.4 141.8 164.2 190.1 220.2 255.0 295.3 342.0 396.1 458.7 531.2 615.1 712.4 825.0 955.4 1106 1281 1484 1718 1990 2305 2669 3091 3580 4145 4801 5560 6439 7456 8635 1.000e4
111	Size	20 Extrusion POPC 0.2 mg_ml 20 degrees 3	12 February 2026 17:38:45	20.0	108.1	0.128	122.4	0.000	0.000	100.0	0.0	0.0	46.15	0.000	0.000	0.0 0.0 0.0 0.0 0.0 0.0 0.0 0.0 0.0 0.0 0.0 0.0 0.0 0.0 0.0 0.0 0.0 0.0 0.0 0.0 0.0 0.0 0.0 0.0 0.0 0.0 0.0 0.0 0.0 0.0 0.0 0.0 0.0 1.2 3.7 7.1 10.5 13.2 14.5 14.2 12.6 10.0 6.9 4.0 1.7 0.4 0.0 0.0 0.0 0.0 0.0 0.0 0.0 0.0 0.0 0.0 0.0 0.0 0.0 0.0 0.0 0.0 0.0 0.0 0.0 0.0 0.0 0.0 0.0 0.0	0.4000 0.4632 0.5365 0.6213 0.7195 0.8332 0.9649 1.117 1.294 1.499 1.736 2.010 2.328 2.696 3.122 3.615 4.187 4.849 5.615 6.503 7.531 8.721 10.10 11.70 13.54 15.69 18.17 21.04 24.36 28.21 32.67 37.84 43.82 50.75 58.77 68.06 78.82 91.28 105.7 122.4 141.8 164.2 190.1 220.2 255.0 295.3 342.0 396.1 458.7 531.2 615.1 712.4 825.0 955.4 1106 1281 1484 1718 1990 2305 2669 3091 3580 4145 4801 5560 6439 7456 8635 1.000e4
112	Size	20 Extrusion POPC 0.2 mg_ml 10 degrees 1	12 February 2026 17:47:56	10.0	104.7	0.108	118.4	0.000	0.000	100.0	0.0	0.0	43.19	0.000	0.000	0.0 0.0 0.0 0.0 0.0 0.0 0.0 0.0 0.0 0.0 0.0 0.0 0.0 0.0 0.0 0.0 0.0 0.0 0.0 0.0 0.0 0.0 0.0 0.0 0.0 0.0 0.0 0.0 0.0 0.0 0.0 0.0 0.0 1.3 4.1 7.7 11.2 13.9 15.0 14.4 12.4 9.4 6.2 3.2 1.1 0.1 0.0 0.0 0.0 0.0 0.0 0.0 0.0 0.0 0.0 0.0 0.0 0.0 0.0 0.0 0.0 0.0 0.0 0.0 0.0 0.0 0.0 0.0 0.0 0.0	0.4000 0.4632 0.5365 0.6213 0.7195 0.8332 0.9649 1.117 1.294 1.499 1.736 2.010 2.328 2.696 3.122 3.615 4.187 4.849 5.615 6.503 7.531 8.721 10.10 11.70 13.54 15.69 18.17 21.04 24.36 28.21 32.67 37.84 43.82 50.75 58.77 68.06 78.82 91.28 105.7 122.4 141.8 164.2 190.1 220.2 255.0 295.3 342.0 396.1 458.7 531.2 615.1 712.4 825.0 955.4 1106 1281 1484 1718 1990 2305 2669 3091 3580 4145 4801 5560 6439 7456 8635 1.000e4
113	Size	20 Extrusion POPC 0.2 mg_ml 10 degrees 2	12 February 2026 17:50:29	10.0	107.0	0.116	122.3	0.000	0.000	100.0	0.0	0.0	45.18	0.000	0.000	0.0 0.0 0.0 0.0 0.0 0.0 0.0 0.0 0.0 0.0 0.0 0.0 0.0 0.0 0.0 0.0 0.0 0.0 0.0 0.0 0.0 0.0 0.0 0.0 0.0 0.0 0.0 0.0 0.0 0.0 0.0 0.0 0.1 1.3 3.7 6.8 10.2 12.9 14.5 14.5 13.0 10.3 7.1 3.9 1.5 0.2 0.0 0.0 0.0 0.0 0.0 0.0 0.0 0.0 0.0 0.0 0.0 0.0 0.0 0.0 0.0 0.0 0.0 0.0 0.0 0.0 0.0 0.0 0.0 0.0	0.4000 0.4632 0.5365 0.6213 0.7195 0.8332 0.9649 1.117 1.294 1.499 1.736 2.010 2.328 2.696 3.122 3.615 4.187 4.849 5.615 6.503 7.531 8.721 10.10 11.70 13.54 15.69 18.17 21.04 24.36 28.21 32.67 37.84 43.82 50.75 58.77 68.06 78.82 91.28 105.7 122.4 141.8 164.2 190.1 220.2 255.0 295.3 342.0 396.1 458.7 531.2 615.1 712.4 825.0 955.4 1106 1281 1484 1718 1990 2305 2669 3091 3580 4145 4801 5560 6439 7456 8635 1.000e4
114	Size	20 Extrusion POPC 0.2 mg_ml 10 degrees 3	12 February 2026 17:53:01	10.0	106.2	0.122	120.6	0.000	0.000	100.0	0.0	0.0	45.90	0.000	0.000	0.0 0.0 0.0 0.0 0.0 0.0 0.0 0.0 0.0 0.0 0.0 0.0 0.0 0.0 0.0 0.0 0.0 0.0 0.0 0.0 0.0 0.0 0.0 0.0 0.0 0.0 0.0 0.0 0.0 0.0 0.0 0.0 0.0 1.3 4.1 7.6 11.0 13.4 14.5 14.0 12.2 9.6 6.6 3.8 1.6 0.4 0.0 0.0 0.0 0.0 0.0 0.0 0.0 0.0 0.0 0.0 0.0 0.0 0.0 0.0 0.0 0.0 0.0 0.0 0.0 0.0 0.0 0.0 0.0 0.0	0.4000 0.4632 0.5365 0.6213 0.7195 0.8332 0.9649 1.117 1.294 1.499 1.736 2.010 2.328 2.696 3.122 3.615 4.187 4.849 5.615 6.503 7.531 8.721 10.10 11.70 13.54 15.69 18.17 21.04 24.36 28.21 32.67 37.84 43.82 50.75 58.77 68.06 78.82 91.28 105.7 122.4 141.8 164.2 190.1 220.2 255.0 295.3 342.0 396.1 458.7 531.2 615.1 712.4 825.0 955.4 1106 1281 1484 1718 1990 2305 2669 3091 3580 4145 4801 5560 6439 7456 8635 1.000e4
115	Size	41 Extrusion POPC 0.2 mg_ml 10 degrees 1	17 February 2026 09:50:33	10.0	110.5	0.169	126.7	4940	0.000	99.0	1.0	0.0	53.67	641.5	0.000	0.0 0.0 0.0 0.0 0.0 0.0 0.0 0.0 0.0 0.0 0.0 0.0 0.0 0.0 0.0 0.0 0.0 0.0 0.0 0.0 0.0 0.0 0.0 0.0 0.0 0.0 0.0 0.0 0.0 0.0 0.0 0.0 0.4 1.9 4.3 7.1 9.8 11.8 12.8 12.8 11.7 9.8 7.4 5.0 2.8 1.2 0.3 0.0 0.0 0.0 0.0 0.0 0.0 0.0 0.0 0.0 0.0 0.0 0.0 0.0 0.0 0.0 0.1 0.2 0.3 0.5 0.0 0.0 0.0 0.0	0.4000 0.4632 0.5365 0.6213 0.7195 0.8332 0.9649 1.117 1.294 1.499 1.736 2.010 2.328 2.696 3.122 3.615 4.187 4.849 5.615 6.503 7.531 8.721 10.10 11.70 13.54 15.69 18.17 21.04 24.36 28.21 32.67 37.84 43.82 50.75 58.77 68.06 78.82 91.28 105.7 122.4 141.8 164.2 190.1 220.2 255.0 295.3 342.0 396.1 458.7 531.2 615.1 712.4 825.0 955.4 1106 1281 1484 1718 1990 2305 2669 3091 3580 4145 4801 5560 6439 7456 8635 1.000e4
116	Size	41 Extrusion POPC 0.2 mg_ml 10 degrees 2	17 February 2026 09:53:16	10.0	104.6	0.191	107.9	4958	0.000	97.3	2.7	0.0	32.41	627.2	0.000	0.0 0.0 0.0 0.0 0.0 0.0 0.0 0.0 0.0 0.0 0.0 0.0 0.0 0.0 0.0 0.0 0.0 0.0 0.0 0.0 0.0 0.0 0.0 0.0 0.0 0.0 0.0 0.0 0.0 0.0 0.0 0.0 0.0 0.2 3.5 8.7 13.9 17.1 17.6 15.3 11.2 6.6 2.8 0.6 0.0 0.0 0.0 0.0 0.0 0.0 0.0 0.0 0.0 0.0 0.0 0.0 0.0 0.0 0.0 0.0 0.0 0.0 0.2 0.5 0.8 1.2 0.0 0.0 0.0 0.0	0.4000 0.4632 0.5365 0.6213 0.7195 0.8332 0.9649 1.117 1.294 1.499 1.736 2.010 2.328 2.696 3.122 3.615 4.187 4.849 5.615 6.503 7.531 8.721 10.10 11.70 13.54 15.69 18.17 21.04 24.36 28.21 32.67 37.84 43.82 50.75 58.77 68.06 78.82 91.28 105.7 122.4 141.8 164.2 190.1 220.2 255.0 295.3 342.0 396.1 458.7 531.2 615.1 712.4 825.0 955.4 1106 1281 1484 1718 1990 2305 2669 3091 3580 4145 4801 5560 6439 7456 8635 1.000e4
117	Size	41 Extrusion POPC 0.2 mg_ml 10 degrees 3	17 February 2026 09:55:59	10.0	104.7	0.145	111.8	0.000	0.000	100.0	0.0	0.0	34.07	0.000	0.000	0.0 0.0 0.0 0.0 0.0 0.0 0.0 0.0 0.0 0.0 0.0 0.0 0.0 0.0 0.0 0.0 0.0 0.0 0.0 0.0 0.0 0.0 0.0 0.0 0.0 0.0 0.0 0.0 0.0 0.0 0.0 0.0 0.0 0.0 2.8 7.9 13.1 16.8 17.8 16.2 12.5 7.9 3.8 1.1 0.0 0.0 0.0 0.0 0.0 0.0 0.0 0.0 0.0 0.0 0.0 0.0 0.0 0.0 0.0 0.0 0.0 0.0 0.0 0.0 0.0 0.0 0.0 0.0 0.0 0.0	0.4000 0.4632 0.5365 0.6213 0.7195 0.8332 0.9649 1.117 1.294 1.499 1.736 2.010 2.328 2.696 3.122 3.615 4.187 4.849 5.615 6.503 7.531 8.721 10.10 11.70 13.54 15.69 18.17 21.04 24.36 28.21 32.67 37.84 43.82 50.75 58.77 68.06 78.82 91.28 105.7 122.4 141.8 164.2 190.1 220.2 255.0 295.3 342.0 396.1 458.7 531.2 615.1 712.4 825.0 955.4 1106 1281 1484 1718 1990 2305 2669 3091 3580 4145 4801 5560 6439 7456 8635 1.000e4
118	Size	41 Extrusion POPC 0.2 mg_ml 20 degrees 1	17 February 2026 10:05:22	20.0	107.9	0.133	120.0	0.000	0.000	100.0	0.0	0.0	44.35	0.000	0.000	0.0 0.0 0.0 0.0 0.0 0.0 0.0 0.0 0.0 0.0 0.0 0.0 0.0 0.0 0.0 0.0 0.0 0.0 0.0 0.0 0.0 0.0 0.0 0.0 0.0 0.0 0.0 0.0 0.0 0.0 0.0 0.0 0.0 0.8 3.6 7.5 11.3 14.1 15.1 14.4 12.3 9.4 6.2 3.5 1.4 0.3 0.0 0.0 0.0 0.0 0.0 0.0 0.0 0.0 0.0 0.0 0.0 0.0 0.0 0.0 0.0 0.0 0.0 0.0 0.0 0.0 0.0 0.0 0.0 0.0	0.4000 0.4632 0.5365 0.6213 0.7195 0.8332 0.9649 1.117 1.294 1.499 1.736 2.010 2.328 2.696 3.122 3.615 4.187 4.849 5.615 6.503 7.531 8.721 10.10 11.70 13.54 15.69 18.17 21.04 24.36 28.21 32.67 37.84 43.82 50.75 58.77 68.06 78.82 91.28 105.7 122.4 141.8 164.2 190.1 220.2 255.0 295.3 342.0 396.1 458.7 531.2 615.1 712.4 825.0 955.4 1106 1281 1484 1718 1990 2305 2669 3091 3580 4145 4801 5560 6439 7456 8635 1.000e4
119	Size	41 Extrusion POPC 0.2 mg_ml 20 degrees 2	17 February 2026 10:08:05	20.0	104.6	0.112	115.7	0.000	0.000	100.0	0.0	0.0	39.10	0.000	0.000	0.0 0.0 0.0 0.0 0.0 0.0 0.0 0.0 0.0 0.0 0.0 0.0 0.0 0.0 0.0 0.0 0.0 0.0 0.0 0.0 0.0 0.0 0.0 0.0 0.0 0.0 0.0 0.0 0.0 0.0 0.0 0.0 0.0 0.6 3.4 7.7 12.1 15.2 16.3 15.3 12.6 8.9 5.2 2.3 0.6 0.0 0.0 0.0 0.0 0.0 0.0 0.0 0.0 0.0 0.0 0.0 0.0 0.0 0.0 0.0 0.0 0.0 0.0 0.0 0.0 0.0 0.0 0.0 0.0 0.0	0.4000 0.4632 0.5365 0.6213 0.7195 0.8332 0.9649 1.117 1.294 1.499 1.736 2.010 2.328 2.696 3.122 3.615 4.187 4.849 5.615 6.503 7.531 8.721 10.10 11.70 13.54 15.69 18.17 21.04 24.36 28.21 32.67 37.84 43.82 50.75 58.77 68.06 78.82 91.28 105.7 122.4 141.8 164.2 190.1 220.2 255.0 295.3 342.0 396.1 458.7 531.2 615.1 712.4 825.0 955.4 1106 1281 1484 1718 1990 2305 2669 3091 3580 4145 4801 5560 6439 7456 8635 1.000e4
120	Size	41 Extrusion POPC 0.2 mg_ml 20 degrees 3	17 February 2026 10:10:48	20.0	102.1	0.086	111.7	0.000	0.000	100.0	0.0	0.0	34.08	0.000	0.000	0.0 0.0 0.0 0.0 0.0 0.0 0.0 0.0 0.0 0.0 0.0 0.0 0.0 0.0 0.0 0.0 0.0 0.0 0.0 0.0 0.0 0.0 0.0 0.0 0.0 0.0 0.0 0.0 0.0 0.0 0.0 0.0 0.0 0.2 3.0 7.8 12.9 16.6 17.8 16.2 12.6 8.0 3.8 1.0 0.0 0.0 0.0 0.0 0.0 0.0 0.0 0.0 0.0 0.0 0.0 0.0 0.0 0.0 0.0 0.0 0.0 0.0 0.0 0.0 0.0 0.0 0.0 0.0 0.0 0.0	0.4000 0.4632 0.5365 0.6213 0.7195 0.8332 0.9649 1.117 1.294 1.499 1.736 2.010 2.328 2.696 3.122 3.615 4.187 4.849 5.615 6.503 7.531 8.721 10.10 11.70 13.54 15.69 18.17 21.04 24.36 28.21 32.67 37.84 43.82 50.75 58.77 68.06 78.82 91.28 105.7 122.4 141.8 164.2 190.1 220.2 255.0 295.3 342.0 396.1 458.7 531.2 615.1 712.4 825.0 955.4 1106 1281 1484 1718 1990 2305 2669 3091 3580 4145 4801 5560 6439 7456 8635 1.000e4
121	Size	41 Extrusion POPC 0.2 mg_ml 30 degrees 1	17 February 2026 10:20:33	30.0	112.3	0.158	120.6	5040	0.000	98.5	1.5	0.0	41.56	585.8	0.000	0.0 0.0 0.0 0.0 0.0 0.0 0.0 0.0 0.0 0.0 0.0 0.0 0.0 0.0 0.0 0.0 0.0 0.0 0.0 0.0 0.0 0.0 0.0 0.0 0.0 0.0 0.0 0.0 0.0 0.0 0.0 0.0 0.0 0.2 2.6 6.6 10.9 14.2 15.7 15.2 13.0 9.7 6.2 3.1 1.0 0.1 0.0 0.0 0.0 0.0 0.0 0.0 0.0 0.0 0.0 0.0 0.0 0.0 0.0 0.0 0.0 0.0 0.0 0.2 0.5 0.7 0.0 0.0 0.0 0.0	0.4000 0.4632 0.5365 0.6213 0.7195 0.8332 0.9649 1.117 1.294 1.499 1.736 2.010 2.328 2.696 3.122 3.615 4.187 4.849 5.615 6.503 7.531 8.721 10.10 11.70 13.54 15.69 18.17 21.04 24.36 28.21 32.67 37.84 43.82 50.75 58.77 68.06 78.82 91.28 105.7 122.4 141.8 164.2 190.1 220.2 255.0 295.3 342.0 396.1 458.7 531.2 615.1 712.4 825.0 955.4 1106 1281 1484 1718 1990 2305 2669 3091 3580 4145 4801 5560 6439 7456 8635 1.000e4
122	Size	41 Extrusion POPC 0.2 mg_ml 30 degrees 2	17 February 2026 10:23:15	30.0	106.0	0.061	112.8	0.000	0.000	100.0	0.0	0.0	28.22	0.000	0.000	0.0 0.0 0.0 0.0 0.0 0.0 0.0 0.0 0.0 0.0 0.0 0.0 0.0 0.0 0.0 0.0 0.0 0.0 0.0 0.0 0.0 0.0 0.0 0.0 0.0 0.0 0.0 0.0 0.0 0.0 0.0 0.0 0.0 0.0 0.0 4.6 11.9 18.5 21.4 19.6 14.2 7.5 2.2 0.0 0.0 0.0 0.0 0.0 0.0 0.0 0.0 0.0 0.0 0.0 0.0 0.0 0.0 0.0 0.0 0.0 0.0 0.0 0.0 0.0 0.0 0.0 0.0 0.0 0.0 0.0	0.4000 0.4632 0.5365 0.6213 0.7195 0.8332 0.9649 1.117 1.294 1.499 1.736 2.010 2.328 2.696 3.122 3.615 4.187 4.849 5.615 6.503 7.531 8.721 10.10 11.70 13.54 15.69 18.17 21.04 24.36 28.21 32.67 37.84 43.82 50.75 58.77 68.06 78.82 91.28 105.7 122.4 141.8 164.2 190.1 220.2 255.0 295.3 342.0 396.1 458.7 531.2 615.1 712.4 825.0 955.4 1106 1281 1484 1718 1990 2305 2669 3091 3580 4145 4801 5560 6439 7456 8635 1.000e4
123	Size	41 Extrusion POPC 0.2 mg_ml 30 degrees 3	17 February 2026 10:25:58	30.0	106.2	0.079	116.0	0.000	0.000	100.0	0.0	0.0	35.49	0.000	0.000	0.0 0.0 0.0 0.0 0.0 0.0 0.0 0.0 0.0 0.0 0.0 0.0 0.0 0.0 0.0 0.0 0.0 0.0 0.0 0.0 0.0 0.0 0.0 0.0 0.0 0.0 0.0 0.0 0.0 0.0 0.0 0.0 0.0 0.0 2.3 6.6 11.5 15.6 17.5 16.8 13.8 9.4 4.9 1.6 0.0 0.0 0.0 0.0 0.0 0.0 0.0 0.0 0.0 0.0 0.0 0.0 0.0 0.0 0.0 0.0 0.0 0.0 0.0 0.0 0.0 0.0 0.0 0.0 0.0 0.0	0.4000 0.4632 0.5365 0.6213 0.7195 0.8332 0.9649 1.117 1.294 1.499 1.736 2.010 2.328 2.696 3.122 3.615 4.187 4.849 5.615 6.503 7.531 8.721 10.10 11.70 13.54 15.69 18.17 21.04 24.36 28.21 32.67 37.84 43.82 50.75 58.77 68.06 78.82 91.28 105.7 122.4 141.8 164.2 190.1 220.2 255.0 295.3 342.0 396.1 458.7 531.2 615.1 712.4 825.0 955.4 1106 1281 1484 1718 1990 2305 2669 3091 3580 4145 4801 5560 6439 7456 8635 1.000e4
124	Size	41 Extrusion POPC 0.2 mg_ml 40 degrees 1	17 February 2026 10:36:03	40.0	109.4	0.148	118.2	0.000	0.000	100.0	0.0	0.0	40.40	0.000	0.000	0.0 0.0 0.0 0.0 0.0 0.0 0.0 0.0 0.0 0.0 0.0 0.0 0.0 0.0 0.0 0.0 0.0 0.0 0.0 0.0 0.0 0.0 0.0 0.0 0.0 0.0 0.0 0.0 0.0 0.0 0.0 0.0 0.0 0.4 3.0 7.2 11.5 14.7 16.0 15.3 12.9 9.5 5.9 2.8 0.8 0.0 0.0 0.0 0.0 0.0 0.0 0.0 0.0 0.0 0.0 0.0 0.0 0.0 0.0 0.0 0.0 0.0 0.0 0.0 0.0 0.0 0.0 0.0 0.0 0.0	0.4000 0.4632 0.5365 0.6213 0.7195 0.8332 0.9649 1.117 1.294 1.499 1.736 2.010 2.328 2.696 3.122 3.615 4.187 4.849 5.615 6.503 7.531 8.721 10.10 11.70 13.54 15.69 18.17 21.04 24.36 28.21 32.67 37.84 43.82 50.75 58.77 68.06 78.82 91.28 105.7 122.4 141.8 164.2 190.1 220.2 255.0 295.3 342.0 396.1 458.7 531.2 615.1 712.4 825.0 955.4 1106 1281 1484 1718 1990 2305 2669 3091 3580 4145 4801 5560 6439 7456 8635 1.000e4
125	Size	41 Extrusion POPC 0.2 mg_ml 40 degrees 2	17 February 2026 10:38:45	40.0	109.9	0.114	125.1	0.000	0.000	100.0	0.0	0.0	46.19	0.000	0.000	0.0 0.0 0.0 0.0 0.0 0.0 0.0 0.0 0.0 0.0 0.0 0.0 0.0 0.0 0.0 0.0 0.0 0.0 0.0 0.0 0.0 0.0 0.0 0.0 0.0 0.0 0.0 0.0 0.0 0.0 0.0 0.0 0.0 0.9 3.1 6.4 9.9 12.8 14.5 14.6 13.2 10.7 7.5 4.3 1.8 0.4 0.0 0.0 0.0 0.0 0.0 0.0 0.0 0.0 0.0 0.0 0.0 0.0 0.0 0.0 0.0 0.0 0.0 0.0 0.0 0.0 0.0 0.0 0.0 0.0	0.4000 0.4632 0.5365 0.6213 0.7195 0.8332 0.9649 1.117 1.294 1.499 1.736 2.010 2.328 2.696 3.122 3.615 4.187 4.849 5.615 6.503 7.531 8.721 10.10 11.70 13.54 15.69 18.17 21.04 24.36 28.21 32.67 37.84 43.82 50.75 58.77 68.06 78.82 91.28 105.7 122.4 141.8 164.2 190.1 220.2 255.0 295.3 342.0 396.1 458.7 531.2 615.1 712.4 825.0 955.4 1106 1281 1484 1718 1990 2305 2669 3091 3580 4145 4801 5560 6439 7456 8635 1.000e4
126	Size	41 Extrusion POPC 0.2 mg_ml 40 degrees 3	17 February 2026 10:41:28	40.0	114.4	0.119	131.2	0.000	0.000	100.0	0.0	0.0	50.36	0.000	0.000	0.0 0.0 0.0 0.0 0.0 0.0 0.0 0.0 0.0 0.0 0.0 0.0 0.0 0.0 0.0 0.0 0.0 0.0 0.0 0.0 0.0 0.0 0.0 0.0 0.0 0.0 0.0 0.0 0.0 0.0 0.0 0.0 0.0 0.9 2.9 5.7 8.8 11.6 13.4 14.1 13.3 11.4 8.6 5.6 2.8 0.9 0.0 0.0 0.0 0.0 0.0 0.0 0.0 0.0 0.0 0.0 0.0 0.0 0.0 0.0 0.0 0.0 0.0 0.0 0.0 0.0 0.0 0.0 0.0 0.0	0.4000 0.4632 0.5365 0.6213 0.7195 0.8332 0.9649 1.117 1.294 1.499 1.736 2.010 2.328 2.696 3.122 3.615 4.187 4.849 5.615 6.503 7.531 8.721 10.10 11.70 13.54 15.69 18.17 21.04 24.36 28.21 32.67 37.84 43.82 50.75 58.77 68.06 78.82 91.28 105.7 122.4 141.8 164.2 190.1 220.2 255.0 295.3 342.0 396.1 458.7 531.2 615.1 712.4 825.0 955.4 1106 1281 1484 1718 1990 2305 2669 3091 3580 4145 4801 5560 6439 7456 8635 1.000e4
127	Size	41 Extrusion POPC 0.2 mg_ml 50 degrees 1	17 February 2026 10:51:42	50.0	111.1	0.118	126.2	0.000	0.000	100.0	0.0	0.0	46.77	0.000	0.000	0.0 0.0 0.0 0.0 0.0 0.0 0.0 0.0 0.0 0.0 0.0 0.0 0.0 0.0 0.0 0.0 0.0 0.0 0.0 0.0 0.0 0.0 0.0 0.0 0.0 0.0 0.0 0.0 0.0 0.0 0.0 0.0 0.0 0.4 2.6 6.2 10.0 13.1 14.8 14.7 13.1 10.5 7.4 4.4 2.1 0.6 0.0 0.0 0.0 0.0 0.0 0.0 0.0 0.0 0.0 0.0 0.0 0.0 0.0 0.0 0.0 0.0 0.0 0.0 0.0 0.0 0.0 0.0 0.0 0.0	0.4000 0.4632 0.5365 0.6213 0.7195 0.8332 0.9649 1.117 1.294 1.499 1.736 2.010 2.328 2.696 3.122 3.615 4.187 4.849 5.615 6.503 7.531 8.721 10.10 11.70 13.54 15.69 18.17 21.04 24.36 28.21 32.67 37.84 43.82 50.75 58.77 68.06 78.82 91.28 105.7 122.4 141.8 164.2 190.1 220.2 255.0 295.3 342.0 396.1 458.7 531.2 615.1 712.4 825.0 955.4 1106 1281 1484 1718 1990 2305 2669 3091 3580 4145 4801 5560 6439 7456 8635 1.000e4
128	Size	41 Extrusion POPC 0.2 mg_ml 50 degrees 2	17 February 2026 10:54:24	50.0	112.9	0.088	125.4	0.000	0.000	100.0	0.0	0.0	41.77	0.000	0.000	0.0 0.0 0.0 0.0 0.0 0.0 0.0 0.0 0.0 0.0 0.0 0.0 0.0 0.0 0.0 0.0 0.0 0.0 0.0 0.0 0.0 0.0 0.0 0.0 0.0 0.0 0.0 0.0 0.0 0.0 0.0 0.0 0.0 0.2 1.9 5.2 9.3 13.1 15.5 16.1 14.6 11.5 7.5 3.8 1.1 0.0 0.0 0.0 0.0 0.0 0.0 0.0 0.0 0.0 0.0 0.0 0.0 0.0 0.0 0.0 0.0 0.0 0.0 0.0 0.0 0.0 0.0 0.0 0.0 0.0	0.4000 0.4632 0.5365 0.6213 0.7195 0.8332 0.9649 1.117 1.294 1.499 1.736 2.010 2.328 2.696 3.122 3.615 4.187 4.849 5.615 6.503 7.531 8.721 10.10 11.70 13.54 15.69 18.17 21.04 24.36 28.21 32.67 37.84 43.82 50.75 58.77 68.06 78.82 91.28 105.7 122.4 141.8 164.2 190.1 220.2 255.0 295.3 342.0 396.1 458.7 531.2 615.1 712.4 825.0 955.4 1106 1281 1484 1718 1990 2305 2669 3091 3580 4145 4801 5560 6439 7456 8635 1.000e4
129	Size	41 Extrusion POPC 0.2 mg_ml 50 degrees 3	17 February 2026 10:57:07	50.0	116.5	0.093	130.1	0.000	0.000	100.0	0.0	0.0	45.34	0.000	0.000	0.0 0.0 0.0 0.0 0.0 0.0 0.0 0.0 0.0 0.0 0.0 0.0 0.0 0.0 0.0 0.0 0.0 0.0 0.0 0.0 0.0 0.0 0.0 0.0 0.0 0.0 0.0 0.0 0.0 0.0 0.0 0.0 0.0 0.0 1.5 4.7 8.8 12.6 15.0 15.7 14.4 11.8 8.3 4.8 2.0 0.4 0.0 0.0 0.0 0.0 0.0 0.0 0.0 0.0 0.0 0.0 0.0 0.0 0.0 0.0 0.0 0.0 0.0 0.0 0.0 0.0 0.0 0.0 0.0 0.0	0.4000 0.4632 0.5365 0.6213 0.7195 0.8332 0.9649 1.117 1.294 1.499 1.736 2.010 2.328 2.696 3.122 3.615 4.187 4.849 5.615 6.503 7.531 8.721 10.10 11.70 13.54 15.69 18.17 21.04 24.36 28.21 32.67 37.84 43.82 50.75 58.77 68.06 78.82 91.28 105.7 122.4 141.8 164.2 190.1 220.2 255.0 295.3 342.0 396.1 458.7 531.2 615.1 712.4 825.0 955.4 1106 1281 1484 1718 1990 2305 2669 3091 3580 4145 4801 5560 6439 7456 8635 1.000e4
130	Size	41 Extrusion POPC 0.2 mg_ml 60 degrees 1	17 February 2026 11:07:33	60.0	108.0	0.081	117.5	0.000	0.000	100.0	0.0	0.0	34.68	0.000	0.000	0.0 0.0 0.0 0.0 0.0 0.0 0.0 0.0 0.0 0.0 0.0 0.0 0.0 0.0 0.0 0.0 0.0 0.0 0.0 0.0 0.0 0.0 0.0 0.0 0.0 0.0 0.0 0.0 0.0 0.0 0.0 0.0 0.0 0.0 1.4 5.5 11.0 15.7 18.1 17.6 14.4 9.7 5.0 1.5 0.0 0.0 0.0 0.0 0.0 0.0 0.0 0.0 0.0 0.0 0.0 0.0 0.0 0.0 0.0 0.0 0.0 0.0 0.0 0.0 0.0 0.0 0.0 0.0 0.0 0.0	0.4000 0.4632 0.5365 0.6213 0.7195 0.8332 0.9649 1.117 1.294 1.499 1.736 2.010 2.328 2.696 3.122 3.615 4.187 4.849 5.615 6.503 7.531 8.721 10.10 11.70 13.54 15.69 18.17 21.04 24.36 28.21 32.67 37.84 43.82 50.75 58.77 68.06 78.82 91.28 105.7 122.4 141.8 164.2 190.1 220.2 255.0 295.3 342.0 396.1 458.7 531.2 615.1 712.4 825.0 955.4 1106 1281 1484 1718 1990 2305 2669 3091 3580 4145 4801 5560 6439 7456 8635 1.000e4
131	Size	41 Extrusion POPC 0.2 mg_ml 60 degrees 2	17 February 2026 11:10:25	60.0	108.1	0.087	117.6	0.000	0.000	100.0	0.0	0.0	34.18	0.000	0.000	0.0 0.0 0.0 0.0 0.0 0.0 0.0 0.0 0.0 0.0 0.0 0.0 0.0 0.0 0.0 0.0 0.0 0.0 0.0 0.0 0.0 0.0 0.0 0.0 0.0 0.0 0.0 0.0 0.0 0.0 0.0 0.0 0.0 0.0 1.2 5.2 10.9 15.9 18.4 17.9 14.6 9.7 4.8 1.4 0.0 0.0 0.0 0.0 0.0 0.0 0.0 0.0 0.0 0.0 0.0 0.0 0.0 0.0 0.0 0.0 0.0 0.0 0.0 0.0 0.0 0.0 0.0 0.0 0.0 0.0	0.4000 0.4632 0.5365 0.6213 0.7195 0.8332 0.9649 1.117 1.294 1.499 1.736 2.010 2.328 2.696 3.122 3.615 4.187 4.849 5.615 6.503 7.531 8.721 10.10 11.70 13.54 15.69 18.17 21.04 24.36 28.21 32.67 37.84 43.82 50.75 58.77 68.06 78.82 91.28 105.7 122.4 141.8 164.2 190.1 220.2 255.0 295.3 342.0 396.1 458.7 531.2 615.1 712.4 825.0 955.4 1106 1281 1484 1718 1990 2305 2669 3091 3580 4145 4801 5560 6439 7456 8635 1.000e4
132	Size	41 Extrusion POPC 0.2 mg_ml 60 degrees 3	17 February 2026 11:13:18	60.0	115.0	0.044	122.9	0.000	0.000	100.0	0.0	0.0	33.87	0.000	0.000	0.0 0.0 0.0 0.0 0.0 0.0 0.0 0.0 0.0 0.0 0.0 0.0 0.0 0.0 0.0 0.0 0.0 0.0 0.0 0.0 0.0 0.0 0.0 0.0 0.0 0.0 0.0 0.0 0.0 0.0 0.0 0.0 0.0 0.0 0.0 3.1 8.7 14.6 18.6 19.3 16.6 11.5 5.9 1.7 0.0 0.0 0.0 0.0 0.0 0.0 0.0 0.0 0.0 0.0 0.0 0.0 0.0 0.0 0.0 0.0 0.0 0.0 0.0 0.0 0.0 0.0 0.0 0.0 0.0 0.0	0.4000 0.4632 0.5365 0.6213 0.7195 0.8332 0.9649 1.117 1.294 1.499 1.736 2.010 2.328 2.696 3.122 3.615 4.187 4.849 5.615 6.503 7.531 8.721 10.10 11.70 13.54 15.69 18.17 21.04 24.36 28.21 32.67 37.84 43.82 50.75 58.77 68.06 78.82 91.28 105.7 122.4 141.8 164.2 190.1 220.2 255.0 295.3 342.0 396.1 458.7 531.2 615.1 712.4 825.0 955.4 1106 1281 1484 1718 1990 2305 2669 3091 3580 4145 4801 5560 6439 7456 8635 1.000e4
133	Size	31 Extrusion POPC 0.2 mg_ml 60 degrees 1	17 February 2026 11:28:39	60.0	106.0	0.166	108.1	0.000	0.000	100.0	0.0	0.0	28.60	0.000	0.000	0.0 0.0 0.0 0.0 0.0 0.0 0.0 0.0 0.0 0.0 0.0 0.0 0.0 0.0 0.0 0.0 0.0 0.0 0.0 0.0 0.0 0.0 0.0 0.0 0.0 0.0 0.0 0.0 0.0 0.0 0.0 0.0 0.0 0.0 1.8 7.2 13.9 19.0 20.3 17.6 12.2 6.2 1.7 0.0 0.0 0.0 0.0 0.0 0.0 0.0 0.0 0.0 0.0 0.0 0.0 0.0 0.0 0.0 0.0 0.0 0.0 0.0 0.0 0.0 0.0 0.0 0.0 0.0 0.0 0.0	0.4000 0.4632 0.5365 0.6213 0.7195 0.8332 0.9649 1.117 1.294 1.499 1.736 2.010 2.328 2.696 3.122 3.615 4.187 4.849 5.615 6.503 7.531 8.721 10.10 11.70 13.54 15.69 18.17 21.04 24.36 28.21 32.67 37.84 43.82 50.75 58.77 68.06 78.82 91.28 105.7 122.4 141.8 164.2 190.1 220.2 255.0 295.3 342.0 396.1 458.7 531.2 615.1 712.4 825.0 955.4 1106 1281 1484 1718 1990 2305 2669 3091 3580 4145 4801 5560 6439 7456 8635 1.000e4
134	Size	31 Extrusion POPC 0.2 mg_ml 60 degrees 2	17 February 2026 11:31:31	60.0	105.0	0.105	112.1	0.000	0.000	100.0	0.0	0.0	31.83	0.000	0.000	0.0 0.0 0.0 0.0 0.0 0.0 0.0 0.0 0.0 0.0 0.0 0.0 0.0 0.0 0.0 0.0 0.0 0.0 0.0 0.0 0.0 0.0 0.0 0.0 0.0 0.0 0.0 0.0 0.0 0.0 0.0 0.0 0.0 0.0 1.9 6.7 12.6 17.3 19.1 17.5 13.2 7.9 3.2 0.5 0.0 0.0 0.0 0.0 0.0 0.0 0.0 0.0 0.0 0.0 0.0 0.0 0.0 0.0 0.0 0.0 0.0 0.0 0.0 0.0 0.0 0.0 0.0 0.0 0.0 0.0	0.4000 0.4632 0.5365 0.6213 0.7195 0.8332 0.9649 1.117 1.294 1.499 1.736 2.010 2.328 2.696 3.122 3.615 4.187 4.849 5.615 6.503 7.531 8.721 10.10 11.70 13.54 15.69 18.17 21.04 24.36 28.21 32.67 37.84 43.82 50.75 58.77 68.06 78.82 91.28 105.7 122.4 141.8 164.2 190.1 220.2 255.0 295.3 342.0 396.1 458.7 531.2 615.1 712.4 825.0 955.4 1106 1281 1484 1718 1990 2305 2669 3091 3580 4145 4801 5560 6439 7456 8635 1.000e4
135	Size	31 Extrusion POPC 0.2 mg_ml 60 degrees 3	17 February 2026 11:34:24	60.0	103.8	0.113	109.6	0.000	0.000	100.0	0.0	0.0	27.91	0.000	0.000	0.0 0.0 0.0 0.0 0.0 0.0 0.0 0.0 0.0 0.0 0.0 0.0 0.0 0.0 0.0 0.0 0.0 0.0 0.0 0.0 0.0 0.0 0.0 0.0 0.0 0.0 0.0 0.0 0.0 0.0 0.0 0.0 0.0 0.0 0.8 6.0 13.3 19.2 21.2 18.6 12.9 6.4 1.7 0.0 0.0 0.0 0.0 0.0 0.0 0.0 0.0 0.0 0.0 0.0 0.0 0.0 0.0 0.0 0.0 0.0 0.0 0.0 0.0 0.0 0.0 0.0 0.0 0.0 0.0 0.0	0.4000 0.4632 0.5365 0.6213 0.7195 0.8332 0.9649 1.117 1.294 1.499 1.736 2.010 2.328 2.696 3.122 3.615 4.187 4.849 5.615 6.503 7.531 8.721 10.10 11.70 13.54 15.69 18.17 21.04 24.36 28.21 32.67 37.84 43.82 50.75 58.77 68.06 78.82 91.28 105.7 122.4 141.8 164.2 190.1 220.2 255.0 295.3 342.0 396.1 458.7 531.2 615.1 712.4 825.0 955.4 1106 1281 1484 1718 1990 2305 2669 3091 3580 4145 4801 5560 6439 7456 8635 1.000e4
136	Size	31 Extrusion POPC 0.2 mg_ml 50 degrees 1	17 February 2026 11:44:40	50.0	102.5	0.085	113.0	0.000	0.000	100.0	0.0	0.0	36.43	0.000	0.000	0.0 0.0 0.0 0.0 0.0 0.0 0.0 0.0 0.0 0.0 0.0 0.0 0.0 0.0 0.0 0.0 0.0 0.0 0.0 0.0 0.0 0.0 0.0 0.0 0.0 0.0 0.0 0.0 0.0 0.0 0.0 0.0 0.0 0.9 3.7 7.8 12.1 15.4 16.7 15.7 12.8 8.7 4.6 1.5 0.0 0.0 0.0 0.0 0.0 0.0 0.0 0.0 0.0 0.0 0.0 0.0 0.0 0.0 0.0 0.0 0.0 0.0 0.0 0.0 0.0 0.0 0.0 0.0 0.0 0.0	0.4000 0.4632 0.5365 0.6213 0.7195 0.8332 0.9649 1.117 1.294 1.499 1.736 2.010 2.328 2.696 3.122 3.615 4.187 4.849 5.615 6.503 7.531 8.721 10.10 11.70 13.54 15.69 18.17 21.04 24.36 28.21 32.67 37.84 43.82 50.75 58.77 68.06 78.82 91.28 105.7 122.4 141.8 164.2 190.1 220.2 255.0 295.3 342.0 396.1 458.7 531.2 615.1 712.4 825.0 955.4 1106 1281 1484 1718 1990 2305 2669 3091 3580 4145 4801 5560 6439 7456 8635 1.000e4
137	Size	31 Extrusion POPC 0.2 mg_ml 50 degrees 2	17 February 2026 11:48:02	50.0	103.9	0.088	114.4	0.000	0.000	100.0	0.0	0.0	36.69	0.000	0.000	0.0 0.0 0.0 0.0 0.0 0.0 0.0 0.0 0.0 0.0 0.0 0.0 0.0 0.0 0.0 0.0 0.0 0.0 0.0 0.0 0.0 0.0 0.0 0.0 0.0 0.0 0.0 0.0 0.0 0.0 0.0 0.0 0.0 0.3 3.0 7.5 12.3 15.7 17.0 15.9 12.8 8.8 4.7 1.7 0.2 0.0 0.0 0.0 0.0 0.0 0.0 0.0 0.0 0.0 0.0 0.0 0.0 0.0 0.0 0.0 0.0 0.0 0.0 0.0 0.0 0.0 0.0 0.0 0.0 0.0	0.4000 0.4632 0.5365 0.6213 0.7195 0.8332 0.9649 1.117 1.294 1.499 1.736 2.010 2.328 2.696 3.122 3.615 4.187 4.849 5.615 6.503 7.531 8.721 10.10 11.70 13.54 15.69 18.17 21.04 24.36 28.21 32.67 37.84 43.82 50.75 58.77 68.06 78.82 91.28 105.7 122.4 141.8 164.2 190.1 220.2 255.0 295.3 342.0 396.1 458.7 531.2 615.1 712.4 825.0 955.4 1106 1281 1484 1718 1990 2305 2669 3091 3580 4145 4801 5560 6439 7456 8635 1.000e4
138	Size	31 Extrusion POPC 0.2 mg_ml 50 degrees 3	17 February 2026 11:51:26	50.0	103.4	0.088	113.0	0.000	0.000	100.0	0.0	0.0	34.00	0.000	0.000	0.0 0.0 0.0 0.0 0.0 0.0 0.0 0.0 0.0 0.0 0.0 0.0 0.0 0.0 0.0 0.0 0.0 0.0 0.0 0.0 0.0 0.0 0.0 0.0 0.0 0.0 0.0 0.0 0.0 0.0 0.0 0.0 0.0 0.0 2.4 7.2 12.6 16.7 18.1 16.6 13.0 8.3 4.0 1.1 0.0 0.0 0.0 0.0 0.0 0.0 0.0 0.0 0.0 0.0 0.0 0.0 0.0 0.0 0.0 0.0 0.0 0.0 0.0 0.0 0.0 0.0 0.0 0.0 0.0 0.0	0.4000 0.4632 0.5365 0.6213 0.7195 0.8332 0.9649 1.117 1.294 1.499 1.736 2.010 2.328 2.696 3.122 3.615 4.187 4.849 5.615 6.503 7.531 8.721 10.10 11.70 13.54 15.69 18.17 21.04 24.36 28.21 32.67 37.84 43.82 50.75 58.77 68.06 78.82 91.28 105.7 122.4 141.8 164.2 190.1 220.2 255.0 295.3 342.0 396.1 458.7 531.2 615.1 712.4 825.0 955.4 1106 1281 1484 1718 1990 2305 2669 3091 3580 4145 4801 5560 6439 7456 8635 1.000e4
139	Size	31 Extrusion POPC 0.2 mg_ml 40 degrees 1	17 February 2026 12:01:13	40.0	103.2	0.106	116.2	0.000	0.000	100.0	0.0	0.0	41.85	0.000	0.000	0.0 0.0 0.0 0.0 0.0 0.0 0.0 0.0 0.0 0.0 0.0 0.0 0.0 0.0 0.0 0.0 0.0 0.0 0.0 0.0 0.0 0.0 0.0 0.0 0.0 0.0 0.0 0.0 0.0 0.0 0.0 0.0 0.0 1.2 4.2 8.1 11.9 14.4 15.3 14.4 12.1 8.9 5.6 2.8 0.9 0.1 0.0 0.0 0.0 0.0 0.0 0.0 0.0 0.0 0.0 0.0 0.0 0.0 0.0 0.0 0.0 0.0 0.0 0.0 0.0 0.0 0.0 0.0 0.0 0.0	0.4000 0.4632 0.5365 0.6213 0.7195 0.8332 0.9649 1.117 1.294 1.499 1.736 2.010 2.328 2.696 3.122 3.615 4.187 4.849 5.615 6.503 7.531 8.721 10.10 11.70 13.54 15.69 18.17 21.04 24.36 28.21 32.67 37.84 43.82 50.75 58.77 68.06 78.82 91.28 105.7 122.4 141.8 164.2 190.1 220.2 255.0 295.3 342.0 396.1 458.7 531.2 615.1 712.4 825.0 955.4 1106 1281 1484 1718 1990 2305 2669 3091 3580 4145 4801 5560 6439 7456 8635 1.000e4
140	Size	31 Extrusion POPC 0.2 mg_ml 40 degrees 2	17 February 2026 12:04:26	40.0	103.5	0.110	117.2	0.000	0.000	100.0	0.0	0.0	43.32	0.000	0.000	0.0 0.0 0.0 0.0 0.0 0.0 0.0 0.0 0.0 0.0 0.0 0.0 0.0 0.0 0.0 0.0 0.0 0.0 0.0 0.0 0.0 0.0 0.0 0.0 0.0 0.0 0.0 0.0 0.0 0.0 0.0 0.0 0.0 1.3 4.3 8.1 11.8 14.2 15.0 14.2 12.0 9.0 5.8 3.1 1.2 0.2 0.0 0.0 0.0 0.0 0.0 0.0 0.0 0.0 0.0 0.0 0.0 0.0 0.0 0.0 0.0 0.0 0.0 0.0 0.0 0.0 0.0 0.0 0.0 0.0	0.4000 0.4632 0.5365 0.6213 0.7195 0.8332 0.9649 1.117 1.294 1.499 1.736 2.010 2.328 2.696 3.122 3.615 4.187 4.849 5.615 6.503 7.531 8.721 10.10 11.70 13.54 15.69 18.17 21.04 24.36 28.21 32.67 37.84 43.82 50.75 58.77 68.06 78.82 91.28 105.7 122.4 141.8 164.2 190.1 220.2 255.0 295.3 342.0 396.1 458.7 531.2 615.1 712.4 825.0 955.4 1106 1281 1484 1718 1990 2305 2669 3091 3580 4145 4801 5560 6439 7456 8635 1.000e4
141	Size	31 Extrusion POPC 0.2 mg_ml 40 degrees 3	17 February 2026 12:07:39	40.0	102.0	0.098	113.6	0.000	0.000	100.0	0.0	0.0	38.69	0.000	0.000	0.0 0.0 0.0 0.0 0.0 0.0 0.0 0.0 0.0 0.0 0.0 0.0 0.0 0.0 0.0 0.0 0.0 0.0 0.0 0.0 0.0 0.0 0.0 0.0 0.0 0.0 0.0 0.0 0.0 0.0 0.0 0.0 0.0 1.0 4.0 8.3 12.4 15.3 16.1 15.0 12.2 8.5 4.9 2.0 0.4 0.0 0.0 0.0 0.0 0.0 0.0 0.0 0.0 0.0 0.0 0.0 0.0 0.0 0.0 0.0 0.0 0.0 0.0 0.0 0.0 0.0 0.0 0.0 0.0 0.0	0.4000 0.4632 0.5365 0.6213 0.7195 0.8332 0.9649 1.117 1.294 1.499 1.736 2.010 2.328 2.696 3.122 3.615 4.187 4.849 5.615 6.503 7.531 8.721 10.10 11.70 13.54 15.69 18.17 21.04 24.36 28.21 32.67 37.84 43.82 50.75 58.77 68.06 78.82 91.28 105.7 122.4 141.8 164.2 190.1 220.2 255.0 295.3 342.0 396.1 458.7 531.2 615.1 712.4 825.0 955.4 1106 1281 1484 1718 1990 2305 2669 3091 3580 4145 4801 5560 6439 7456 8635 1.000e4
142	Size	31 Extrusion POPC 0.2 mg_ml 30 degrees 1	17 February 2026 12:18:11	30.0	99.23	0.123	111.2	0.000	0.000	100.0	0.0	0.0	40.27	0.000	0.000	0.0 0.0 0.0 0.0 0.0 0.0 0.0 0.0 0.0 0.0 0.0 0.0 0.0 0.0 0.0 0.0 0.0 0.0 0.0 0.0 0.0 0.0 0.0 0.0 0.0 0.0 0.0 0.0 0.0 0.0 0.0 0.0 0.0 2.0 5.4 9.5 12.9 14.9 15.1 13.7 11.1 7.9 4.7 2.2 0.6 0.0 0.0 0.0 0.0 0.0 0.0 0.0 0.0 0.0 0.0 0.0 0.0 0.0 0.0 0.0 0.0 0.0 0.0 0.0 0.0 0.0 0.0 0.0 0.0 0.0	0.4000 0.4632 0.5365 0.6213 0.7195 0.8332 0.9649 1.117 1.294 1.499 1.736 2.010 2.328 2.696 3.122 3.615 4.187 4.849 5.615 6.503 7.531 8.721 10.10 11.70 13.54 15.69 18.17 21.04 24.36 28.21 32.67 37.84 43.82 50.75 58.77 68.06 78.82 91.28 105.7 122.4 141.8 164.2 190.1 220.2 255.0 295.3 342.0 396.1 458.7 531.2 615.1 712.4 825.0 955.4 1106 1281 1484 1718 1990 2305 2669 3091 3580 4145 4801 5560 6439 7456 8635 1.000e4
143	Size	31 Extrusion POPC 0.2 mg_ml 30 degrees 2	17 February 2026 12:21:24	30.0	102.9	0.133	115.6	0.000	0.000	100.0	0.0	0.0	43.24	0.000	0.000	0.0 0.0 0.0 0.0 0.0 0.0 0.0 0.0 0.0 0.0 0.0 0.0 0.0 0.0 0.0 0.0 0.0 0.0 0.0 0.0 0.0 0.0 0.0 0.0 0.0 0.0 0.0 0.0 0.0 0.0 0.0 0.0 0.0 1.6 4.8 8.6 12.0 14.2 14.8 13.8 11.6 8.6 5.6 2.9 1.1 0.2 0.0 0.0 0.0 0.0 0.0 0.0 0.0 0.0 0.0 0.0 0.0 0.0 0.0 0.0 0.0 0.0 0.0 0.0 0.0 0.0 0.0 0.0 0.0 0.0	0.4000 0.4632 0.5365 0.6213 0.7195 0.8332 0.9649 1.117 1.294 1.499 1.736 2.010 2.328 2.696 3.122 3.615 4.187 4.849 5.615 6.503 7.531 8.721 10.10 11.70 13.54 15.69 18.17 21.04 24.36 28.21 32.67 37.84 43.82 50.75 58.77 68.06 78.82 91.28 105.7 122.4 141.8 164.2 190.1 220.2 255.0 295.3 342.0 396.1 458.7 531.2 615.1 712.4 825.0 955.4 1106 1281 1484 1718 1990 2305 2669 3091 3580 4145 4801 5560 6439 7456 8635 1.000e4
144	Size	31 Extrusion POPC 0.2 mg_ml 30 degrees 3	17 February 2026 12:24:37	30.0	104.5	0.148	114.2	4967	0.000	98.8	1.2	0.0	40.30	623.4	0.000	0.0 0.0 0.0 0.0 0.0 0.0 0.0 0.0 0.0 0.0 0.0 0.0 0.0 0.0 0.0 0.0 0.0 0.0 0.0 0.0 0.0 0.0 0.0 0.0 0.0 0.0 0.0 0.0 0.0 0.0 0.0 0.0 0.0 1.2 4.3 8.4 12.2 14.7 15.4 14.3 11.8 8.5 5.1 2.4 0.7 0.0 0.0 0.0 0.0 0.0 0.0 0.0 0.0 0.0 0.0 0.0 0.0 0.0 0.0 0.0 0.0 0.0 0.1 0.2 0.4 0.5 0.0 0.0 0.0 0.0	0.4000 0.4632 0.5365 0.6213 0.7195 0.8332 0.9649 1.117 1.294 1.499 1.736 2.010 2.328 2.696 3.122 3.615 4.187 4.849 5.615 6.503 7.531 8.721 10.10 11.70 13.54 15.69 18.17 21.04 24.36 28.21 32.67 37.84 43.82 50.75 58.77 68.06 78.82 91.28 105.7 122.4 141.8 164.2 190.1 220.2 255.0 295.3 342.0 396.1 458.7 531.2 615.1 712.4 825.0 955.4 1106 1281 1484 1718 1990 2305 2669 3091 3580 4145 4801 5560 6439 7456 8635 1.000e4
145	Size	31 Extrusion POPC 0.2 mg_ml 20 degrees 1	17 February 2026 12:35:28	20.0	104.5	0.146	122.2	0.000	0.000	100.0	0.0	0.0	51.85	0.000	0.000	0.0 0.0 0.0 0.0 0.0 0.0 0.0 0.0 0.0 0.0 0.0 0.0 0.0 0.0 0.0 0.0 0.0 0.0 0.0 0.0 0.0 0.0 0.0 0.0 0.0 0.0 0.0 0.0 0.0 0.0 0.0 0.0 0.7 2.4 5.0 7.9 10.5 12.3 13.1 12.7 11.3 9.2 6.8 4.4 2.4 0.9 0.2 0.0 0.0 0.0 0.0 0.0 0.0 0.0 0.0 0.0 0.0 0.0 0.0 0.0 0.0 0.0 0.0 0.0 0.0 0.0 0.0 0.0 0.0 0.0	0.4000 0.4632 0.5365 0.6213 0.7195 0.8332 0.9649 1.117 1.294 1.499 1.736 2.010 2.328 2.696 3.122 3.615 4.187 4.849 5.615 6.503 7.531 8.721 10.10 11.70 13.54 15.69 18.17 21.04 24.36 28.21 32.67 37.84 43.82 50.75 58.77 68.06 78.82 91.28 105.7 122.4 141.8 164.2 190.1 220.2 255.0 295.3 342.0 396.1 458.7 531.2 615.1 712.4 825.0 955.4 1106 1281 1484 1718 1990 2305 2669 3091 3580 4145 4801 5560 6439 7456 8635 1.000e4
146	Size	31 Extrusion POPC 0.2 mg_ml 20 degrees 2	17 February 2026 12:38:31	20.0	102.6	0.123	115.9	0.000	0.000	100.0	0.0	0.0	43.77	0.000	0.000	0.0 0.0 0.0 0.0 0.0 0.0 0.0 0.0 0.0 0.0 0.0 0.0 0.0 0.0 0.0 0.0 0.0 0.0 0.0 0.0 0.0 0.0 0.0 0.0 0.0 0.0 0.0 0.0 0.0 0.0 0.0 0.0 0.1 1.8 4.9 8.6 11.9 14.0 14.6 13.7 11.6 8.7 5.7 3.0 1.2 0.2 0.0 0.0 0.0 0.0 0.0 0.0 0.0 0.0 0.0 0.0 0.0 0.0 0.0 0.0 0.0 0.0 0.0 0.0 0.0 0.0 0.0 0.0 0.0 0.0	0.4000 0.4632 0.5365 0.6213 0.7195 0.8332 0.9649 1.117 1.294 1.499 1.736 2.010 2.328 2.696 3.122 3.615 4.187 4.849 5.615 6.503 7.531 8.721 10.10 11.70 13.54 15.69 18.17 21.04 24.36 28.21 32.67 37.84 43.82 50.75 58.77 68.06 78.82 91.28 105.7 122.4 141.8 164.2 190.1 220.2 255.0 295.3 342.0 396.1 458.7 531.2 615.1 712.4 825.0 955.4 1106 1281 1484 1718 1990 2305 2669 3091 3580 4145 4801 5560 6439 7456 8635 1.000e4
147	Size	31 Extrusion POPC 0.2 mg_ml 20 degrees 3	17 February 2026 12:41:33	20.0	101.6	0.148	110.0	0.000	0.000	100.0	0.0	0.0	37.58	0.000	0.000	0.0 0.0 0.0 0.0 0.0 0.0 0.0 0.0 0.0 0.0 0.0 0.0 0.0 0.0 0.0 0.0 0.0 0.0 0.0 0.0 0.0 0.0 0.0 0.0 0.0 0.0 0.0 0.0 0.0 0.0 0.0 0.0 0.0 1.4 4.9 9.3 13.3 15.7 16.0 14.4 11.3 7.6 4.2 1.6 0.3 0.0 0.0 0.0 0.0 0.0 0.0 0.0 0.0 0.0 0.0 0.0 0.0 0.0 0.0 0.0 0.0 0.0 0.0 0.0 0.0 0.0 0.0 0.0 0.0 0.0	0.4000 0.4632 0.5365 0.6213 0.7195 0.8332 0.9649 1.117 1.294 1.499 1.736 2.010 2.328 2.696 3.122 3.615 4.187 4.849 5.615 6.503 7.531 8.721 10.10 11.70 13.54 15.69 18.17 21.04 24.36 28.21 32.67 37.84 43.82 50.75 58.77 68.06 78.82 91.28 105.7 122.4 141.8 164.2 190.1 220.2 255.0 295.3 342.0 396.1 458.7 531.2 615.1 712.4 825.0 955.4 1106 1281 1484 1718 1990 2305 2669 3091 3580 4145 4801 5560 6439 7456 8635 1.000e4
148	Size	31 Extrusion POPC 0.2 mg_ml 10 degrees 1	17 February 2026 12:53:00	10.0	98.80	0.126	110.8	0.000	0.000	100.0	0.0	0.0	40.39	0.000	0.000	0.0 0.0 0.0 0.0 0.0 0.0 0.0 0.0 0.0 0.0 0.0 0.0 0.0 0.0 0.0 0.0 0.0 0.0 0.0 0.0 0.0 0.0 0.0 0.0 0.0 0.0 0.0 0.0 0.0 0.0 0.0 0.0 0.2 2.2 5.6 9.5 12.8 14.7 15.0 13.6 11.0 7.9 4.7 2.2 0.6 0.0 0.0 0.0 0.0 0.0 0.0 0.0 0.0 0.0 0.0 0.0 0.0 0.0 0.0 0.0 0.0 0.0 0.0 0.0 0.0 0.0 0.0 0.0 0.0 0.0	0.4000 0.4632 0.5365 0.6213 0.7195 0.8332 0.9649 1.117 1.294 1.499 1.736 2.010 2.328 2.696 3.122 3.615 4.187 4.849 5.615 6.503 7.531 8.721 10.10 11.70 13.54 15.69 18.17 21.04 24.36 28.21 32.67 37.84 43.82 50.75 58.77 68.06 78.82 91.28 105.7 122.4 141.8 164.2 190.1 220.2 255.0 295.3 342.0 396.1 458.7 531.2 615.1 712.4 825.0 955.4 1106 1281 1484 1718 1990 2305 2669 3091 3580 4145 4801 5560 6439 7456 8635 1.000e4
149	Size	31 Extrusion POPC 0.2 mg_ml 10 degrees 2	17 February 2026 12:56:03	10.0	99.20	0.151	105.0	5071	0.000	98.7	1.3	0.0	32.35	565.7	0.000	0.0 0.0 0.0 0.0 0.0 0.0 0.0 0.0 0.0 0.0 0.0 0.0 0.0 0.0 0.0 0.0 0.0 0.0 0.0 0.0 0.0 0.0 0.0 0.0 0.0 0.0 0.0 0.0 0.0 0.0 0.0 0.0 0.0 1.0 4.7 10.0 14.7 17.3 17.2 14.6 10.4 6.0 2.4 0.5 0.0 0.0 0.0 0.0 0.0 0.0 0.0 0.0 0.0 0.0 0.0 0.0 0.0 0.0 0.0 0.0 0.0 0.0 0.0 0.2 0.4 0.7 0.0 0.0 0.0 0.0	0.4000 0.4632 0.5365 0.6213 0.7195 0.8332 0.9649 1.117 1.294 1.499 1.736 2.010 2.328 2.696 3.122 3.615 4.187 4.849 5.615 6.503 7.531 8.721 10.10 11.70 13.54 15.69 18.17 21.04 24.36 28.21 32.67 37.84 43.82 50.75 58.77 68.06 78.82 91.28 105.7 122.4 141.8 164.2 190.1 220.2 255.0 295.3 342.0 396.1 458.7 531.2 615.1 712.4 825.0 955.4 1106 1281 1484 1718 1990 2305 2669 3091 3580 4145 4801 5560 6439 7456 8635 1.000e4
150	Size	31 Extrusion POPC 0.2 mg_ml 10 degrees 3	17 February 2026 12:59:06	10.0	99.39	0.124	109.0	0.000	0.000	100.0	0.0	0.0	37.33	0.000	0.000	0.0 0.0 0.0 0.0 0.0 0.0 0.0 0.0 0.0 0.0 0.0 0.0 0.0 0.0 0.0 0.0 0.0 0.0 0.0 0.0 0.0 0.0 0.0 0.0 0.0 0.0 0.0 0.0 0.0 0.0 0.0 0.0 0.0 1.5 5.2 9.7 13.6 15.8 16.0 14.2 11.0 7.4 4.0 1.5 0.3 0.0 0.0 0.0 0.0 0.0 0.0 0.0 0.0 0.0 0.0 0.0 0.0 0.0 0.0 0.0 0.0 0.0 0.0 0.0 0.0 0.0 0.0 0.0 0.0 0.0	0.4000 0.4632 0.5365 0.6213 0.7195 0.8332 0.9649 1.117 1.294 1.499 1.736 2.010 2.328 2.696 3.122 3.615 4.187 4.849 5.615 6.503 7.531 8.721 10.10 11.70 13.54 15.69 18.17 21.04 24.36 28.21 32.67 37.84 43.82 50.75 58.77 68.06 78.82 91.28 105.7 122.4 141.8 164.2 190.1 220.2 255.0 295.3 342.0 396.1 458.7 531.2 615.1 712.4 825.0 955.4 1106 1281 1484 1718 1990 2305 2669 3091 3580 4145 4801 5560 6439 7456 8635 1.000e4
151	Size	15 Extrusion POPC 0.2 mg_ml 10 degrees 1	17 February 2026 14:17:26	10.0	113.2	0.112	128.5	0.000	0.000	100.0	0.0	0.0	47.44	0.000	0.000	0.0 0.0 0.0 0.0 0.0 0.0 0.0 0.0 0.0 0.0 0.0 0.0 0.0 0.0 0.0 0.0 0.0 0.0 0.0 0.0 0.0 0.0 0.0 0.0 0.0 0.0 0.0 0.0 0.0 0.0 0.0 0.0 0.0 0.5 2.5 5.7 9.4 12.5 14.4 14.8 13.5 11.1 8.0 4.8 2.3 0.6 0.0 0.0 0.0 0.0 0.0 0.0 0.0 0.0 0.0 0.0 0.0 0.0 0.0 0.0 0.0 0.0 0.0 0.0 0.0 0.0 0.0 0.0 0.0 0.0	0.4000 0.4632 0.5365 0.6213 0.7195 0.8332 0.9649 1.117 1.294 1.499 1.736 2.010 2.328 2.696 3.122 3.615 4.187 4.849 5.615 6.503 7.531 8.721 10.10 11.70 13.54 15.69 18.17 21.04 24.36 28.21 32.67 37.84 43.82 50.75 58.77 68.06 78.82 91.28 105.7 122.4 141.8 164.2 190.1 220.2 255.0 295.3 342.0 396.1 458.7 531.2 615.1 712.4 825.0 955.4 1106 1281 1484 1718 1990 2305 2669 3091 3580 4145 4801 5560 6439 7456 8635 1.000e4
152	Size	15 Extrusion POPC 0.2 mg_ml 10 degrees 2	17 February 2026 14:20:18	10.0	112.5	0.119	125.5	0.000	0.000	100.0	0.0	0.0	44.19	0.000	0.000	0.0 0.0 0.0 0.0 0.0 0.0 0.0 0.0 0.0 0.0 0.0 0.0 0.0 0.0 0.0 0.0 0.0 0.0 0.0 0.0 0.0 0.0 0.0 0.0 0.0 0.0 0.0 0.0 0.0 0.0 0.0 0.0 0.0 0.0 2.0 5.8 10.0 13.6 15.5 15.5 13.7 10.7 7.2 4.0 1.6 0.3 0.0 0.0 0.0 0.0 0.0 0.0 0.0 0.0 0.0 0.0 0.0 0.0 0.0 0.0 0.0 0.0 0.0 0.0 0.0 0.0 0.0 0.0 0.0 0.0	0.4000 0.4632 0.5365 0.6213 0.7195 0.8332 0.9649 1.117 1.294 1.499 1.736 2.010 2.328 2.696 3.122 3.615 4.187 4.849 5.615 6.503 7.531 8.721 10.10 11.70 13.54 15.69 18.17 21.04 24.36 28.21 32.67 37.84 43.82 50.75 58.77 68.06 78.82 91.28 105.7 122.4 141.8 164.2 190.1 220.2 255.0 295.3 342.0 396.1 458.7 531.2 615.1 712.4 825.0 955.4 1106 1281 1484 1718 1990 2305 2669 3091 3580 4145 4801 5560 6439 7456 8635 1.000e4
153	Size	15 Extrusion POPC 0.2 mg_ml 10 degrees 3	17 February 2026 14:23:11	10.0	114.2	0.124	123.2	0.000	0.000	100.0	0.0	0.0	37.27	0.000	0.000	0.0 0.0 0.0 0.0 0.0 0.0 0.0 0.0 0.0 0.0 0.0 0.0 0.0 0.0 0.0 0.0 0.0 0.0 0.0 0.0 0.0 0.0 0.0 0.0 0.0 0.0 0.0 0.0 0.0 0.0 0.0 0.0 0.0 0.0 0.5 4.1 9.6 14.7 17.7 17.8 15.2 11.0 6.3 2.6 0.5 0.0 0.0 0.0 0.0 0.0 0.0 0.0 0.0 0.0 0.0 0.0 0.0 0.0 0.0 0.0 0.0 0.0 0.0 0.0 0.0 0.0 0.0 0.0 0.0 0.0	0.4000 0.4632 0.5365 0.6213 0.7195 0.8332 0.9649 1.117 1.294 1.499 1.736 2.010 2.328 2.696 3.122 3.615 4.187 4.849 5.615 6.503 7.531 8.721 10.10 11.70 13.54 15.69 18.17 21.04 24.36 28.21 32.67 37.84 43.82 50.75 58.77 68.06 78.82 91.28 105.7 122.4 141.8 164.2 190.1 220.2 255.0 295.3 342.0 396.1 458.7 531.2 615.1 712.4 825.0 955.4 1106 1281 1484 1718 1990 2305 2669 3091 3580 4145 4801 5560 6439 7456 8635 1.000e4
154	Size	15 Extrusion POPC 0.2 mg_ml 20 degrees 1	17 February 2026 14:41:19	20.0	118.2	0.129	131.8	0.000	0.000	100.0	0.0	0.0	46.13	0.000	0.000	0.0 0.0 0.0 0.0 0.0 0.0 0.0 0.0 0.0 0.0 0.0 0.0 0.0 0.0 0.0 0.0 0.0 0.0 0.0 0.0 0.0 0.0 0.0 0.0 0.0 0.0 0.0 0.0 0.0 0.0 0.0 0.0 0.0 0.0 1.4 4.4 8.4 12.2 14.8 15.6 14.6 12.0 8.6 5.1 2.3 0.6 0.0 0.0 0.0 0.0 0.0 0.0 0.0 0.0 0.0 0.0 0.0 0.0 0.0 0.0 0.0 0.0 0.0 0.0 0.0 0.0 0.0 0.0 0.0 0.0	0.4000 0.4632 0.5365 0.6213 0.7195 0.8332 0.9649 1.117 1.294 1.499 1.736 2.010 2.328 2.696 3.122 3.615 4.187 4.849 5.615 6.503 7.531 8.721 10.10 11.70 13.54 15.69 18.17 21.04 24.36 28.21 32.67 37.84 43.82 50.75 58.77 68.06 78.82 91.28 105.7 122.4 141.8 164.2 190.1 220.2 255.0 295.3 342.0 396.1 458.7 531.2 615.1 712.4 825.0 955.4 1106 1281 1484 1718 1990 2305 2669 3091 3580 4145 4801 5560 6439 7456 8635 1.000e4
155	Size	15 Extrusion POPC 0.2 mg_ml 20 degrees 2	17 February 2026 14:44:11	20.0	118.0	0.142	129.1	0.000	0.000	100.0	0.0	0.0	44.76	0.000	0.000	0.0 0.0 0.0 0.0 0.0 0.0 0.0 0.0 0.0 0.0 0.0 0.0 0.0 0.0 0.0 0.0 0.0 0.0 0.0 0.0 0.0 0.0 0.0 0.0 0.0 0.0 0.0 0.0 0.0 0.0 0.0 0.0 0.0 0.0 1.4 4.7 9.0 12.9 15.4 15.8 14.4 11.5 8.0 4.5 1.9 0.4 0.0 0.0 0.0 0.0 0.0 0.0 0.0 0.0 0.0 0.0 0.0 0.0 0.0 0.0 0.0 0.0 0.0 0.0 0.0 0.0 0.0 0.0 0.0 0.0	0.4000 0.4632 0.5365 0.6213 0.7195 0.8332 0.9649 1.117 1.294 1.499 1.736 2.010 2.328 2.696 3.122 3.615 4.187 4.849 5.615 6.503 7.531 8.721 10.10 11.70 13.54 15.69 18.17 21.04 24.36 28.21 32.67 37.84 43.82 50.75 58.77 68.06 78.82 91.28 105.7 122.4 141.8 164.2 190.1 220.2 255.0 295.3 342.0 396.1 458.7 531.2 615.1 712.4 825.0 955.4 1106 1281 1484 1718 1990 2305 2669 3091 3580 4145 4801 5560 6439 7456 8635 1.000e4
156	Size	15 Extrusion POPC 0.2 mg_ml 20 degrees 3	17 February 2026 14:47:04	20.0	119.3	0.135	138.8	0.000	0.000	100.0	0.0	0.0	54.70	0.000	0.000	0.0 0.0 0.0 0.0 0.0 0.0 0.0 0.0 0.0 0.0 0.0 0.0 0.0 0.0 0.0 0.0 0.0 0.0 0.0 0.0 0.0 0.0 0.0 0.0 0.0 0.0 0.0 0.0 0.0 0.0 0.0 0.0 0.0 0.5 2.1 4.7 7.8 10.7 12.9 13.9 13.5 11.9 9.5 6.6 3.9 1.7 0.4 0.0 0.0 0.0 0.0 0.0 0.0 0.0 0.0 0.0 0.0 0.0 0.0 0.0 0.0 0.0 0.0 0.0 0.0 0.0 0.0 0.0 0.0 0.0	0.4000 0.4632 0.5365 0.6213 0.7195 0.8332 0.9649 1.117 1.294 1.499 1.736 2.010 2.328 2.696 3.122 3.615 4.187 4.849 5.615 6.503 7.531 8.721 10.10 11.70 13.54 15.69 18.17 21.04 24.36 28.21 32.67 37.84 43.82 50.75 58.77 68.06 78.82 91.28 105.7 122.4 141.8 164.2 190.1 220.2 255.0 295.3 342.0 396.1 458.7 531.2 615.1 712.4 825.0 955.4 1106 1281 1484 1718 1990 2305 2669 3091 3580 4145 4801 5560 6439 7456 8635 1.000e4
157	Size	15 Extrusion POPC 0.2 mg_ml 30 degrees 1	17 February 2026 14:56:45	30.0	125.2	0.131	136.8	0.000	0.000	100.0	0.0	0.0	47.14	0.000	0.000	0.0 0.0 0.0 0.0 0.0 0.0 0.0 0.0 0.0 0.0 0.0 0.0 0.0 0.0 0.0 0.0 0.0 0.0 0.0 0.0 0.0 0.0 0.0 0.0 0.0 0.0 0.0 0.0 0.0 0.0 0.0 0.0 0.0 0.0 0.5 3.2 7.3 11.5 14.6 15.9 15.2 12.8 9.4 5.9 2.8 0.8 0.0 0.0 0.0 0.0 0.0 0.0 0.0 0.0 0.0 0.0 0.0 0.0 0.0 0.0 0.0 0.0 0.0 0.0 0.0 0.0 0.0 0.0 0.0 0.0	0.4000 0.4632 0.5365 0.6213 0.7195 0.8332 0.9649 1.117 1.294 1.499 1.736 2.010 2.328 2.696 3.122 3.615 4.187 4.849 5.615 6.503 7.531 8.721 10.10 11.70 13.54 15.69 18.17 21.04 24.36 28.21 32.67 37.84 43.82 50.75 58.77 68.06 78.82 91.28 105.7 122.4 141.8 164.2 190.1 220.2 255.0 295.3 342.0 396.1 458.7 531.2 615.1 712.4 825.0 955.4 1106 1281 1484 1718 1990 2305 2669 3091 3580 4145 4801 5560 6439 7456 8635 1.000e4
158	Size	15 Extrusion POPC 0.2 mg_ml 30 degrees 2	17 February 2026 14:59:38	30.0	125.9	0.150	150.4	0.000	0.000	100.0	0.0	0.0	65.59	0.000	0.000	0.0 0.0 0.0 0.0 0.0 0.0 0.0 0.0 0.0 0.0 0.0 0.0 0.0 0.0 0.0 0.0 0.0 0.0 0.0 0.0 0.0 0.0 0.0 0.0 0.0 0.0 0.0 0.0 0.0 0.0 0.0 0.0 0.2 1.0 2.4 4.3 6.6 8.9 10.8 12.1 12.4 11.8 10.3 8.1 5.7 3.4 1.5 0.4 0.0 0.0 0.0 0.0 0.0 0.0 0.0 0.0 0.0 0.0 0.0 0.0 0.0 0.0 0.0 0.0 0.0 0.0 0.0 0.0 0.0 0.0	0.4000 0.4632 0.5365 0.6213 0.7195 0.8332 0.9649 1.117 1.294 1.499 1.736 2.010 2.328 2.696 3.122 3.615 4.187 4.849 5.615 6.503 7.531 8.721 10.10 11.70 13.54 15.69 18.17 21.04 24.36 28.21 32.67 37.84 43.82 50.75 58.77 68.06 78.82 91.28 105.7 122.4 141.8 164.2 190.1 220.2 255.0 295.3 342.0 396.1 458.7 531.2 615.1 712.4 825.0 955.4 1106 1281 1484 1718 1990 2305 2669 3091 3580 4145 4801 5560 6439 7456 8635 1.000e4
159	Size	15 Extrusion POPC 0.2 mg_ml 30 degrees 3	17 February 2026 15:02:30	30.0	123.1	0.152	135.3	0.000	0.000	100.0	0.0	0.0	49.20	0.000	0.000	0.0 0.0 0.0 0.0 0.0 0.0 0.0 0.0 0.0 0.0 0.0 0.0 0.0 0.0 0.0 0.0 0.0 0.0 0.0 0.0 0.0 0.0 0.0 0.0 0.0 0.0 0.0 0.0 0.0 0.0 0.0 0.0 0.0 0.0 1.2 4.2 8.1 11.8 14.3 15.2 14.3 12.1 9.0 5.8 3.0 1.0 0.1 0.0 0.0 0.0 0.0 0.0 0.0 0.0 0.0 0.0 0.0 0.0 0.0 0.0 0.0 0.0 0.0 0.0 0.0 0.0 0.0 0.0 0.0 0.0	0.4000 0.4632 0.5365 0.6213 0.7195 0.8332 0.9649 1.117 1.294 1.499 1.736 2.010 2.328 2.696 3.122 3.615 4.187 4.849 5.615 6.503 7.531 8.721 10.10 11.70 13.54 15.69 18.17 21.04 24.36 28.21 32.67 37.84 43.82 50.75 58.77 68.06 78.82 91.28 105.7 122.4 141.8 164.2 190.1 220.2 255.0 295.3 342.0 396.1 458.7 531.2 615.1 712.4 825.0 955.4 1106 1281 1484 1718 1990 2305 2669 3091 3580 4145 4801 5560 6439 7456 8635 1.000e4
160	Size	15 Extrusion POPC 0.2 mg_ml 40 degrees 1	17 February 2026 15:20:37	40.0	125.7	0.136	143.1	0.000	0.000	100.0	0.0	0.0	56.13	0.000	0.000	0.0 0.0 0.0 0.0 0.0 0.0 0.0 0.0 0.0 0.0 0.0 0.0 0.0 0.0 0.0 0.0 0.0 0.0 0.0 0.0 0.0 0.0 0.0 0.0 0.0 0.0 0.0 0.0 0.0 0.0 0.0 0.0 0.0 0.0 1.3 4.0 7.3 10.5 12.9 14.0 13.7 12.2 9.9 7.1 4.3 2.1 0.7 0.0 0.0 0.0 0.0 0.0 0.0 0.0 0.0 0.0 0.0 0.0 0.0 0.0 0.0 0.0 0.0 0.0 0.0 0.0 0.0 0.0 0.0 0.0	0.4000 0.4632 0.5365 0.6213 0.7195 0.8332 0.9649 1.117 1.294 1.499 1.736 2.010 2.328 2.696 3.122 3.615 4.187 4.849 5.615 6.503 7.531 8.721 10.10 11.70 13.54 15.69 18.17 21.04 24.36 28.21 32.67 37.84 43.82 50.75 58.77 68.06 78.82 91.28 105.7 122.4 141.8 164.2 190.1 220.2 255.0 295.3 342.0 396.1 458.7 531.2 615.1 712.4 825.0 955.4 1106 1281 1484 1718 1990 2305 2669 3091 3580 4145 4801 5560 6439 7456 8635 1.000e4
161	Size	15 Extrusion POPC 0.2 mg_ml 40 degrees 2	17 February 2026 15:23:40	40.0	122.6	0.099	137.2	0.000	0.000	100.0	0.0	0.0	47.64	0.000	0.000	0.0 0.0 0.0 0.0 0.0 0.0 0.0 0.0 0.0 0.0 0.0 0.0 0.0 0.0 0.0 0.0 0.0 0.0 0.0 0.0 0.0 0.0 0.0 0.0 0.0 0.0 0.0 0.0 0.0 0.0 0.0 0.0 0.0 0.0 0.8 3.4 7.2 11.2 14.2 15.6 15.1 13.0 9.7 6.1 2.9 0.8 0.0 0.0 0.0 0.0 0.0 0.0 0.0 0.0 0.0 0.0 0.0 0.0 0.0 0.0 0.0 0.0 0.0 0.0 0.0 0.0 0.0 0.0 0.0 0.0	0.4000 0.4632 0.5365 0.6213 0.7195 0.8332 0.9649 1.117 1.294 1.499 1.736 2.010 2.328 2.696 3.122 3.615 4.187 4.849 5.615 6.503 7.531 8.721 10.10 11.70 13.54 15.69 18.17 21.04 24.36 28.21 32.67 37.84 43.82 50.75 58.77 68.06 78.82 91.28 105.7 122.4 141.8 164.2 190.1 220.2 255.0 295.3 342.0 396.1 458.7 531.2 615.1 712.4 825.0 955.4 1106 1281 1484 1718 1990 2305 2669 3091 3580 4145 4801 5560 6439 7456 8635 1.000e4
162	Size	15 Extrusion POPC 0.2 mg_ml 40 degrees 3	17 February 2026 15:26:42	40.0	122.2	0.074	133.1	0.000	0.000	100.0	0.0	0.0	40.35	0.000	0.000	0.0 0.0 0.0 0.0 0.0 0.0 0.0 0.0 0.0 0.0 0.0 0.0 0.0 0.0 0.0 0.0 0.0 0.0 0.0 0.0 0.0 0.0 0.0 0.0 0.0 0.0 0.0 0.0 0.0 0.0 0.0 0.0 0.0 0.0 0.0 2.3 6.8 11.9 16.0 17.8 16.8 13.5 9.0 4.6 1.4 0.0 0.0 0.0 0.0 0.0 0.0 0.0 0.0 0.0 0.0 0.0 0.0 0.0 0.0 0.0 0.0 0.0 0.0 0.0 0.0 0.0 0.0 0.0 0.0 0.0	0.4000 0.4632 0.5365 0.6213 0.7195 0.8332 0.9649 1.117 1.294 1.499 1.736 2.010 2.328 2.696 3.122 3.615 4.187 4.849 5.615 6.503 7.531 8.721 10.10 11.70 13.54 15.69 18.17 21.04 24.36 28.21 32.67 37.84 43.82 50.75 58.77 68.06 78.82 91.28 105.7 122.4 141.8 164.2 190.1 220.2 255.0 295.3 342.0 396.1 458.7 531.2 615.1 712.4 825.0 955.4 1106 1281 1484 1718 1990 2305 2669 3091 3580 4145 4801 5560 6439 7456 8635 1.000e4
163	Size	15 Extrusion POPC 0.2 mg_ml 50 degrees 1	17 February 2026 15:37:35	50.0	125.9	0.100	141.8	0.000	0.000	100.0	0.0	0.0	50.71	0.000	0.000	0.0 0.0 0.0 0.0 0.0 0.0 0.0 0.0 0.0 0.0 0.0 0.0 0.0 0.0 0.0 0.0 0.0 0.0 0.0 0.0 0.0 0.0 0.0 0.0 0.0 0.0 0.0 0.0 0.0 0.0 0.0 0.0 0.0 0.0 1.0 3.3 6.6 10.2 13.1 14.8 14.9 13.4 10.5 7.1 3.8 1.3 0.1 0.0 0.0 0.0 0.0 0.0 0.0 0.0 0.0 0.0 0.0 0.0 0.0 0.0 0.0 0.0 0.0 0.0 0.0 0.0 0.0 0.0 0.0 0.0	0.4000 0.4632 0.5365 0.6213 0.7195 0.8332 0.9649 1.117 1.294 1.499 1.736 2.010 2.328 2.696 3.122 3.615 4.187 4.849 5.615 6.503 7.531 8.721 10.10 11.70 13.54 15.69 18.17 21.04 24.36 28.21 32.67 37.84 43.82 50.75 58.77 68.06 78.82 91.28 105.7 122.4 141.8 164.2 190.1 220.2 255.0 295.3 342.0 396.1 458.7 531.2 615.1 712.4 825.0 955.4 1106 1281 1484 1718 1990 2305 2669 3091 3580 4145 4801 5560 6439 7456 8635 1.000e4
164	Size	15 Extrusion POPC 0.2 mg_ml 50 degrees 2	17 February 2026 15:40:38	50.0	123.3	0.075	135.7	0.000	0.000	100.0	0.0	0.0	43.85	0.000	0.000	0.0 0.0 0.0 0.0 0.0 0.0 0.0 0.0 0.0 0.0 0.0 0.0 0.0 0.0 0.0 0.0 0.0 0.0 0.0 0.0 0.0 0.0 0.0 0.0 0.0 0.0 0.0 0.0 0.0 0.0 0.0 0.0 0.0 0.0 0.5 2.9 6.7 11.1 14.7 16.6 16.2 13.7 9.8 5.5 2.1 0.3 0.0 0.0 0.0 0.0 0.0 0.0 0.0 0.0 0.0 0.0 0.0 0.0 0.0 0.0 0.0 0.0 0.0 0.0 0.0 0.0 0.0 0.0 0.0 0.0	0.4000 0.4632 0.5365 0.6213 0.7195 0.8332 0.9649 1.117 1.294 1.499 1.736 2.010 2.328 2.696 3.122 3.615 4.187 4.849 5.615 6.503 7.531 8.721 10.10 11.70 13.54 15.69 18.17 21.04 24.36 28.21 32.67 37.84 43.82 50.75 58.77 68.06 78.82 91.28 105.7 122.4 141.8 164.2 190.1 220.2 255.0 295.3 342.0 396.1 458.7 531.2 615.1 712.4 825.0 955.4 1106 1281 1484 1718 1990 2305 2669 3091 3580 4145 4801 5560 6439 7456 8635 1.000e4
165	Size	15 Extrusion POPC 0.2 mg_ml 50 degrees 3	17 February 2026 15:43:41	50.0	123.1	0.064	133.9	0.000	0.000	100.0	0.0	0.0	40.75	0.000	0.000	0.0 0.0 0.0 0.0 0.0 0.0 0.0 0.0 0.0 0.0 0.0 0.0 0.0 0.0 0.0 0.0 0.0 0.0 0.0 0.0 0.0 0.0 0.0 0.0 0.0 0.0 0.0 0.0 0.0 0.0 0.0 0.0 0.0 0.0 0.1 2.4 6.6 11.5 15.6 17.6 16.9 13.8 9.3 4.8 1.4 0.0 0.0 0.0 0.0 0.0 0.0 0.0 0.0 0.0 0.0 0.0 0.0 0.0 0.0 0.0 0.0 0.0 0.0 0.0 0.0 0.0 0.0 0.0 0.0 0.0	0.4000 0.4632 0.5365 0.6213 0.7195 0.8332 0.9649 1.117 1.294 1.499 1.736 2.010 2.328 2.696 3.122 3.615 4.187 4.849 5.615 6.503 7.531 8.721 10.10 11.70 13.54 15.69 18.17 21.04 24.36 28.21 32.67 37.84 43.82 50.75 58.77 68.06 78.82 91.28 105.7 122.4 141.8 164.2 190.1 220.2 255.0 295.3 342.0 396.1 458.7 531.2 615.1 712.4 825.0 955.4 1106 1281 1484 1718 1990 2305 2669 3091 3580 4145 4801 5560 6439 7456 8635 1.000e4
166	Size	15 Extrusion POPC 0.2 mg_ml 60 degrees 1	17 February 2026 15:54:23	60.0	125.0	0.027	131.8	0.000	0.000	100.0	0.0	0.0	32.89	0.000	0.000	0.0 0.0 0.0 0.0 0.0 0.0 0.0 0.0 0.0 0.0 0.0 0.0 0.0 0.0 0.0 0.0 0.0 0.0 0.0 0.0 0.0 0.0 0.0 0.0 0.0 0.0 0.0 0.0 0.0 0.0 0.0 0.0 0.0 0.0 0.0 0.0 4.2 11.3 18.0 21.3 20.0 14.8 8.0 2.4 0.0 0.0 0.0 0.0 0.0 0.0 0.0 0.0 0.0 0.0 0.0 0.0 0.0 0.0 0.0 0.0 0.0 0.0 0.0 0.0 0.0 0.0 0.0 0.0 0.0 0.0	0.4000 0.4632 0.5365 0.6213 0.7195 0.8332 0.9649 1.117 1.294 1.499 1.736 2.010 2.328 2.696 3.122 3.615 4.187 4.849 5.615 6.503 7.531 8.721 10.10 11.70 13.54 15.69 18.17 21.04 24.36 28.21 32.67 37.84 43.82 50.75 58.77 68.06 78.82 91.28 105.7 122.4 141.8 164.2 190.1 220.2 255.0 295.3 342.0 396.1 458.7 531.2 615.1 712.4 825.0 955.4 1106 1281 1484 1718 1990 2305 2669 3091 3580 4145 4801 5560 6439 7456 8635 1.000e4
167	Size	15 Extrusion POPC 0.2 mg_ml 60 degrees 2	17 February 2026 15:57:25	60.0	124.3	0.041	132.4	0.000	0.000	100.0	0.0	0.0	33.49	0.000	0.000	0.0 0.0 0.0 0.0 0.0 0.0 0.0 0.0 0.0 0.0 0.0 0.0 0.0 0.0 0.0 0.0 0.0 0.0 0.0 0.0 0.0 0.0 0.0 0.0 0.0 0.0 0.0 0.0 0.0 0.0 0.0 0.0 0.0 0.0 0.0 0.2 4.3 11.1 17.6 20.9 19.8 15.0 8.3 2.7 0.0 0.0 0.0 0.0 0.0 0.0 0.0 0.0 0.0 0.0 0.0 0.0 0.0 0.0 0.0 0.0 0.0 0.0 0.0 0.0 0.0 0.0 0.0 0.0 0.0 0.0	0.4000 0.4632 0.5365 0.6213 0.7195 0.8332 0.9649 1.117 1.294 1.499 1.736 2.010 2.328 2.696 3.122 3.615 4.187 4.849 5.615 6.503 7.531 8.721 10.10 11.70 13.54 15.69 18.17 21.04 24.36 28.21 32.67 37.84 43.82 50.75 58.77 68.06 78.82 91.28 105.7 122.4 141.8 164.2 190.1 220.2 255.0 295.3 342.0 396.1 458.7 531.2 615.1 712.4 825.0 955.4 1106 1281 1484 1718 1990 2305 2669 3091 3580 4145 4801 5560 6439 7456 8635 1.000e4
168	Size	15 Extrusion POPC 0.2 mg_ml 60 degrees 3	17 February 2026 16:00:28	60.0	122.5	0.085	135.1	0.000	0.000	100.0	0.0	0.0	43.36	0.000	0.000	0.0 0.0 0.0 0.0 0.0 0.0 0.0 0.0 0.0 0.0 0.0 0.0 0.0 0.0 0.0 0.0 0.0 0.0 0.0 0.0 0.0 0.0 0.0 0.0 0.0 0.0 0.0 0.0 0.0 0.0 0.0 0.0 0.0 0.0 0.4 2.8 6.8 11.4 15.0 16.8 16.2 13.5 9.6 5.3 2.0 0.2 0.0 0.0 0.0 0.0 0.0 0.0 0.0 0.0 0.0 0.0 0.0 0.0 0.0 0.0 0.0 0.0 0.0 0.0 0.0 0.0 0.0 0.0 0.0 0.0	0.4000 0.4632 0.5365 0.6213 0.7195 0.8332 0.9649 1.117 1.294 1.499 1.736 2.010 2.328 2.696 3.122 3.615 4.187 4.849 5.615 6.503 7.531 8.721 10.10 11.70 13.54 15.69 18.17 21.04 24.36 28.21 32.67 37.84 43.82 50.75 58.77 68.06 78.82 91.28 105.7 122.4 141.8 164.2 190.1 220.2 255.0 295.3 342.0 396.1 458.7 531.2 615.1 712.4 825.0 955.4 1106 1281 1484 1718 1990 2305 2669 3091 3580 4145 4801 5560 6439 7456 8635 1.000e4
169	Size	31 Extrusion POPC 0.2 mg_ml 10 degrees 1	24 February 2026 10:33:12	10.0	94.43	0.103	104.1	0.000	0.000	100.0	0.0	0.0	34.07	0.000	0.000	0.0 0.0 0.0 0.0 0.0 0.0 0.0 0.0 0.0 0.0 0.0 0.0 0.0 0.0 0.0 0.0 0.0 0.0 0.0 0.0 0.0 0.0 0.0 0.0 0.0 0.0 0.0 0.0 0.0 0.0 0.0 0.0 0.0 2.0 6.1 10.8 14.7 16.6 16.2 13.8 10.1 6.1 2.8 0.7 0.0 0.0 0.0 0.0 0.0 0.0 0.0 0.0 0.0 0.0 0.0 0.0 0.0 0.0 0.0 0.0 0.0 0.0 0.0 0.0 0.0 0.0 0.0 0.0 0.0 0.0	0.4000 0.4632 0.5365 0.6213 0.7195 0.8332 0.9649 1.117 1.294 1.499 1.736 2.010 2.328 2.696 3.122 3.615 4.187 4.849 5.615 6.503 7.531 8.721 10.10 11.70 13.54 15.69 18.17 21.04 24.36 28.21 32.67 37.84 43.82 50.75 58.77 68.06 78.82 91.28 105.7 122.4 141.8 164.2 190.1 220.2 255.0 295.3 342.0 396.1 458.7 531.2 615.1 712.4 825.0 955.4 1106 1281 1484 1718 1990 2305 2669 3091 3580 4145 4801 5560 6439 7456 8635 1.000e4
170	Size	31 Extrusion POPC 0.2 mg_ml 10 degrees 2	24 February 2026 10:35:55	10.0	96.01	0.108	108.2	0.000	0.000	100.0	0.0	0.0	38.67	0.000	0.000	0.0 0.0 0.0 0.0 0.0 0.0 0.0 0.0 0.0 0.0 0.0 0.0 0.0 0.0 0.0 0.0 0.0 0.0 0.0 0.0 0.0 0.0 0.0 0.0 0.0 0.0 0.0 0.0 0.0 0.0 0.0 0.0 0.5 2.6 6.0 9.8 13.1 15.0 15.2 13.6 10.8 7.4 4.1 1.6 0.3 0.0 0.0 0.0 0.0 0.0 0.0 0.0 0.0 0.0 0.0 0.0 0.0 0.0 0.0 0.0 0.0 0.0 0.0 0.0 0.0 0.0 0.0 0.0 0.0 0.0	0.4000 0.4632 0.5365 0.6213 0.7195 0.8332 0.9649 1.117 1.294 1.499 1.736 2.010 2.328 2.696 3.122 3.615 4.187 4.849 5.615 6.503 7.531 8.721 10.10 11.70 13.54 15.69 18.17 21.04 24.36 28.21 32.67 37.84 43.82 50.75 58.77 68.06 78.82 91.28 105.7 122.4 141.8 164.2 190.1 220.2 255.0 295.3 342.0 396.1 458.7 531.2 615.1 712.4 825.0 955.4 1106 1281 1484 1718 1990 2305 2669 3091 3580 4145 4801 5560 6439 7456 8635 1.000e4
171	Size	31 Extrusion POPC 0.2 mg_ml 10 degrees 3	24 February 2026 10:38:37	10.0	95.99	0.094	106.7	0.000	0.000	100.0	0.0	0.0	35.76	0.000	0.000	0.0 0.0 0.0 0.0 0.0 0.0 0.0 0.0 0.0 0.0 0.0 0.0 0.0 0.0 0.0 0.0 0.0 0.0 0.0 0.0 0.0 0.0 0.0 0.0 0.0 0.0 0.0 0.0 0.0 0.0 0.0 0.0 0.2 2.1 5.7 9.9 13.6 15.7 16.0 14.2 11.0 7.1 3.5 1.0 0.0 0.0 0.0 0.0 0.0 0.0 0.0 0.0 0.0 0.0 0.0 0.0 0.0 0.0 0.0 0.0 0.0 0.0 0.0 0.0 0.0 0.0 0.0 0.0 0.0 0.0	0.4000 0.4632 0.5365 0.6213 0.7195 0.8332 0.9649 1.117 1.294 1.499 1.736 2.010 2.328 2.696 3.122 3.615 4.187 4.849 5.615 6.503 7.531 8.721 10.10 11.70 13.54 15.69 18.17 21.04 24.36 28.21 32.67 37.84 43.82 50.75 58.77 68.06 78.82 91.28 105.7 122.4 141.8 164.2 190.1 220.2 255.0 295.3 342.0 396.1 458.7 531.2 615.1 712.4 825.0 955.4 1106 1281 1484 1718 1990 2305 2669 3091 3580 4145 4801 5560 6439 7456 8635 1.000e4
172	Size	31 Extrusion POPC 0.2 mg_ml 20 degrees 1	24 February 2026 10:47:40	20.0	100.9	0.122	114.3	0.000	0.000	100.0	0.0	0.0	42.06	0.000	0.000	0.0 0.0 0.0 0.0 0.0 0.0 0.0 0.0 0.0 0.0 0.0 0.0 0.0 0.0 0.0 0.0 0.0 0.0 0.0 0.0 0.0 0.0 0.0 0.0 0.0 0.0 0.0 0.0 0.0 0.0 0.0 0.0 0.3 2.0 5.0 8.5 11.8 14.0 14.8 14.0 11.8 8.7 5.5 2.7 0.8 0.0 0.0 0.0 0.0 0.0 0.0 0.0 0.0 0.0 0.0 0.0 0.0 0.0 0.0 0.0 0.0 0.0 0.0 0.0 0.0 0.0 0.0 0.0 0.0 0.0	0.4000 0.4632 0.5365 0.6213 0.7195 0.8332 0.9649 1.117 1.294 1.499 1.736 2.010 2.328 2.696 3.122 3.615 4.187 4.849 5.615 6.503 7.531 8.721 10.10 11.70 13.54 15.69 18.17 21.04 24.36 28.21 32.67 37.84 43.82 50.75 58.77 68.06 78.82 91.28 105.7 122.4 141.8 164.2 190.1 220.2 255.0 295.3 342.0 396.1 458.7 531.2 615.1 712.4 825.0 955.4 1106 1281 1484 1718 1990 2305 2669 3091 3580 4145 4801 5560 6439 7456 8635 1.000e4
173	Size	31 Extrusion POPC 0.2 mg_ml 20 degrees 2	24 February 2026 10:50:33	20.0	100.3	0.111	110.3	0.000	0.000	100.0	0.0	0.0	36.46	0.000	0.000	0.0 0.0 0.0 0.0 0.0 0.0 0.0 0.0 0.0 0.0 0.0 0.0 0.0 0.0 0.0 0.0 0.0 0.0 0.0 0.0 0.0 0.0 0.0 0.0 0.0 0.0 0.0 0.0 0.0 0.0 0.0 0.0 0.0 1.0 4.3 9.0 13.4 16.1 16.6 14.8 11.6 7.7 4.0 1.4 0.2 0.0 0.0 0.0 0.0 0.0 0.0 0.0 0.0 0.0 0.0 0.0 0.0 0.0 0.0 0.0 0.0 0.0 0.0 0.0 0.0 0.0 0.0 0.0 0.0 0.0	0.4000 0.4632 0.5365 0.6213 0.7195 0.8332 0.9649 1.117 1.294 1.499 1.736 2.010 2.328 2.696 3.122 3.615 4.187 4.849 5.615 6.503 7.531 8.721 10.10 11.70 13.54 15.69 18.17 21.04 24.36 28.21 32.67 37.84 43.82 50.75 58.77 68.06 78.82 91.28 105.7 122.4 141.8 164.2 190.1 220.2 255.0 295.3 342.0 396.1 458.7 531.2 615.1 712.4 825.0 955.4 1106 1281 1484 1718 1990 2305 2669 3091 3580 4145 4801 5560 6439 7456 8635 1.000e4
174	Size	31 Extrusion POPC 0.2 mg_ml 20 degrees 3	24 February 2026 10:53:26	20.0	100.7	0.118	115.1	0.000	0.000	100.0	0.0	0.0	44.17	0.000	0.000	0.0 0.0 0.0 0.0 0.0 0.0 0.0 0.0 0.0 0.0 0.0 0.0 0.0 0.0 0.0 0.0 0.0 0.0 0.0 0.0 0.0 0.0 0.0 0.0 0.0 0.0 0.0 0.0 0.0 0.0 0.0 0.0 0.3 2.1 5.2 8.8 11.9 13.9 14.4 13.5 11.4 8.6 5.6 3.0 1.2 0.2 0.0 0.0 0.0 0.0 0.0 0.0 0.0 0.0 0.0 0.0 0.0 0.0 0.0 0.0 0.0 0.0 0.0 0.0 0.0 0.0 0.0 0.0 0.0 0.0	0.4000 0.4632 0.5365 0.6213 0.7195 0.8332 0.9649 1.117 1.294 1.499 1.736 2.010 2.328 2.696 3.122 3.615 4.187 4.849 5.615 6.503 7.531 8.721 10.10 11.70 13.54 15.69 18.17 21.04 24.36 28.21 32.67 37.84 43.82 50.75 58.77 68.06 78.82 91.28 105.7 122.4 141.8 164.2 190.1 220.2 255.0 295.3 342.0 396.1 458.7 531.2 615.1 712.4 825.0 955.4 1106 1281 1484 1718 1990 2305 2669 3091 3580 4145 4801 5560 6439 7456 8635 1.000e4
175	Size	31 Extrusion POPC 0.2 mg_ml 30 degrees 1	24 February 2026 11:03:11	30.0	102.9	0.131	113.2	0.000	0.000	100.0	0.0	0.0	40.23	0.000	0.000	0.0 0.0 0.0 0.0 0.0 0.0 0.0 0.0 0.0 0.0 0.0 0.0 0.0 0.0 0.0 0.0 0.0 0.0 0.0 0.0 0.0 0.0 0.0 0.0 0.0 0.0 0.0 0.0 0.0 0.0 0.0 0.0 0.0 1.4 4.6 8.8 12.6 14.9 15.5 14.2 11.6 8.3 5.0 2.3 0.7 0.0 0.0 0.0 0.0 0.0 0.0 0.0 0.0 0.0 0.0 0.0 0.0 0.0 0.0 0.0 0.0 0.0 0.0 0.0 0.0 0.0 0.0 0.0 0.0 0.0	0.4000 0.4632 0.5365 0.6213 0.7195 0.8332 0.9649 1.117 1.294 1.499 1.736 2.010 2.328 2.696 3.122 3.615 4.187 4.849 5.615 6.503 7.531 8.721 10.10 11.70 13.54 15.69 18.17 21.04 24.36 28.21 32.67 37.84 43.82 50.75 58.77 68.06 78.82 91.28 105.7 122.4 141.8 164.2 190.1 220.2 255.0 295.3 342.0 396.1 458.7 531.2 615.1 712.4 825.0 955.4 1106 1281 1484 1718 1990 2305 2669 3091 3580 4145 4801 5560 6439 7456 8635 1.000e4
176	Size	31 Extrusion POPC 0.2 mg_ml 30 degrees 2	24 February 2026 11:06:04	30.0	102.7	0.102	114.9	0.000	0.000	100.0	0.0	0.0	39.77	0.000	0.000	0.0 0.0 0.0 0.0 0.0 0.0 0.0 0.0 0.0 0.0 0.0 0.0 0.0 0.0 0.0 0.0 0.0 0.0 0.0 0.0 0.0 0.0 0.0 0.0 0.0 0.0 0.0 0.0 0.0 0.0 0.0 0.0 0.0 1.0 3.9 8.1 12.2 15.0 15.9 14.8 12.2 8.7 5.2 2.4 0.6 0.0 0.0 0.0 0.0 0.0 0.0 0.0 0.0 0.0 0.0 0.0 0.0 0.0 0.0 0.0 0.0 0.0 0.0 0.0 0.0 0.0 0.0 0.0 0.0 0.0	0.4000 0.4632 0.5365 0.6213 0.7195 0.8332 0.9649 1.117 1.294 1.499 1.736 2.010 2.328 2.696 3.122 3.615 4.187 4.849 5.615 6.503 7.531 8.721 10.10 11.70 13.54 15.69 18.17 21.04 24.36 28.21 32.67 37.84 43.82 50.75 58.77 68.06 78.82 91.28 105.7 122.4 141.8 164.2 190.1 220.2 255.0 295.3 342.0 396.1 458.7 531.2 615.1 712.4 825.0 955.4 1106 1281 1484 1718 1990 2305 2669 3091 3580 4145 4801 5560 6439 7456 8635 1.000e4
177	Size	31 Extrusion POPC 0.2 mg_ml 30 degrees 3	24 February 2026 11:08:57	30.0	104.1	0.075	113.2	0.000	0.000	100.0	0.0	0.0	33.39	0.000	0.000	0.0 0.0 0.0 0.0 0.0 0.0 0.0 0.0 0.0 0.0 0.0 0.0 0.0 0.0 0.0 0.0 0.0 0.0 0.0 0.0 0.0 0.0 0.0 0.0 0.0 0.0 0.0 0.0 0.0 0.0 0.0 0.0 0.0 0.0 2.3 6.9 12.3 16.6 18.3 17.1 13.3 8.4 3.8 0.9 0.0 0.0 0.0 0.0 0.0 0.0 0.0 0.0 0.0 0.0 0.0 0.0 0.0 0.0 0.0 0.0 0.0 0.0 0.0 0.0 0.0 0.0 0.0 0.0 0.0 0.0	0.4000 0.4632 0.5365 0.6213 0.7195 0.8332 0.9649 1.117 1.294 1.499 1.736 2.010 2.328 2.696 3.122 3.615 4.187 4.849 5.615 6.503 7.531 8.721 10.10 11.70 13.54 15.69 18.17 21.04 24.36 28.21 32.67 37.84 43.82 50.75 58.77 68.06 78.82 91.28 105.7 122.4 141.8 164.2 190.1 220.2 255.0 295.3 342.0 396.1 458.7 531.2 615.1 712.4 825.0 955.4 1106 1281 1484 1718 1990 2305 2669 3091 3580 4145 4801 5560 6439 7456 8635 1.000e4
178	Size	31 Extrusion POPC 0.2 mg_ml 40 degrees 1	24 February 2026 11:18:43	40.0	104.1	0.126	115.4	0.000	0.000	100.0	0.0	0.0	40.66	0.000	0.000	0.0 0.0 0.0 0.0 0.0 0.0 0.0 0.0 0.0 0.0 0.0 0.0 0.0 0.0 0.0 0.0 0.0 0.0 0.0 0.0 0.0 0.0 0.0 0.0 0.0 0.0 0.0 0.0 0.0 0.0 0.0 0.0 0.0 1.1 4.1 8.1 12.0 14.7 15.6 14.6 12.2 8.9 5.4 2.6 0.7 0.0 0.0 0.0 0.0 0.0 0.0 0.0 0.0 0.0 0.0 0.0 0.0 0.0 0.0 0.0 0.0 0.0 0.0 0.0 0.0 0.0 0.0 0.0 0.0 0.0	0.4000 0.4632 0.5365 0.6213 0.7195 0.8332 0.9649 1.117 1.294 1.499 1.736 2.010 2.328 2.696 3.122 3.615 4.187 4.849 5.615 6.503 7.531 8.721 10.10 11.70 13.54 15.69 18.17 21.04 24.36 28.21 32.67 37.84 43.82 50.75 58.77 68.06 78.82 91.28 105.7 122.4 141.8 164.2 190.1 220.2 255.0 295.3 342.0 396.1 458.7 531.2 615.1 712.4 825.0 955.4 1106 1281 1484 1718 1990 2305 2669 3091 3580 4145 4801 5560 6439 7456 8635 1.000e4
179	Size	31 Extrusion POPC 0.2 mg_ml 40 degrees 2	24 February 2026 11:21:36	40.0	105.0	0.132	112.7	0.000	0.000	100.0	0.0	0.0	34.99	0.000	0.000	0.0 0.0 0.0 0.0 0.0 0.0 0.0 0.0 0.0 0.0 0.0 0.0 0.0 0.0 0.0 0.0 0.0 0.0 0.0 0.0 0.0 0.0 0.0 0.0 0.0 0.0 0.0 0.0 0.0 0.0 0.0 0.0 0.0 0.2 3.0 7.7 12.7 16.3 17.5 16.1 12.7 8.3 4.2 1.3 0.0 0.0 0.0 0.0 0.0 0.0 0.0 0.0 0.0 0.0 0.0 0.0 0.0 0.0 0.0 0.0 0.0 0.0 0.0 0.0 0.0 0.0 0.0 0.0 0.0 0.0	0.4000 0.4632 0.5365 0.6213 0.7195 0.8332 0.9649 1.117 1.294 1.499 1.736 2.010 2.328 2.696 3.122 3.615 4.187 4.849 5.615 6.503 7.531 8.721 10.10 11.70 13.54 15.69 18.17 21.04 24.36 28.21 32.67 37.84 43.82 50.75 58.77 68.06 78.82 91.28 105.7 122.4 141.8 164.2 190.1 220.2 255.0 295.3 342.0 396.1 458.7 531.2 615.1 712.4 825.0 955.4 1106 1281 1484 1718 1990 2305 2669 3091 3580 4145 4801 5560 6439 7456 8635 1.000e4
180	Size	31 Extrusion POPC 0.2 mg_ml 40 degrees 3	24 February 2026 11:24:29	40.0	104.0	0.125	115.0	0.000	0.000	100.0	0.0	0.0	40.70	0.000	0.000	0.0 0.0 0.0 0.0 0.0 0.0 0.0 0.0 0.0 0.0 0.0 0.0 0.0 0.0 0.0 0.0 0.0 0.0 0.0 0.0 0.0 0.0 0.0 0.0 0.0 0.0 0.0 0.0 0.0 0.0 0.0 0.0 0.0 1.2 4.2 8.3 12.1 14.7 15.5 14.5 12.0 8.7 5.4 2.6 0.7 0.0 0.0 0.0 0.0 0.0 0.0 0.0 0.0 0.0 0.0 0.0 0.0 0.0 0.0 0.0 0.0 0.0 0.0 0.0 0.0 0.0 0.0 0.0 0.0 0.0	0.4000 0.4632 0.5365 0.6213 0.7195 0.8332 0.9649 1.117 1.294 1.499 1.736 2.010 2.328 2.696 3.122 3.615 4.187 4.849 5.615 6.503 7.531 8.721 10.10 11.70 13.54 15.69 18.17 21.04 24.36 28.21 32.67 37.84 43.82 50.75 58.77 68.06 78.82 91.28 105.7 122.4 141.8 164.2 190.1 220.2 255.0 295.3 342.0 396.1 458.7 531.2 615.1 712.4 825.0 955.4 1106 1281 1484 1718 1990 2305 2669 3091 3580 4145 4801 5560 6439 7456 8635 1.000e4
181	Size	31 Extrusion POPC 0.2 mg_ml 50 degrees 1	24 February 2026 11:33:30	50.0	104.9	0.123	117.9	0.000	0.000	100.0	0.0	0.0	41.91	0.000	0.000	0.0 0.0 0.0 0.0 0.0 0.0 0.0 0.0 0.0 0.0 0.0 0.0 0.0 0.0 0.0 0.0 0.0 0.0 0.0 0.0 0.0 0.0 0.0 0.0 0.0 0.0 0.0 0.0 0.0 0.0 0.0 0.0 0.0 1.1 3.9 7.6 11.3 14.1 15.3 14.7 12.6 9.5 6.0 3.0 0.9 0.0 0.0 0.0 0.0 0.0 0.0 0.0 0.0 0.0 0.0 0.0 0.0 0.0 0.0 0.0 0.0 0.0 0.0 0.0 0.0 0.0 0.0 0.0 0.0 0.0	0.4000 0.4632 0.5365 0.6213 0.7195 0.8332 0.9649 1.117 1.294 1.499 1.736 2.010 2.328 2.696 3.122 3.615 4.187 4.849 5.615 6.503 7.531 8.721 10.10 11.70 13.54 15.69 18.17 21.04 24.36 28.21 32.67 37.84 43.82 50.75 58.77 68.06 78.82 91.28 105.7 122.4 141.8 164.2 190.1 220.2 255.0 295.3 342.0 396.1 458.7 531.2 615.1 712.4 825.0 955.4 1106 1281 1484 1718 1990 2305 2669 3091 3580 4145 4801 5560 6439 7456 8635 1.000e4
182	Size	31 Extrusion POPC 0.2 mg_ml 50 degrees 2	24 February 2026 11:35:32	50.0	104.5	0.124	115.5	0.000	0.000	100.0	0.0	0.0	40.17	0.000	0.000	0.0 0.0 0.0 0.0 0.0 0.0 0.0 0.0 0.0 0.0 0.0 0.0 0.0 0.0 0.0 0.0 0.0 0.0 0.0 0.0 0.0 0.0 0.0 0.0 0.0 0.0 0.0 0.0 0.0 0.0 0.0 0.0 0.0 1.0 3.9 8.0 12.0 14.8 15.8 14.8 12.3 8.9 5.4 2.5 0.7 0.0 0.0 0.0 0.0 0.0 0.0 0.0 0.0 0.0 0.0 0.0 0.0 0.0 0.0 0.0 0.0 0.0 0.0 0.0 0.0 0.0 0.0 0.0 0.0 0.0	0.4000 0.4632 0.5365 0.6213 0.7195 0.8332 0.9649 1.117 1.294 1.499 1.736 2.010 2.328 2.696 3.122 3.615 4.187 4.849 5.615 6.503 7.531 8.721 10.10 11.70 13.54 15.69 18.17 21.04 24.36 28.21 32.67 37.84 43.82 50.75 58.77 68.06 78.82 91.28 105.7 122.4 141.8 164.2 190.1 220.2 255.0 295.3 342.0 396.1 458.7 531.2 615.1 712.4 825.0 955.4 1106 1281 1484 1718 1990 2305 2669 3091 3580 4145 4801 5560 6439 7456 8635 1.000e4
183	Size	31 Extrusion POPC 0.2 mg_ml 50 degrees 3	24 February 2026 11:37:34	50.0	104.3	0.126	116.1	0.000	0.000	100.0	0.0	0.0	40.71	0.000	0.000	0.0 0.0 0.0 0.0 0.0 0.0 0.0 0.0 0.0 0.0 0.0 0.0 0.0 0.0 0.0 0.0 0.0 0.0 0.0 0.0 0.0 0.0 0.0 0.0 0.0 0.0 0.0 0.0 0.0 0.0 0.0 0.0 0.0 1.1 4.0 7.9 11.7 14.5 15.6 14.8 12.4 9.1 5.6 2.6 0.7 0.0 0.0 0.0 0.0 0.0 0.0 0.0 0.0 0.0 0.0 0.0 0.0 0.0 0.0 0.0 0.0 0.0 0.0 0.0 0.0 0.0 0.0 0.0 0.0 0.0	0.4000 0.4632 0.5365 0.6213 0.7195 0.8332 0.9649 1.117 1.294 1.499 1.736 2.010 2.328 2.696 3.122 3.615 4.187 4.849 5.615 6.503 7.531 8.721 10.10 11.70 13.54 15.69 18.17 21.04 24.36 28.21 32.67 37.84 43.82 50.75 58.77 68.06 78.82 91.28 105.7 122.4 141.8 164.2 190.1 220.2 255.0 295.3 342.0 396.1 458.7 531.2 615.1 712.4 825.0 955.4 1106 1281 1484 1718 1990 2305 2669 3091 3580 4145 4801 5560 6439 7456 8635 1.000e4
184	Size	31 Extrusion POPC 0.2 mg_ml 60 degrees 1	24 February 2026 11:47:49	60.0	105.2	0.164	117.0	0.000	0.000	100.0	0.0	0.0	44.53	0.000	0.000	0.0 0.0 0.0 0.0 0.0 0.0 0.0 0.0 0.0 0.0 0.0 0.0 0.0 0.0 0.0 0.0 0.0 0.0 0.0 0.0 0.0 0.0 0.0 0.0 0.0 0.0 0.0 0.0 0.0 0.0 0.0 0.0 0.2 1.8 4.8 8.3 11.5 13.7 14.5 13.8 11.8 9.0 5.9 3.2 1.3 0.2 0.0 0.0 0.0 0.0 0.0 0.0 0.0 0.0 0.0 0.0 0.0 0.0 0.0 0.0 0.0 0.0 0.0 0.0 0.0 0.0 0.0 0.0 0.0 0.0	0.4000 0.4632 0.5365 0.6213 0.7195 0.8332 0.9649 1.117 1.294 1.499 1.736 2.010 2.328 2.696 3.122 3.615 4.187 4.849 5.615 6.503 7.531 8.721 10.10 11.70 13.54 15.69 18.17 21.04 24.36 28.21 32.67 37.84 43.82 50.75 58.77 68.06 78.82 91.28 105.7 122.4 141.8 164.2 190.1 220.2 255.0 295.3 342.0 396.1 458.7 531.2 615.1 712.4 825.0 955.4 1106 1281 1484 1718 1990 2305 2669 3091 3580 4145 4801 5560 6439 7456 8635 1.000e4
185	Size	31 Extrusion POPC 0.2 mg_ml 60 degrees 2	24 February 2026 11:50:42	60.0	105.6	0.153	112.6	0.000	0.000	100.0	0.0	0.0	34.83	0.000	0.000	0.0 0.0 0.0 0.0 0.0 0.0 0.0 0.0 0.0 0.0 0.0 0.0 0.0 0.0 0.0 0.0 0.0 0.0 0.0 0.0 0.0 0.0 0.0 0.0 0.0 0.0 0.0 0.0 0.0 0.0 0.0 0.0 0.0 0.1 2.9 7.8 12.9 16.4 17.5 16.1 12.6 8.3 4.2 1.3 0.0 0.0 0.0 0.0 0.0 0.0 0.0 0.0 0.0 0.0 0.0 0.0 0.0 0.0 0.0 0.0 0.0 0.0 0.0 0.0 0.0 0.0 0.0 0.0 0.0 0.0	0.4000 0.4632 0.5365 0.6213 0.7195 0.8332 0.9649 1.117 1.294 1.499 1.736 2.010 2.328 2.696 3.122 3.615 4.187 4.849 5.615 6.503 7.531 8.721 10.10 11.70 13.54 15.69 18.17 21.04 24.36 28.21 32.67 37.84 43.82 50.75 58.77 68.06 78.82 91.28 105.7 122.4 141.8 164.2 190.1 220.2 255.0 295.3 342.0 396.1 458.7 531.2 615.1 712.4 825.0 955.4 1106 1281 1484 1718 1990 2305 2669 3091 3580 4145 4801 5560 6439 7456 8635 1.000e4
186	Size	31 Extrusion POPC 0.2 mg_ml 60 degrees 3	24 February 2026 11:53:35	60.0	105.3	0.135	120.7	0.000	0.000	100.0	0.0	0.0	46.46	0.000	0.000	0.0 0.0 0.0 0.0 0.0 0.0 0.0 0.0 0.0 0.0 0.0 0.0 0.0 0.0 0.0 0.0 0.0 0.0 0.0 0.0 0.0 0.0 0.0 0.0 0.0 0.0 0.0 0.0 0.0 0.0 0.0 0.0 0.2 1.7 4.3 7.5 10.7 13.1 14.2 13.9 12.2 9.7 6.7 3.8 1.7 0.4 0.0 0.0 0.0 0.0 0.0 0.0 0.0 0.0 0.0 0.0 0.0 0.0 0.0 0.0 0.0 0.0 0.0 0.0 0.0 0.0 0.0 0.0 0.0 0.0	0.4000 0.4632 0.5365 0.6213 0.7195 0.8332 0.9649 1.117 1.294 1.499 1.736 2.010 2.328 2.696 3.122 3.615 4.187 4.849 5.615 6.503 7.531 8.721 10.10 11.70 13.54 15.69 18.17 21.04 24.36 28.21 32.67 37.84 43.82 50.75 58.77 68.06 78.82 91.28 105.7 122.4 141.8 164.2 190.1 220.2 255.0 295.3 342.0 396.1 458.7 531.2 615.1 712.4 825.0 955.4 1106 1281 1484 1718 1990 2305 2669 3091 3580 4145 4801 5560 6439 7456 8635 1.000e4
187	Size	31 Extrusion POPC 0.2 mg_ml 10 degrees 1	05 March 2026 14:28:47	10.0	98.80	0.152	114.0	0.000	0.000	100.0	0.0	0.0	47.72	0.000	0.000	0.0 0.0 0.0 0.0 0.0 0.0 0.0 0.0 0.0 0.0 0.0 0.0 0.0 0.0 0.0 0.0 0.0 0.0 0.0 0.0 0.0 0.0 0.0 0.0 0.0 0.0 0.0 0.0 0.0 0.0 0.0 0.0 1.1 3.4 6.4 9.4 11.8 13.1 13.2 12.3 10.4 8.1 5.6 3.3 1.6 0.5 0.0 0.0 0.0 0.0 0.0 0.0 0.0 0.0 0.0 0.0 0.0 0.0 0.0 0.0 0.0 0.0 0.0 0.0 0.0 0.0 0.0 0.0 0.0 0.0	0.4000 0.4632 0.5365 0.6213 0.7195 0.8332 0.9649 1.117 1.294 1.499 1.736 2.010 2.328 2.696 3.122 3.615 4.187 4.849 5.615 6.503 7.531 8.721 10.10 11.70 13.54 15.69 18.17 21.04 24.36 28.21 32.67 37.84 43.82 50.75 58.77 68.06 78.82 91.28 105.7 122.4 141.8 164.2 190.1 220.2 255.0 295.3 342.0 396.1 458.7 531.2 615.1 712.4 825.0 955.4 1106 1281 1484 1718 1990 2305 2669 3091 3580 4145 4801 5560 6439 7456 8635 1.000e4
188	Size	31 Extrusion POPC 0.2 mg_ml 10 degrees 2	05 March 2026 14:31:20	10.0	97.88	0.127	109.6	0.000	0.000	100.0	0.0	0.0	40.23	0.000	0.000	0.0 0.0 0.0 0.0 0.0 0.0 0.0 0.0 0.0 0.0 0.0 0.0 0.0 0.0 0.0 0.0 0.0 0.0 0.0 0.0 0.0 0.0 0.0 0.0 0.0 0.0 0.0 0.0 0.0 0.0 0.0 0.0 0.2 2.4 6.0 9.9 13.1 14.9 14.9 13.3 10.7 7.5 4.5 2.1 0.6 0.0 0.0 0.0 0.0 0.0 0.0 0.0 0.0 0.0 0.0 0.0 0.0 0.0 0.0 0.0 0.0 0.0 0.0 0.0 0.0 0.0 0.0 0.0 0.0 0.0	0.4000 0.4632 0.5365 0.6213 0.7195 0.8332 0.9649 1.117 1.294 1.499 1.736 2.010 2.328 2.696 3.122 3.615 4.187 4.849 5.615 6.503 7.531 8.721 10.10 11.70 13.54 15.69 18.17 21.04 24.36 28.21 32.67 37.84 43.82 50.75 58.77 68.06 78.82 91.28 105.7 122.4 141.8 164.2 190.1 220.2 255.0 295.3 342.0 396.1 458.7 531.2 615.1 712.4 825.0 955.4 1106 1281 1484 1718 1990 2305 2669 3091 3580 4145 4801 5560 6439 7456 8635 1.000e4
189	Size	31 Extrusion POPC 0.2 mg_ml 10 degrees 3	05 March 2026 14:33:53	10.0	98.09	0.107	107.4	0.000	0.000	100.0	0.0	0.0	33.58	0.000	0.000	0.0 0.0 0.0 0.0 0.0 0.0 0.0 0.0 0.0 0.0 0.0 0.0 0.0 0.0 0.0 0.0 0.0 0.0 0.0 0.0 0.0 0.0 0.0 0.0 0.0 0.0 0.0 0.0 0.0 0.0 0.0 0.0 0.0 0.8 4.3 9.4 14.2 17.1 17.3 15.1 11.2 6.8 3.1 0.8 0.0 0.0 0.0 0.0 0.0 0.0 0.0 0.0 0.0 0.0 0.0 0.0 0.0 0.0 0.0 0.0 0.0 0.0 0.0 0.0 0.0 0.0 0.0 0.0 0.0 0.0	0.4000 0.4632 0.5365 0.6213 0.7195 0.8332 0.9649 1.117 1.294 1.499 1.736 2.010 2.328 2.696 3.122 3.615 4.187 4.849 5.615 6.503 7.531 8.721 10.10 11.70 13.54 15.69 18.17 21.04 24.36 28.21 32.67 37.84 43.82 50.75 58.77 68.06 78.82 91.28 105.7 122.4 141.8 164.2 190.1 220.2 255.0 295.3 342.0 396.1 458.7 531.2 615.1 712.4 825.0 955.4 1106 1281 1484 1718 1990 2305 2669 3091 3580 4145 4801 5560 6439 7456 8635 1.000e4
190	Size	31 Extrusion POPC 0.2 mg_ml 20 degrees 1	05 March 2026 14:42:02	20.0	107.6	0.159	117.4	0.000	0.000	100.0	0.0	0.0	40.97	0.000	0.000	0.0 0.0 0.0 0.0 0.0 0.0 0.0 0.0 0.0 0.0 0.0 0.0 0.0 0.0 0.0 0.0 0.0 0.0 0.0 0.0 0.0 0.0 0.0 0.0 0.0 0.0 0.0 0.0 0.0 0.0 0.0 0.0 0.0 0.9 3.6 7.5 11.5 14.4 15.6 15.0 12.7 9.4 5.8 2.8 0.8 0.0 0.0 0.0 0.0 0.0 0.0 0.0 0.0 0.0 0.0 0.0 0.0 0.0 0.0 0.0 0.0 0.0 0.0 0.0 0.0 0.0 0.0 0.0 0.0 0.0	0.4000 0.4632 0.5365 0.6213 0.7195 0.8332 0.9649 1.117 1.294 1.499 1.736 2.010 2.328 2.696 3.122 3.615 4.187 4.849 5.615 6.503 7.531 8.721 10.10 11.70 13.54 15.69 18.17 21.04 24.36 28.21 32.67 37.84 43.82 50.75 58.77 68.06 78.82 91.28 105.7 122.4 141.8 164.2 190.1 220.2 255.0 295.3 342.0 396.1 458.7 531.2 615.1 712.4 825.0 955.4 1106 1281 1484 1718 1990 2305 2669 3091 3580 4145 4801 5560 6439 7456 8635 1.000e4
191	Size	31 Extrusion POPC 0.2 mg_ml 20 degrees 2	05 March 2026 14:44:35	20.0	102.7	0.161	116.3	0.000	0.000	100.0	0.0	0.0	46.33	0.000	0.000	0.0 0.0 0.0 0.0 0.0 0.0 0.0 0.0 0.0 0.0 0.0 0.0 0.0 0.0 0.0 0.0 0.0 0.0 0.0 0.0 0.0 0.0 0.0 0.0 0.0 0.0 0.0 0.0 0.0 0.0 0.0 0.0 0.6 2.4 5.4 8.6 11.5 13.4 13.9 13.1 11.2 8.7 5.9 3.4 1.5 0.4 0.0 0.0 0.0 0.0 0.0 0.0 0.0 0.0 0.0 0.0 0.0 0.0 0.0 0.0 0.0 0.0 0.0 0.0 0.0 0.0 0.0 0.0 0.0 0.0	0.4000 0.4632 0.5365 0.6213 0.7195 0.8332 0.9649 1.117 1.294 1.499 1.736 2.010 2.328 2.696 3.122 3.615 4.187 4.849 5.615 6.503 7.531 8.721 10.10 11.70 13.54 15.69 18.17 21.04 24.36 28.21 32.67 37.84 43.82 50.75 58.77 68.06 78.82 91.28 105.7 122.4 141.8 164.2 190.1 220.2 255.0 295.3 342.0 396.1 458.7 531.2 615.1 712.4 825.0 955.4 1106 1281 1484 1718 1990 2305 2669 3091 3580 4145 4801 5560 6439 7456 8635 1.000e4
192	Size	31 Extrusion POPC 0.2 mg_ml 20 degrees 3	05 March 2026 14:47:08	20.0	104.2	0.179	112.1	4982	0.000	98.1	1.9	0.0	39.85	617.0	0.000	0.0 0.0 0.0 0.0 0.0 0.0 0.0 0.0 0.0 0.0 0.0 0.0 0.0 0.0 0.0 0.0 0.0 0.0 0.0 0.0 0.0 0.0 0.0 0.0 0.0 0.0 0.0 0.0 0.0 0.0 0.0 0.0 0.0 1.6 4.9 8.9 12.4 14.6 15.1 13.9 11.3 8.0 4.7 2.1 0.5 0.0 0.0 0.0 0.0 0.0 0.0 0.0 0.0 0.0 0.0 0.0 0.0 0.0 0.0 0.0 0.0 0.0 0.1 0.3 0.6 0.9 0.0 0.0 0.0 0.0	0.4000 0.4632 0.5365 0.6213 0.7195 0.8332 0.9649 1.117 1.294 1.499 1.736 2.010 2.328 2.696 3.122 3.615 4.187 4.849 5.615 6.503 7.531 8.721 10.10 11.70 13.54 15.69 18.17 21.04 24.36 28.21 32.67 37.84 43.82 50.75 58.77 68.06 78.82 91.28 105.7 122.4 141.8 164.2 190.1 220.2 255.0 295.3 342.0 396.1 458.7 531.2 615.1 712.4 825.0 955.4 1106 1281 1484 1718 1990 2305 2669 3091 3580 4145 4801 5560 6439 7456 8635 1.000e4
193	Size	31 Extrusion POPC 0.2 mg_ml 30 degrees 1	05 March 2026 14:55:22	30.0	107.8	0.197	115.4	4951	0.000	97.6	2.4	0.0	40.99	634.5	0.000	0.0 0.0 0.0 0.0 0.0 0.0 0.0 0.0 0.0 0.0 0.0 0.0 0.0 0.0 0.0 0.0 0.0 0.0 0.0 0.0 0.0 0.0 0.0 0.0 0.0 0.0 0.0 0.0 0.0 0.0 0.0 0.0 0.0 1.3 4.2 8.0 11.6 14.1 15.0 14.2 11.9 8.7 5.4 2.6 0.7 0.0 0.0 0.0 0.0 0.0 0.0 0.0 0.0 0.0 0.0 0.0 0.0 0.0 0.0 0.0 0.0 0.0 0.1 0.4 0.8 1.1 0.0 0.0 0.0 0.0	0.4000 0.4632 0.5365 0.6213 0.7195 0.8332 0.9649 1.117 1.294 1.499 1.736 2.010 2.328 2.696 3.122 3.615 4.187 4.849 5.615 6.503 7.531 8.721 10.10 11.70 13.54 15.69 18.17 21.04 24.36 28.21 32.67 37.84 43.82 50.75 58.77 68.06 78.82 91.28 105.7 122.4 141.8 164.2 190.1 220.2 255.0 295.3 342.0 396.1 458.7 531.2 615.1 712.4 825.0 955.4 1106 1281 1484 1718 1990 2305 2669 3091 3580 4145 4801 5560 6439 7456 8635 1.000e4
194	Size	31 Extrusion POPC 0.2 mg_ml 30 degrees 2	05 March 2026 14:58:05	30.0	106.5	0.173	114.3	4962	0.000	98.1	1.9	0.0	39.92	626.0	0.000	0.0 0.0 0.0 0.0 0.0 0.0 0.0 0.0 0.0 0.0 0.0 0.0 0.0 0.0 0.0 0.0 0.0 0.0 0.0 0.0 0.0 0.0 0.0 0.0 0.0 0.0 0.0 0.0 0.0 0.0 0.0 0.0 0.0 1.1 4.1 8.2 12.0 14.6 15.4 14.4 11.8 8.5 5.1 2.3 0.6 0.0 0.0 0.0 0.0 0.0 0.0 0.0 0.0 0.0 0.0 0.0 0.0 0.0 0.0 0.0 0.0 0.0 0.1 0.3 0.6 0.9 0.0 0.0 0.0 0.0	0.4000 0.4632 0.5365 0.6213 0.7195 0.8332 0.9649 1.117 1.294 1.499 1.736 2.010 2.328 2.696 3.122 3.615 4.187 4.849 5.615 6.503 7.531 8.721 10.10 11.70 13.54 15.69 18.17 21.04 24.36 28.21 32.67 37.84 43.82 50.75 58.77 68.06 78.82 91.28 105.7 122.4 141.8 164.2 190.1 220.2 255.0 295.3 342.0 396.1 458.7 531.2 615.1 712.4 825.0 955.4 1106 1281 1484 1718 1990 2305 2669 3091 3580 4145 4801 5560 6439 7456 8635 1.000e4
195	Size	31 Extrusion POPC 0.2 mg_ml 30 degrees 3	05 March 2026 15:00:48	30.0	107.4	0.167	116.3	4918	0.000	98.3	1.7	0.0	41.37	658.3	0.000	0.0 0.0 0.0 0.0 0.0 0.0 0.0 0.0 0.0 0.0 0.0 0.0 0.0 0.0 0.0 0.0 0.0 0.0 0.0 0.0 0.0 0.0 0.0 0.0 0.0 0.0 0.0 0.0 0.0 0.0 0.0 0.0 0.0 1.1 4.0 7.9 11.6 14.3 15.2 14.3 12.0 8.8 5.5 2.7 0.8 0.0 0.0 0.0 0.0 0.0 0.0 0.0 0.0 0.0 0.0 0.0 0.0 0.0 0.0 0.0 0.0 0.0 0.1 0.3 0.6 0.8 0.0 0.0 0.0 0.0	0.4000 0.4632 0.5365 0.6213 0.7195 0.8332 0.9649 1.117 1.294 1.499 1.736 2.010 2.328 2.696 3.122 3.615 4.187 4.849 5.615 6.503 7.531 8.721 10.10 11.70 13.54 15.69 18.17 21.04 24.36 28.21 32.67 37.84 43.82 50.75 58.77 68.06 78.82 91.28 105.7 122.4 141.8 164.2 190.1 220.2 255.0 295.3 342.0 396.1 458.7 531.2 615.1 712.4 825.0 955.4 1106 1281 1484 1718 1990 2305 2669 3091 3580 4145 4801 5560 6439 7456 8635 1.000e4
196	Size	31 Extrusion POPC 0.2 mg_ml 40 degrees 1	05 March 2026 15:09:36	40.0	112.3	0.207	125.6	4845	0.000	97.7	2.3	0.0	52.95	703.3	0.000	0.0 0.0 0.0 0.0 0.0 0.0 0.0 0.0 0.0 0.0 0.0 0.0 0.0 0.0 0.0 0.0 0.0 0.0 0.0 0.0 0.0 0.0 0.0 0.0 0.0 0.0 0.0 0.0 0.0 0.0 0.0 0.0 0.5 2.0 4.3 7.1 9.7 11.7 12.7 12.6 11.5 9.6 7.2 4.7 2.6 1.1 0.2 0.0 0.0 0.0 0.0 0.0 0.0 0.0 0.0 0.0 0.0 0.0 0.0 0.0 0.0 0.0 0.2 0.4 0.7 0.9 0.0 0.0 0.0 0.0	0.4000 0.4632 0.5365 0.6213 0.7195 0.8332 0.9649 1.117 1.294 1.499 1.736 2.010 2.328 2.696 3.122 3.615 4.187 4.849 5.615 6.503 7.531 8.721 10.10 11.70 13.54 15.69 18.17 21.04 24.36 28.21 32.67 37.84 43.82 50.75 58.77 68.06 78.82 91.28 105.7 122.4 141.8 164.2 190.1 220.2 255.0 295.3 342.0 396.1 458.7 531.2 615.1 712.4 825.0 955.4 1106 1281 1484 1718 1990 2305 2669 3091 3580 4145 4801 5560 6439 7456 8635 1.000e4
197	Size	31 Extrusion POPC 0.2 mg_ml 40 degrees 2	05 March 2026 15:12:19	40.0	115.3	0.232	127.7	4785	0.000	96.7	3.3	0.0	54.26	732.5	0.000	0.0 0.0 0.0 0.0 0.0 0.0 0.0 0.0 0.0 0.0 0.0 0.0 0.0 0.0 0.0 0.0 0.0 0.0 0.0 0.0 0.0 0.0 0.0 0.0 0.0 0.0 0.0 0.0 0.0 0.0 0.0 0.0 0.5 1.9 4.1 6.7 9.3 11.3 12.4 12.4 11.5 9.7 7.4 5.0 2.9 1.3 0.3 0.0 0.0 0.0 0.0 0.0 0.0 0.0 0.0 0.0 0.0 0.0 0.0 0.0 0.0 0.1 0.3 0.6 1.0 1.2 0.0 0.0 0.0 0.0	0.4000 0.4632 0.5365 0.6213 0.7195 0.8332 0.9649 1.117 1.294 1.499 1.736 2.010 2.328 2.696 3.122 3.615 4.187 4.849 5.615 6.503 7.531 8.721 10.10 11.70 13.54 15.69 18.17 21.04 24.36 28.21 32.67 37.84 43.82 50.75 58.77 68.06 78.82 91.28 105.7 122.4 141.8 164.2 190.1 220.2 255.0 295.3 342.0 396.1 458.7 531.2 615.1 712.4 825.0 955.4 1106 1281 1484 1718 1990 2305 2669 3091 3580 4145 4801 5560 6439 7456 8635 1.000e4
198	Size	31 Extrusion POPC 0.2 mg_ml 40 degrees 3	05 March 2026 15:15:02	40.0	117.6	0.234	122.9	4771	0.000	95.6	4.4	0.0	46.23	737.6	0.000	0.0 0.0 0.0 0.0 0.0 0.0 0.0 0.0 0.0 0.0 0.0 0.0 0.0 0.0 0.0 0.0 0.0 0.0 0.0 0.0 0.0 0.0 0.0 0.0 0.0 0.0 0.0 0.0 0.0 0.0 0.0 0.0 0.0 1.0 3.4 6.7 10.0 12.6 13.9 13.7 12.1 9.6 6.6 3.8 1.7 0.4 0.0 0.0 0.0 0.0 0.0 0.0 0.0 0.0 0.0 0.0 0.0 0.0 0.0 0.0 0.0 0.1 0.5 0.9 1.3 1.6 0.0 0.0 0.0 0.0	0.4000 0.4632 0.5365 0.6213 0.7195 0.8332 0.9649 1.117 1.294 1.499 1.736 2.010 2.328 2.696 3.122 3.615 4.187 4.849 5.615 6.503 7.531 8.721 10.10 11.70 13.54 15.69 18.17 21.04 24.36 28.21 32.67 37.84 43.82 50.75 58.77 68.06 78.82 91.28 105.7 122.4 141.8 164.2 190.1 220.2 255.0 295.3 342.0 396.1 458.7 531.2 615.1 712.4 825.0 955.4 1106 1281 1484 1718 1990 2305 2669 3091 3580 4145 4801 5560 6439 7456 8635 1.000e4
199	Size	31 Extrusion POPC 0.2 mg_ml 50 degrees 1	05 March 2026 15:23:15	50.0	113.2	0.199	124.5	4680	0.000	97.1	2.9	0.0	50.89	791.0	0.000	0.0 0.0 0.0 0.0 0.0 0.0 0.0 0.0 0.0 0.0 0.0 0.0 0.0 0.0 0.0 0.0 0.0 0.0 0.0 0.0 0.0 0.0 0.0 0.0 0.0 0.0 0.0 0.0 0.0 0.0 0.0 0.0 0.0 1.3 4.0 7.3 10.3 12.5 13.3 12.9 11.5 9.3 6.8 4.4 2.3 0.9 0.2 0.0 0.0 0.0 0.0 0.0 0.0 0.0 0.0 0.0 0.0 0.0 0.0 0.0 0.0 0.1 0.3 0.6 0.8 1.0 0.0 0.0 0.0 0.0	0.4000 0.4632 0.5365 0.6213 0.7195 0.8332 0.9649 1.117 1.294 1.499 1.736 2.010 2.328 2.696 3.122 3.615 4.187 4.849 5.615 6.503 7.531 8.721 10.10 11.70 13.54 15.69 18.17 21.04 24.36 28.21 32.67 37.84 43.82 50.75 58.77 68.06 78.82 91.28 105.7 122.4 141.8 164.2 190.1 220.2 255.0 295.3 342.0 396.1 458.7 531.2 615.1 712.4 825.0 955.4 1106 1281 1484 1718 1990 2305 2669 3091 3580 4145 4801 5560 6439 7456 8635 1.000e4
200	Size	31 Extrusion POPC 0.2 mg_ml 50 degrees 2	05 March 2026 15:25:58	50.0	112.2	0.178	123.4	4910	0.000	98.2	1.8	0.0	46.87	663.9	0.000	0.0 0.0 0.0 0.0 0.0 0.0 0.0 0.0 0.0 0.0 0.0 0.0 0.0 0.0 0.0 0.0 0.0 0.0 0.0 0.0 0.0 0.0 0.0 0.0 0.0 0.0 0.0 0.0 0.0 0.0 0.0 0.0 0.0 1.0 3.5 6.9 10.3 12.9 14.2 14.0 12.4 9.8 6.9 4.1 1.9 0.5 0.0 0.0 0.0 0.0 0.0 0.0 0.0 0.0 0.0 0.0 0.0 0.0 0.0 0.0 0.0 0.0 0.1 0.3 0.6 0.8 0.0 0.0 0.0 0.0	0.4000 0.4632 0.5365 0.6213 0.7195 0.8332 0.9649 1.117 1.294 1.499 1.736 2.010 2.328 2.696 3.122 3.615 4.187 4.849 5.615 6.503 7.531 8.721 10.10 11.70 13.54 15.69 18.17 21.04 24.36 28.21 32.67 37.84 43.82 50.75 58.77 68.06 78.82 91.28 105.7 122.4 141.8 164.2 190.1 220.2 255.0 295.3 342.0 396.1 458.7 531.2 615.1 712.4 825.0 955.4 1106 1281 1484 1718 1990 2305 2669 3091 3580 4145 4801 5560 6439 7456 8635 1.000e4
201	Size	31 Extrusion POPC 0.2 mg_ml 50 degrees 3	05 March 2026 15:28:41	50.0	110.6	0.203	114.3	4915	0.000	96.9	3.1	0.0	37.84	662.0	0.000	0.0 0.0 0.0 0.0 0.0 0.0 0.0 0.0 0.0 0.0 0.0 0.0 0.0 0.0 0.0 0.0 0.0 0.0 0.0 0.0 0.0 0.0 0.0 0.0 0.0 0.0 0.0 0.0 0.0 0.0 0.0 0.0 0.0 0.4 3.2 7.6 12.1 15.2 16.1 14.9 12.0 8.3 4.7 1.9 0.4 0.0 0.0 0.0 0.0 0.0 0.0 0.0 0.0 0.0 0.0 0.0 0.0 0.0 0.0 0.0 0.0 0.0 0.2 0.6 1.0 1.4 0.0 0.0 0.0 0.0	0.4000 0.4632 0.5365 0.6213 0.7195 0.8332 0.9649 1.117 1.294 1.499 1.736 2.010 2.328 2.696 3.122 3.615 4.187 4.849 5.615 6.503 7.531 8.721 10.10 11.70 13.54 15.69 18.17 21.04 24.36 28.21 32.67 37.84 43.82 50.75 58.77 68.06 78.82 91.28 105.7 122.4 141.8 164.2 190.1 220.2 255.0 295.3 342.0 396.1 458.7 531.2 615.1 712.4 825.0 955.4 1106 1281 1484 1718 1990 2305 2669 3091 3580 4145 4801 5560 6439 7456 8635 1.000e4
202	Size	31 Extrusion POPC 0.2 mg_ml 60 degrees 1	05 March 2026 15:58:10	60.0	127.6	0.310	128.1	4343	1361	89.6	6.4	4.0	50.75	1013	454.5	0.0 0.0 0.0 0.0 0.0 0.0 0.0 0.0 0.0 0.0 0.0 0.0 0.0 0.0 0.0 0.0 0.0 0.0 0.0 0.0 0.0 0.0 0.0 0.0 0.0 0.0 0.0 0.0 0.0 0.0 0.0 0.0 0.0 0.9 2.9 5.8 8.8 11.2 12.5 12.5 11.4 9.3 6.8 4.4 2.3 0.9 0.2 0.0 0.0 0.0 0.1 0.2 0.4 0.5 0.6 0.6 0.6 0.5 0.4 0.3 0.4 0.5 0.8 1.2 1.5 1.7 0.0 0.0 0.0 0.0	0.4000 0.4632 0.5365 0.6213 0.7195 0.8332 0.9649 1.117 1.294 1.499 1.736 2.010 2.328 2.696 3.122 3.615 4.187 4.849 5.615 6.503 7.531 8.721 10.10 11.70 13.54 15.69 18.17 21.04 24.36 28.21 32.67 37.84 43.82 50.75 58.77 68.06 78.82 91.28 105.7 122.4 141.8 164.2 190.1 220.2 255.0 295.3 342.0 396.1 458.7 531.2 615.1 712.4 825.0 955.4 1106 1281 1484 1718 1990 2305 2669 3091 3580 4145 4801 5560 6439 7456 8635 1.000e4
203	Size	31 Extrusion POPC 0.2 mg_ml 60 degrees 2	05 March 2026 16:00:43	60.0	126.5	0.307	122.7	1065	4770	88.8	6.3	4.9	47.35	336.3	742.5	0.0 0.0 0.0 0.0 0.0 0.0 0.0 0.0 0.0 0.0 0.0 0.0 0.0 0.0 0.0 0.0 0.0 0.0 0.0 0.0 0.0 0.0 0.0 0.0 0.0 0.0 0.0 0.0 0.0 0.0 0.0 0.0 0.0 0.9 3.2 6.5 9.6 11.9 12.9 12.5 10.9 8.6 6.0 3.6 1.7 0.5 0.0 0.0 0.0 0.2 0.4 0.7 0.9 1.0 1.0 0.9 0.6 0.4 0.1 0.0 0.0 0.2 0.5 1.0 1.4 1.8 0.0 0.0 0.0 0.0	0.4000 0.4632 0.5365 0.6213 0.7195 0.8332 0.9649 1.117 1.294 1.499 1.736 2.010 2.328 2.696 3.122 3.615 4.187 4.849 5.615 6.503 7.531 8.721 10.10 11.70 13.54 15.69 18.17 21.04 24.36 28.21 32.67 37.84 43.82 50.75 58.77 68.06 78.82 91.28 105.7 122.4 141.8 164.2 190.1 220.2 255.0 295.3 342.0 396.1 458.7 531.2 615.1 712.4 825.0 955.4 1106 1281 1484 1718 1990 2305 2669 3091 3580 4145 4801 5560 6439 7456 8635 1.000e4
204	Size	31 Extrusion POPC 0.2 mg_ml 60 degrees 3	05 March 2026 16:03:16	60.0	128.5	0.325	113.8	1033	5069	83.8	13.7	2.5	36.48	354.7	574.0	0.0 0.0 0.0 0.0 0.0 0.0 0.0 0.0 0.0 0.0 0.0 0.0 0.0 0.0 0.0 0.0 0.0 0.0 0.0 0.0 0.0 0.0 0.0 0.0 0.0 0.0 0.0 0.0 0.0 0.0 0.0 0.0 0.0 0.0 2.3 6.5 10.8 13.7 14.5 13.2 10.4 6.9 3.7 1.4 0.3 0.0 0.0 0.0 0.2 0.6 1.1 1.6 2.0 2.2 2.1 1.7 1.2 0.7 0.3 0.1 0.0 0.0 0.1 0.3 0.8 1.3 0.0 0.0 0.0 0.0	0.4000 0.4632 0.5365 0.6213 0.7195 0.8332 0.9649 1.117 1.294 1.499 1.736 2.010 2.328 2.696 3.122 3.615 4.187 4.849 5.615 6.503 7.531 8.721 10.10 11.70 13.54 15.69 18.17 21.04 24.36 28.21 32.67 37.84 43.82 50.75 58.77 68.06 78.82 91.28 105.7 122.4 141.8 164.2 190.1 220.2 255.0 295.3 342.0 396.1 458.7 531.2 615.1 712.4 825.0 955.4 1106 1281 1484 1718 1990 2305 2669 3091 3580 4145 4801 5560 6439 7456 8635 1.000e4
205	Size	31 Extrusion POPC 0.2 mg_ml 30 degrees new_sample 1	17 March 2026 15:24:22	30.0	84.50	0.102	94.33	0.000	0.000	100.0	0.0	0.0	32.19	0.000	0.000	0.0 0.0 0.0 0.0 0.0 0.0 0.0 0.0 0.0 0.0 0.0 0.0 0.0 0.0 0.0 0.0 0.0 0.0 0.0 0.0 0.0 0.0 0.0 0.0 0.0 0.0 0.0 0.0 0.0 0.0 0.0 0.0 1.8 5.2 9.5 13.2 15.5 15.9 14.3 11.3 7.6 4.1 1.5 0.2 0.0 0.0 0.0 0.0 0.0 0.0 0.0 0.0 0.0 0.0 0.0 0.0 0.0 0.0 0.0 0.0 0.0 0.0 0.0 0.0 0.0 0.0 0.0 0.0 0.0 0.0	0.4000 0.4632 0.5365 0.6213 0.7195 0.8332 0.9649 1.117 1.294 1.499 1.736 2.010 2.328 2.696 3.122 3.615 4.187 4.849 5.615 6.503 7.531 8.721 10.10 11.70 13.54 15.69 18.17 21.04 24.36 28.21 32.67 37.84 43.82 50.75 58.77 68.06 78.82 91.28 105.7 122.4 141.8 164.2 190.1 220.2 255.0 295.3 342.0 396.1 458.7 531.2 615.1 712.4 825.0 955.4 1106 1281 1484 1718 1990 2305 2669 3091 3580 4145 4801 5560 6439 7456 8635 1.000e4
206	Size	31 Extrusion POPC 0.2 mg_ml 30 degrees new_sample 2	17 March 2026 15:26:24	30.0	84.78	0.081	93.20	0.000	0.000	100.0	0.0	0.0	29.50	0.000	0.000	0.0 0.0 0.0 0.0 0.0 0.0 0.0 0.0 0.0 0.0 0.0 0.0 0.0 0.0 0.0 0.0 0.0 0.0 0.0 0.0 0.0 0.0 0.0 0.0 0.0 0.0 0.0 0.0 0.0 0.0 0.0 0.0 1.3 4.6 9.1 13.5 16.4 17.0 15.2 11.6 7.2 3.2 0.8 0.0 0.0 0.0 0.0 0.0 0.0 0.0 0.0 0.0 0.0 0.0 0.0 0.0 0.0 0.0 0.0 0.0 0.0 0.0 0.0 0.0 0.0 0.0 0.0 0.0 0.0 0.0	0.4000 0.4632 0.5365 0.6213 0.7195 0.8332 0.9649 1.117 1.294 1.499 1.736 2.010 2.328 2.696 3.122 3.615 4.187 4.849 5.615 6.503 7.531 8.721 10.10 11.70 13.54 15.69 18.17 21.04 24.36 28.21 32.67 37.84 43.82 50.75 58.77 68.06 78.82 91.28 105.7 122.4 141.8 164.2 190.1 220.2 255.0 295.3 342.0 396.1 458.7 531.2 615.1 712.4 825.0 955.4 1106 1281 1484 1718 1990 2305 2669 3091 3580 4145 4801 5560 6439 7456 8635 1.000e4
207	Size	31 Extrusion POPC 0.2 mg_ml 30 degrees new_sample 3	17 March 2026 15:28:26	30.0	84.29	0.153	87.25	0.000	0.000	100.0	0.0	0.0	24.27	0.000	0.000	0.0 0.0 0.0 0.0 0.0 0.0 0.0 0.0 0.0 0.0 0.0 0.0 0.0 0.0 0.0 0.0 0.0 0.0 0.0 0.0 0.0 0.0 0.0 0.0 0.0 0.0 0.0 0.0 0.0 0.0 0.0 0.0 0.7 4.7 10.7 16.3 19.3 18.7 14.9 9.5 4.2 0.9 0.0 0.0 0.0 0.0 0.0 0.0 0.0 0.0 0.0 0.0 0.0 0.0 0.0 0.0 0.0 0.0 0.0 0.0 0.0 0.0 0.0 0.0 0.0 0.0 0.0 0.0 0.0 0.0	0.4000 0.4632 0.5365 0.6213 0.7195 0.8332 0.9649 1.117 1.294 1.499 1.736 2.010 2.328 2.696 3.122 3.615 4.187 4.849 5.615 6.503 7.531 8.721 10.10 11.70 13.54 15.69 18.17 21.04 24.36 28.21 32.67 37.84 43.82 50.75 58.77 68.06 78.82 91.28 105.7 122.4 141.8 164.2 190.1 220.2 255.0 295.3 342.0 396.1 458.7 531.2 615.1 712.4 825.0 955.4 1106 1281 1484 1718 1990 2305 2669 3091 3580 4145 4801 5560 6439 7456 8635 1.000e4
208	Size	41 Extrusion POPC 0.2 mg_ml 30 degrees 1	17 March 2026 15:44:29	30.0	91.65	0.191	96.84	4648	0.000	96.7	3.3	0.0	34.08	807.8	0.000	0.0 0.0 0.0 0.0 0.0 0.0 0.0 0.0 0.0 0.0 0.0 0.0 0.0 0.0 0.0 0.0 0.0 0.0 0.0 0.0 0.0 0.0 0.0 0.0 0.0 0.0 0.0 0.0 0.0 0.0 0.0 0.0 1.3 4.6 8.7 12.4 14.7 15.1 13.8 11.1 7.8 4.6 2.0 0.5 0.0 0.0 0.0 0.0 0.0 0.0 0.0 0.0 0.0 0.0 0.0 0.0 0.0 0.0 0.0 0.0 0.0 0.2 0.4 0.7 0.9 1.1 0.0 0.0 0.0 0.0	0.4000 0.4632 0.5365 0.6213 0.7195 0.8332 0.9649 1.117 1.294 1.499 1.736 2.010 2.328 2.696 3.122 3.615 4.187 4.849 5.615 6.503 7.531 8.721 10.10 11.70 13.54 15.69 18.17 21.04 24.36 28.21 32.67 37.84 43.82 50.75 58.77 68.06 78.82 91.28 105.7 122.4 141.8 164.2 190.1 220.2 255.0 295.3 342.0 396.1 458.7 531.2 615.1 712.4 825.0 955.4 1106 1281 1484 1718 1990 2305 2669 3091 3580 4145 4801 5560 6439 7456 8635 1.000e4
209	Size	41 Extrusion POPC 0.2 mg_ml 30 degrees 2	17 March 2026 15:47:12	30.0	88.06	0.164	97.52	5027	0.000	98.9	1.1	0.0	36.56	593.4	0.000	0.0 0.0 0.0 0.0 0.0 0.0 0.0 0.0 0.0 0.0 0.0 0.0 0.0 0.0 0.0 0.0 0.0 0.0 0.0 0.0 0.0 0.0 0.0 0.0 0.0 0.0 0.0 0.0 0.0 0.0 0.0 0.5 2.3 5.4 8.9 11.9 13.9 14.4 13.4 11.2 8.3 5.2 2.6 0.8 0.0 0.0 0.0 0.0 0.0 0.0 0.0 0.0 0.0 0.0 0.0 0.0 0.0 0.0 0.0 0.0 0.0 0.0 0.0 0.2 0.4 0.6 0.0 0.0 0.0 0.0	0.4000 0.4632 0.5365 0.6213 0.7195 0.8332 0.9649 1.117 1.294 1.499 1.736 2.010 2.328 2.696 3.122 3.615 4.187 4.849 5.615 6.503 7.531 8.721 10.10 11.70 13.54 15.69 18.17 21.04 24.36 28.21 32.67 37.84 43.82 50.75 58.77 68.06 78.82 91.28 105.7 122.4 141.8 164.2 190.1 220.2 255.0 295.3 342.0 396.1 458.7 531.2 615.1 712.4 825.0 955.4 1106 1281 1484 1718 1990 2305 2669 3091 3580 4145 4801 5560 6439 7456 8635 1.000e4
210	Size	41 Extrusion POPC 0.2 mg_ml 30 degrees 3	17 March 2026 15:49:55	30.0	86.74	0.194	89.58	5203	0.000	98.3	1.7	0.0	26.41	472.4	0.000	0.0 0.0 0.0 0.0 0.0 0.0 0.0 0.0 0.0 0.0 0.0 0.0 0.0 0.0 0.0 0.0 0.0 0.0 0.0 0.0 0.0 0.0 0.0 0.0 0.0 0.0 0.0 0.0 0.0 0.0 0.0 0.0 1.0 4.7 10.0 14.9 17.7 17.6 14.8 10.3 5.5 1.9 0.1 0.0 0.0 0.0 0.0 0.0 0.0 0.0 0.0 0.0 0.0 0.0 0.0 0.0 0.0 0.0 0.0 0.0 0.0 0.0 0.0 0.1 0.5 1.0 0.0 0.0 0.0 0.0	0.4000 0.4632 0.5365 0.6213 0.7195 0.8332 0.9649 1.117 1.294 1.499 1.736 2.010 2.328 2.696 3.122 3.615 4.187 4.849 5.615 6.503 7.531 8.721 10.10 11.70 13.54 15.69 18.17 21.04 24.36 28.21 32.67 37.84 43.82 50.75 58.77 68.06 78.82 91.28 105.7 122.4 141.8 164.2 190.1 220.2 255.0 295.3 342.0 396.1 458.7 531.2 615.1 712.4 825.0 955.4 1106 1281 1484 1718 1990 2305 2669 3091 3580 4145 4801 5560 6439 7456 8635 1.000e4
211	Size	51 Extrusion POPC 0.2 mg_ml 30 degrees 1	17 March 2026 16:00:35	30.0	83.20	0.087	91.46	0.000	0.000	100.0	0.0	0.0	28.90	0.000	0.000	0.0 0.0 0.0 0.0 0.0 0.0 0.0 0.0 0.0 0.0 0.0 0.0 0.0 0.0 0.0 0.0 0.0 0.0 0.0 0.0 0.0 0.0 0.0 0.0 0.0 0.0 0.0 0.0 0.0 0.0 0.0 0.0 1.4 5.0 9.9 14.2 16.8 17.0 14.8 10.9 6.5 2.8 0.6 0.0 0.0 0.0 0.0 0.0 0.0 0.0 0.0 0.0 0.0 0.0 0.0 0.0 0.0 0.0 0.0 0.0 0.0 0.0 0.0 0.0 0.0 0.0 0.0 0.0 0.0 0.0	0.4000 0.4632 0.5365 0.6213 0.7195 0.8332 0.9649 1.117 1.294 1.499 1.736 2.010 2.328 2.696 3.122 3.615 4.187 4.849 5.615 6.503 7.531 8.721 10.10 11.70 13.54 15.69 18.17 21.04 24.36 28.21 32.67 37.84 43.82 50.75 58.77 68.06 78.82 91.28 105.7 122.4 141.8 164.2 190.1 220.2 255.0 295.3 342.0 396.1 458.7 531.2 615.1 712.4 825.0 955.4 1106 1281 1484 1718 1990 2305 2669 3091 3580 4145 4801 5560 6439 7456 8635 1.000e4
212	Size	51 Extrusion POPC 0.2 mg_ml 30 degrees 2	17 March 2026 16:02:47	30.0	82.70	0.129	92.53	0.000	0.000	100.0	0.0	0.0	33.76	0.000	0.000	0.0 0.0 0.0 0.0 0.0 0.0 0.0 0.0 0.0 0.0 0.0 0.0 0.0 0.0 0.0 0.0 0.0 0.0 0.0 0.0 0.0 0.0 0.0 0.0 0.0 0.0 0.0 0.0 0.0 0.0 0.0 0.7 3.0 6.4 10.1 13.2 14.8 14.8 13.2 10.5 7.2 4.0 1.7 0.4 0.0 0.0 0.0 0.0 0.0 0.0 0.0 0.0 0.0 0.0 0.0 0.0 0.0 0.0 0.0 0.0 0.0 0.0 0.0 0.0 0.0 0.0 0.0 0.0 0.0 0.0	0.4000 0.4632 0.5365 0.6213 0.7195 0.8332 0.9649 1.117 1.294 1.499 1.736 2.010 2.328 2.696 3.122 3.615 4.187 4.849 5.615 6.503 7.531 8.721 10.10 11.70 13.54 15.69 18.17 21.04 24.36 28.21 32.67 37.84 43.82 50.75 58.77 68.06 78.82 91.28 105.7 122.4 141.8 164.2 190.1 220.2 255.0 295.3 342.0 396.1 458.7 531.2 615.1 712.4 825.0 955.4 1106 1281 1484 1718 1990 2305 2669 3091 3580 4145 4801 5560 6439 7456 8635 1.000e4
213	Size	51 Extrusion POPC 0.2 mg_ml 30 degrees 3	17 March 2026 16:04:59	30.0	81.98	0.204	78.49	0.000	0.000	100.0	0.0	0.0	18.05	0.000	0.000	0.0 0.0 0.0 0.0 0.0 0.0 0.0 0.0 0.0 0.0 0.0 0.0 0.0 0.0 0.0 0.0 0.0 0.0 0.0 0.0 0.0 0.0 0.0 0.0 0.0 0.0 0.0 0.0 0.0 0.0 0.0 0.0 0.6 6.5 15.0 21.5 22.8 18.7 11.1 3.9 0.0 0.0 0.0 0.0 0.0 0.0 0.0 0.0 0.0 0.0 0.0 0.0 0.0 0.0 0.0 0.0 0.0 0.0 0.0 0.0 0.0 0.0 0.0 0.0 0.0 0.0 0.0 0.0 0.0 0.0	0.4000 0.4632 0.5365 0.6213 0.7195 0.8332 0.9649 1.117 1.294 1.499 1.736 2.010 2.328 2.696 3.122 3.615 4.187 4.849 5.615 6.503 7.531 8.721 10.10 11.70 13.54 15.69 18.17 21.04 24.36 28.21 32.67 37.84 43.82 50.75 58.77 68.06 78.82 91.28 105.7 122.4 141.8 164.2 190.1 220.2 255.0 295.3 342.0 396.1 458.7 531.2 615.1 712.4 825.0 955.4 1106 1281 1484 1718 1990 2305 2669 3091 3580 4145 4801 5560 6439 7456 8635 1.000e4
214	Size	61 Extrusion POPC 0.2 mg_ml 30 degrees 1	17 March 2026 17:00:44	30.0	93.55	0.101	103.0	0.000	0.000	100.0	0.0	0.0	33.20	0.000	0.000	0.0 0.0 0.0 0.0 0.0 0.0 0.0 0.0 0.0 0.0 0.0 0.0 0.0 0.0 0.0 0.0 0.0 0.0 0.0 0.0 0.0 0.0 0.0 0.0 0.0 0.0 0.0 0.0 0.0 0.0 0.0 0.0 0.0 2.0 6.2 11.1 15.0 16.9 16.4 13.8 9.9 5.8 2.5 0.5 0.0 0.0 0.0 0.0 0.0 0.0 0.0 0.0 0.0 0.0 0.0 0.0 0.0 0.0 0.0 0.0 0.0 0.0 0.0 0.0 0.0 0.0 0.0 0.0 0.0 0.0	0.4000 0.4632 0.5365 0.6213 0.7195 0.8332 0.9649 1.117 1.294 1.499 1.736 2.010 2.328 2.696 3.122 3.615 4.187 4.849 5.615 6.503 7.531 8.721 10.10 11.70 13.54 15.69 18.17 21.04 24.36 28.21 32.67 37.84 43.82 50.75 58.77 68.06 78.82 91.28 105.7 122.4 141.8 164.2 190.1 220.2 255.0 295.3 342.0 396.1 458.7 531.2 615.1 712.4 825.0 955.4 1106 1281 1484 1718 1990 2305 2669 3091 3580 4145 4801 5560 6439 7456 8635 1.000e4
215	Size	61 Extrusion POPC 0.2 mg_ml 30 degrees 2	17 March 2026 17:03:27	30.0	91.15	0.071	98.05	0.000	0.000	100.0	0.0	0.0	26.73	0.000	0.000	0.0 0.0 0.0 0.0 0.0 0.0 0.0 0.0 0.0 0.0 0.0 0.0 0.0 0.0 0.0 0.0 0.0 0.0 0.0 0.0 0.0 0.0 0.0 0.0 0.0 0.0 0.0 0.0 0.0 0.0 0.0 0.0 0.0 1.1 5.6 11.9 17.3 19.7 18.5 14.1 8.3 3.2 0.4 0.0 0.0 0.0 0.0 0.0 0.0 0.0 0.0 0.0 0.0 0.0 0.0 0.0 0.0 0.0 0.0 0.0 0.0 0.0 0.0 0.0 0.0 0.0 0.0 0.0 0.0 0.0	0.4000 0.4632 0.5365 0.6213 0.7195 0.8332 0.9649 1.117 1.294 1.499 1.736 2.010 2.328 2.696 3.122 3.615 4.187 4.849 5.615 6.503 7.531 8.721 10.10 11.70 13.54 15.69 18.17 21.04 24.36 28.21 32.67 37.84 43.82 50.75 58.77 68.06 78.82 91.28 105.7 122.4 141.8 164.2 190.1 220.2 255.0 295.3 342.0 396.1 458.7 531.2 615.1 712.4 825.0 955.4 1106 1281 1484 1718 1990 2305 2669 3091 3580 4145 4801 5560 6439 7456 8635 1.000e4
216	Size	61 Extrusion POPC 0.2 mg_ml 30 degrees 3	17 March 2026 17:06:10	30.0	89.70	0.120	96.44	0.000	0.000	100.0	0.0	0.0	28.08	0.000	0.000	0.0 0.0 0.0 0.0 0.0 0.0 0.0 0.0 0.0 0.0 0.0 0.0 0.0 0.0 0.0 0.0 0.0 0.0 0.0 0.0 0.0 0.0 0.0 0.0 0.0 0.0 0.0 0.0 0.0 0.0 0.0 0.0 0.0 2.1 7.1 13.0 17.3 18.7 17.0 12.8 7.8 3.4 0.7 0.0 0.0 0.0 0.0 0.0 0.0 0.0 0.0 0.0 0.0 0.0 0.0 0.0 0.0 0.0 0.0 0.0 0.0 0.0 0.0 0.0 0.0 0.0 0.0 0.0 0.0 0.0	0.4000 0.4632 0.5365 0.6213 0.7195 0.8332 0.9649 1.117 1.294 1.499 1.736 2.010 2.328 2.696 3.122 3.615 4.187 4.849 5.615 6.503 7.531 8.721 10.10 11.70 13.54 15.69 18.17 21.04 24.36 28.21 32.67 37.84 43.82 50.75 58.77 68.06 78.82 91.28 105.7 122.4 141.8 164.2 190.1 220.2 255.0 295.3 342.0 396.1 458.7 531.2 615.1 712.4 825.0 955.4 1106 1281 1484 1718 1990 2305 2669 3091 3580 4145 4801 5560 6439 7456 8635 1.000e4

