Record	Type	Sample Name	Measurement Date and Time	T	Z-Ave	PdI	Pk 1 Mean Int	Pk 2 Mean Int	Pk 3 Mean Int	Pk 1 Area Int	Pk 2 Area Int	Pk 3 Area Int	Size Peak	Size Peak	Size Peak	Intensities	Sizes
 		 	 	Â°C	d.nm	 	d.nm	d.nm	d.nm	Percent	Percent	Percent	d.nm	d.nm	d.nm	Percent	d.nm
1	Size	DOPC 5EX 1mg'ml 01 04 25 1	01 April 2025 13:54:07	25.0	1056	0.687	768.4	0.000	0.000	100.0	0.0	0.0	101.7	0.000	0.000	0.0 0.0 0.0 0.0 0.0 0.0 0.0 0.0 0.0 0.0 0.0 0.0 0.0 0.0 0.0 0.0 0.0 0.0 0.0 0.0 0.0 0.0 0.0 0.0 0.0 0.0 0.0 0.0 0.0 0.0 0.0 0.0 0.0 0.0 0.0 0.0 0.0 0.0 0.0 0.0 0.0 0.0 0.0 0.0 0.0 0.0 0.0 0.0 0.0 0.0 15.1 37.0 34.9 12.9 0.0 0.0 0.0 0.0 0.0 0.0 0.0 0.0 0.0 0.0 0.0 0.0 0.0 0.0 0.0 0.0	0.4000 0.4632 0.5365 0.6213 0.7195 0.8332 0.9649 1.117 1.294 1.499 1.736 2.010 2.328 2.696 3.122 3.615 4.187 4.849 5.615 6.503 7.531 8.721 10.10 11.70 13.54 15.69 18.17 21.04 24.36 28.21 32.67 37.84 43.82 50.75 58.77 68.06 78.82 91.28 105.7 122.4 141.8 164.2 190.1 220.2 255.0 295.3 342.0 396.1 458.7 531.2 615.1 712.4 825.0 955.4 1106 1281 1484 1718 1990 2305 2669 3091 3580 4145 4801 5560 6439 7456 8635 1.000e4
2	Size	DOPC 5EX 1mg'ml 01 04 25 2	01 April 2025 13:56:40	25.0	1231	1.000	836.6	0.000	0.000	100.0	0.0	0.0	99.83	0.000	0.000	0.0 0.0 0.0 0.0 0.0 0.0 0.0 0.0 0.0 0.0 0.0 0.0 0.0 0.0 0.0 0.0 0.0 0.0 0.0 0.0 0.0 0.0 0.0 0.0 0.0 0.0 0.0 0.0 0.0 0.0 0.0 0.0 0.0 0.0 0.0 0.0 0.0 0.0 0.0 0.0 0.0 0.0 0.0 0.0 0.0 0.0 0.0 0.0 0.0 0.0 0.0 27.5 42.8 27.2 2.5 0.0 0.0 0.0 0.0 0.0 0.0 0.0 0.0 0.0 0.0 0.0 0.0 0.0 0.0 0.0	0.4000 0.4632 0.5365 0.6213 0.7195 0.8332 0.9649 1.117 1.294 1.499 1.736 2.010 2.328 2.696 3.122 3.615 4.187 4.849 5.615 6.503 7.531 8.721 10.10 11.70 13.54 15.69 18.17 21.04 24.36 28.21 32.67 37.84 43.82 50.75 58.77 68.06 78.82 91.28 105.7 122.4 141.8 164.2 190.1 220.2 255.0 295.3 342.0 396.1 458.7 531.2 615.1 712.4 825.0 955.4 1106 1281 1484 1718 1990 2305 2669 3091 3580 4145 4801 5560 6439 7456 8635 1.000e4
3	Size	DOPC 5EX 1mg'ml 01 04 25 3	01 April 2025 13:59:13	25.0	1114	0.019	834.3	0.000	0.000	100.0	0.0	0.0	117.0	0.000	0.000	0.0 0.0 0.0 0.0 0.0 0.0 0.0 0.0 0.0 0.0 0.0 0.0 0.0 0.0 0.0 0.0 0.0 0.0 0.0 0.0 0.0 0.0 0.0 0.0 0.0 0.0 0.0 0.0 0.0 0.0 0.0 0.0 0.0 0.0 0.0 0.0 0.0 0.0 0.0 0.0 0.0 0.0 0.0 0.0 0.0 0.0 0.0 0.0 0.0 0.0 4.3 26.7 38.1 25.7 5.2 0.0 0.0 0.0 0.0 0.0 0.0 0.0 0.0 0.0 0.0 0.0 0.0 0.0 0.0 0.0	0.4000 0.4632 0.5365 0.6213 0.7195 0.8332 0.9649 1.117 1.294 1.499 1.736 2.010 2.328 2.696 3.122 3.615 4.187 4.849 5.615 6.503 7.531 8.721 10.10 11.70 13.54 15.69 18.17 21.04 24.36 28.21 32.67 37.84 43.82 50.75 58.77 68.06 78.82 91.28 105.7 122.4 141.8 164.2 190.1 220.2 255.0 295.3 342.0 396.1 458.7 531.2 615.1 712.4 825.0 955.4 1106 1281 1484 1718 1990 2305 2669 3091 3580 4145 4801 5560 6439 7456 8635 1.000e4
4	Size	DOPC 5EX 1mg'ml 01 04 25 4	01 April 2025 14:01:46	25.0	1093	0.323	947.4	0.000	0.000	100.0	0.0	0.0	144.5	0.000	0.000	0.0 0.0 0.0 0.0 0.0 0.0 0.0 0.0 0.0 0.0 0.0 0.0 0.0 0.0 0.0 0.0 0.0 0.0 0.0 0.0 0.0 0.0 0.0 0.0 0.0 0.0 0.0 0.0 0.0 0.0 0.0 0.0 0.0 0.0 0.0 0.0 0.0 0.0 0.0 0.0 0.0 0.0 0.0 0.0 0.0 0.0 0.0 0.0 0.0 0.0 0.0 9.2 28.1 34.8 22.6 5.2 0.0 0.0 0.0 0.0 0.0 0.0 0.0 0.0 0.0 0.0 0.0 0.0 0.0 0.0	0.4000 0.4632 0.5365 0.6213 0.7195 0.8332 0.9649 1.117 1.294 1.499 1.736 2.010 2.328 2.696 3.122 3.615 4.187 4.849 5.615 6.503 7.531 8.721 10.10 11.70 13.54 15.69 18.17 21.04 24.36 28.21 32.67 37.84 43.82 50.75 58.77 68.06 78.82 91.28 105.7 122.4 141.8 164.2 190.1 220.2 255.0 295.3 342.0 396.1 458.7 531.2 615.1 712.4 825.0 955.4 1106 1281 1484 1718 1990 2305 2669 3091 3580 4145 4801 5560 6439 7456 8635 1.000e4
5	Size	DOPC 5EX 1mg'ml 01 04 25 5	01 April 2025 14:04:19	25.0	1177	0.376	887.8	0.000	0.000	100.0	0.0	0.0	125.3	0.000	0.000	0.0 0.0 0.0 0.0 0.0 0.0 0.0 0.0 0.0 0.0 0.0 0.0 0.0 0.0 0.0 0.0 0.0 0.0 0.0 0.0 0.0 0.0 0.0 0.0 0.0 0.0 0.0 0.0 0.0 0.0 0.0 0.0 0.0 0.0 0.0 0.0 0.0 0.0 0.0 0.0 0.0 0.0 0.0 0.0 0.0 0.0 0.0 0.0 0.0 0.0 0.1 18.4 34.4 32.1 14.9 0.0 0.0 0.0 0.0 0.0 0.0 0.0 0.0 0.0 0.0 0.0 0.0 0.0 0.0 0.0	0.4000 0.4632 0.5365 0.6213 0.7195 0.8332 0.9649 1.117 1.294 1.499 1.736 2.010 2.328 2.696 3.122 3.615 4.187 4.849 5.615 6.503 7.531 8.721 10.10 11.70 13.54 15.69 18.17 21.04 24.36 28.21 32.67 37.84 43.82 50.75 58.77 68.06 78.82 91.28 105.7 122.4 141.8 164.2 190.1 220.2 255.0 295.3 342.0 396.1 458.7 531.2 615.1 712.4 825.0 955.4 1106 1281 1484 1718 1990 2305 2669 3091 3580 4145 4801 5560 6439 7456 8635 1.000e4
6	Size	DOPC 11EX 1mg'ml 01 04 25 1	01 April 2025 14:14:23	25.0	559.4	0.313	520.2	0.000	0.000	100.0	0.0	0.0	85.19	0.000	0.000	0.0 0.0 0.0 0.0 0.0 0.0 0.0 0.0 0.0 0.0 0.0 0.0 0.0 0.0 0.0 0.0 0.0 0.0 0.0 0.0 0.0 0.0 0.0 0.0 0.0 0.0 0.0 0.0 0.0 0.0 0.0 0.0 0.0 0.0 0.0 0.0 0.0 0.0 0.0 0.0 0.0 0.0 0.0 0.0 0.0 0.0 0.0 13.5 28.6 31.4 20.4 6.0 0.0 0.0 0.0 0.0 0.0 0.0 0.0 0.0 0.0 0.0 0.0 0.0 0.0 0.0 0.0 0.0 0.0 0.0	0.4000 0.4632 0.5365 0.6213 0.7195 0.8332 0.9649 1.117 1.294 1.499 1.736 2.010 2.328 2.696 3.122 3.615 4.187 4.849 5.615 6.503 7.531 8.721 10.10 11.70 13.54 15.69 18.17 21.04 24.36 28.21 32.67 37.84 43.82 50.75 58.77 68.06 78.82 91.28 105.7 122.4 141.8 164.2 190.1 220.2 255.0 295.3 342.0 396.1 458.7 531.2 615.1 712.4 825.0 955.4 1106 1281 1484 1718 1990 2305 2669 3091 3580 4145 4801 5560 6439 7456 8635 1.000e4
7	Size	DOPC 11EX 1mg'ml 01 04 25 2	01 April 2025 14:17:06	25.0	598.8	0.173	512.7	0.000	0.000	100.0	0.0	0.0	84.17	0.000	0.000	0.0 0.0 0.0 0.0 0.0 0.0 0.0 0.0 0.0 0.0 0.0 0.0 0.0 0.0 0.0 0.0 0.0 0.0 0.0 0.0 0.0 0.0 0.0 0.0 0.0 0.0 0.0 0.0 0.0 0.0 0.0 0.0 0.0 0.0 0.0 0.0 0.0 0.0 0.0 0.0 0.0 0.0 0.0 0.0 0.0 0.0 0.5 15.2 29.7 30.9 18.9 4.8 0.0 0.0 0.0 0.0 0.0 0.0 0.0 0.0 0.0 0.0 0.0 0.0 0.0 0.0 0.0 0.0 0.0 0.0	0.4000 0.4632 0.5365 0.6213 0.7195 0.8332 0.9649 1.117 1.294 1.499 1.736 2.010 2.328 2.696 3.122 3.615 4.187 4.849 5.615 6.503 7.531 8.721 10.10 11.70 13.54 15.69 18.17 21.04 24.36 28.21 32.67 37.84 43.82 50.75 58.77 68.06 78.82 91.28 105.7 122.4 141.8 164.2 190.1 220.2 255.0 295.3 342.0 396.1 458.7 531.2 615.1 712.4 825.0 955.4 1106 1281 1484 1718 1990 2305 2669 3091 3580 4145 4801 5560 6439 7456 8635 1.000e4
8	Size	DOPC 11EX 1mg'ml 01 04 25 3	01 April 2025 14:19:48	25.0	581.6	0.210	565.1	0.000	0.000	100.0	0.0	0.0	109.5	0.000	0.000	0.0 0.0 0.0 0.0 0.0 0.0 0.0 0.0 0.0 0.0 0.0 0.0 0.0 0.0 0.0 0.0 0.0 0.0 0.0 0.0 0.0 0.0 0.0 0.0 0.0 0.0 0.0 0.0 0.0 0.0 0.0 0.0 0.0 0.0 0.0 0.0 0.0 0.0 0.0 0.0 0.0 0.0 0.0 0.0 0.0 0.0 0.0 8.6 20.6 27.2 24.4 14.7 4.6 0.0 0.0 0.0 0.0 0.0 0.0 0.0 0.0 0.0 0.0 0.0 0.0 0.0 0.0 0.0 0.0 0.0	0.4000 0.4632 0.5365 0.6213 0.7195 0.8332 0.9649 1.117 1.294 1.499 1.736 2.010 2.328 2.696 3.122 3.615 4.187 4.849 5.615 6.503 7.531 8.721 10.10 11.70 13.54 15.69 18.17 21.04 24.36 28.21 32.67 37.84 43.82 50.75 58.77 68.06 78.82 91.28 105.7 122.4 141.8 164.2 190.1 220.2 255.0 295.3 342.0 396.1 458.7 531.2 615.1 712.4 825.0 955.4 1106 1281 1484 1718 1990 2305 2669 3091 3580 4145 4801 5560 6439 7456 8635 1.000e4
9	Size	DOPC 11EX 1mg'ml 01 04 25 4	01 April 2025 14:22:31	25.0	563.6	0.119	528.2	0.000	0.000	100.0	0.0	0.0	93.57	0.000	0.000	0.0 0.0 0.0 0.0 0.0 0.0 0.0 0.0 0.0 0.0 0.0 0.0 0.0 0.0 0.0 0.0 0.0 0.0 0.0 0.0 0.0 0.0 0.0 0.0 0.0 0.0 0.0 0.0 0.0 0.0 0.0 0.0 0.0 0.0 0.0 0.0 0.0 0.0 0.0 0.0 0.0 0.0 0.0 0.0 0.0 0.0 1.1 12.9 25.7 29.3 21.8 9.0 0.2 0.0 0.0 0.0 0.0 0.0 0.0 0.0 0.0 0.0 0.0 0.0 0.0 0.0 0.0 0.0 0.0 0.0	0.4000 0.4632 0.5365 0.6213 0.7195 0.8332 0.9649 1.117 1.294 1.499 1.736 2.010 2.328 2.696 3.122 3.615 4.187 4.849 5.615 6.503 7.531 8.721 10.10 11.70 13.54 15.69 18.17 21.04 24.36 28.21 32.67 37.84 43.82 50.75 58.77 68.06 78.82 91.28 105.7 122.4 141.8 164.2 190.1 220.2 255.0 295.3 342.0 396.1 458.7 531.2 615.1 712.4 825.0 955.4 1106 1281 1484 1718 1990 2305 2669 3091 3580 4145 4801 5560 6439 7456 8635 1.000e4
10	Size	DOPC 11EX 1mg'ml 01 04 25 5	01 April 2025 14:25:13	25.0	575.0	0.247	499.9	0.000	0.000	100.0	0.0	0.0	83.46	0.000	0.000	0.0 0.0 0.0 0.0 0.0 0.0 0.0 0.0 0.0 0.0 0.0 0.0 0.0 0.0 0.0 0.0 0.0 0.0 0.0 0.0 0.0 0.0 0.0 0.0 0.0 0.0 0.0 0.0 0.0 0.0 0.0 0.0 0.0 0.0 0.0 0.0 0.0 0.0 0.0 0.0 0.0 0.0 0.0 0.0 0.0 0.0 2.6 17.7 30.5 29.6 16.5 3.1 0.0 0.0 0.0 0.0 0.0 0.0 0.0 0.0 0.0 0.0 0.0 0.0 0.0 0.0 0.0 0.0 0.0 0.0	0.4000 0.4632 0.5365 0.6213 0.7195 0.8332 0.9649 1.117 1.294 1.499 1.736 2.010 2.328 2.696 3.122 3.615 4.187 4.849 5.615 6.503 7.531 8.721 10.10 11.70 13.54 15.69 18.17 21.04 24.36 28.21 32.67 37.84 43.82 50.75 58.77 68.06 78.82 91.28 105.7 122.4 141.8 164.2 190.1 220.2 255.0 295.3 342.0 396.1 458.7 531.2 615.1 712.4 825.0 955.4 1106 1281 1484 1718 1990 2305 2669 3091 3580 4145 4801 5560 6439 7456 8635 1.000e4
11	Size	DOPC 21EX 1mg'ml 01 04 25 1	01 April 2025 14:44:17	25.0	929.3	0.147	1071	0.000	0.000	100.0	0.0	0.0	269.0	0.000	0.000	0.0 0.0 0.0 0.0 0.0 0.0 0.0 0.0 0.0 0.0 0.0 0.0 0.0 0.0 0.0 0.0 0.0 0.0 0.0 0.0 0.0 0.0 0.0 0.0 0.0 0.0 0.0 0.0 0.0 0.0 0.0 0.0 0.0 0.0 0.0 0.0 0.0 0.0 0.0 0.0 0.0 0.0 0.0 0.0 0.0 0.0 0.0 0.0 0.0 0.0 2.9 9.2 16.0 20.5 20.7 16.6 10.0 3.7 0.2 0.0 0.0 0.0 0.0 0.0 0.0 0.0 0.0 0.0 0.0 0.0	0.4000 0.4632 0.5365 0.6213 0.7195 0.8332 0.9649 1.117 1.294 1.499 1.736 2.010 2.328 2.696 3.122 3.615 4.187 4.849 5.615 6.503 7.531 8.721 10.10 11.70 13.54 15.69 18.17 21.04 24.36 28.21 32.67 37.84 43.82 50.75 58.77 68.06 78.82 91.28 105.7 122.4 141.8 164.2 190.1 220.2 255.0 295.3 342.0 396.1 458.7 531.2 615.1 712.4 825.0 955.4 1106 1281 1484 1718 1990 2305 2669 3091 3580 4145 4801 5560 6439 7456 8635 1.000e4
12	Size	DOPC 21EX 1mg'ml 01 04 25 2	01 April 2025 14:46:29	25.0	897.1	0.250	955.0	0.000	0.000	100.0	0.0	0.0	318.4	0.000	0.000	0.0 0.0 0.0 0.0 0.0 0.0 0.0 0.0 0.0 0.0 0.0 0.0 0.0 0.0 0.0 0.0 0.0 0.0 0.0 0.0 0.0 0.0 0.0 0.0 0.0 0.0 0.0 0.0 0.0 0.0 0.0 0.0 0.0 0.0 0.0 0.0 0.0 0.0 0.0 0.0 0.0 0.0 0.0 0.0 0.0 0.0 0.0 0.3 2.3 5.9 10.1 13.8 16.0 16.0 14.1 10.7 6.8 3.2 0.9 0.0 0.0 0.0 0.0 0.0 0.0 0.0 0.0 0.0 0.0 0.0	0.4000 0.4632 0.5365 0.6213 0.7195 0.8332 0.9649 1.117 1.294 1.499 1.736 2.010 2.328 2.696 3.122 3.615 4.187 4.849 5.615 6.503 7.531 8.721 10.10 11.70 13.54 15.69 18.17 21.04 24.36 28.21 32.67 37.84 43.82 50.75 58.77 68.06 78.82 91.28 105.7 122.4 141.8 164.2 190.1 220.2 255.0 295.3 342.0 396.1 458.7 531.2 615.1 712.4 825.0 955.4 1106 1281 1484 1718 1990 2305 2669 3091 3580 4145 4801 5560 6439 7456 8635 1.000e4
13	Size	DOPC 21EX 1mg'ml 01 04 25 3	01 April 2025 14:48:41	25.0	910.9	0.212	1125	0.000	0.000	100.0	0.0	0.0	390.1	0.000	0.000	0.0 0.0 0.0 0.0 0.0 0.0 0.0 0.0 0.0 0.0 0.0 0.0 0.0 0.0 0.0 0.0 0.0 0.0 0.0 0.0 0.0 0.0 0.0 0.0 0.0 0.0 0.0 0.0 0.0 0.0 0.0 0.0 0.0 0.0 0.0 0.0 0.0 0.0 0.0 0.0 0.0 0.0 0.0 0.0 0.0 0.0 0.0 0.0 0.5 2.5 5.8 9.7 13.2 15.2 15.5 14.0 11.0 7.3 3.9 1.3 0.1 0.0 0.0 0.0 0.0 0.0 0.0 0.0 0.0 0.0	0.4000 0.4632 0.5365 0.6213 0.7195 0.8332 0.9649 1.117 1.294 1.499 1.736 2.010 2.328 2.696 3.122 3.615 4.187 4.849 5.615 6.503 7.531 8.721 10.10 11.70 13.54 15.69 18.17 21.04 24.36 28.21 32.67 37.84 43.82 50.75 58.77 68.06 78.82 91.28 105.7 122.4 141.8 164.2 190.1 220.2 255.0 295.3 342.0 396.1 458.7 531.2 615.1 712.4 825.0 955.4 1106 1281 1484 1718 1990 2305 2669 3091 3580 4145 4801 5560 6439 7456 8635 1.000e4
14	Size	DOPC 21EX 1mg'ml 01 04 25 4	01 April 2025 14:50:53	25.0	917.3	0.233	996.9	0.000	0.000	100.0	0.0	0.0	289.0	0.000	0.000	0.0 0.0 0.0 0.0 0.0 0.0 0.0 0.0 0.0 0.0 0.0 0.0 0.0 0.0 0.0 0.0 0.0 0.0 0.0 0.0 0.0 0.0 0.0 0.0 0.0 0.0 0.0 0.0 0.0 0.0 0.0 0.0 0.0 0.0 0.0 0.0 0.0 0.0 0.0 0.0 0.0 0.0 0.0 0.0 0.0 0.0 0.0 0.0 0.0 2.5 7.6 13.4 17.5 18.7 16.8 12.5 7.4 3.0 0.5 0.0 0.0 0.0 0.0 0.0 0.0 0.0 0.0 0.0 0.0 0.0	0.4000 0.4632 0.5365 0.6213 0.7195 0.8332 0.9649 1.117 1.294 1.499 1.736 2.010 2.328 2.696 3.122 3.615 4.187 4.849 5.615 6.503 7.531 8.721 10.10 11.70 13.54 15.69 18.17 21.04 24.36 28.21 32.67 37.84 43.82 50.75 58.77 68.06 78.82 91.28 105.7 122.4 141.8 164.2 190.1 220.2 255.0 295.3 342.0 396.1 458.7 531.2 615.1 712.4 825.0 955.4 1106 1281 1484 1718 1990 2305 2669 3091 3580 4145 4801 5560 6439 7456 8635 1.000e4
15	Size	DOPC 21EX 1mg'ml 01 04 25 5	01 April 2025 14:53:06	25.0	881.8	0.274	951.8	4947	0.000	94.1	5.9	0.0	410.1	630.1	0.000	0.0 0.0 0.0 0.0 0.0 0.0 0.0 0.0 0.0 0.0 0.0 0.0 0.0 0.0 0.0 0.0 0.0 0.0 0.0 0.0 0.0 0.0 0.0 0.0 0.0 0.0 0.0 0.0 0.0 0.0 0.0 0.0 0.0 0.0 0.0 0.0 0.0 0.0 0.0 0.0 0.0 0.0 0.0 0.0 0.0 0.0 0.6 2.4 5.0 7.7 10.1 11.6 12.1 11.7 10.4 8.5 6.3 4.2 2.3 1.0 0.2 0.0 0.3 1.1 1.9 2.6 0.0 0.0 0.0 0.0	0.4000 0.4632 0.5365 0.6213 0.7195 0.8332 0.9649 1.117 1.294 1.499 1.736 2.010 2.328 2.696 3.122 3.615 4.187 4.849 5.615 6.503 7.531 8.721 10.10 11.70 13.54 15.69 18.17 21.04 24.36 28.21 32.67 37.84 43.82 50.75 58.77 68.06 78.82 91.28 105.7 122.4 141.8 164.2 190.1 220.2 255.0 295.3 342.0 396.1 458.7 531.2 615.1 712.4 825.0 955.4 1106 1281 1484 1718 1990 2305 2669 3091 3580 4145 4801 5560 6439 7456 8635 1.000e4
16	Size	DOPC 31EX 1mg'ml 01 04 25 1	01 April 2025 15:11:47	25.0	852.6	0.255	908.7	0.000	0.000	100.0	0.0	0.0	159.6	0.000	0.000	0.0 0.0 0.0 0.0 0.0 0.0 0.0 0.0 0.0 0.0 0.0 0.0 0.0 0.0 0.0 0.0 0.0 0.0 0.0 0.0 0.0 0.0 0.0 0.0 0.0 0.0 0.0 0.0 0.0 0.0 0.0 0.0 0.0 0.0 0.0 0.0 0.0 0.0 0.0 0.0 0.0 0.0 0.0 0.0 0.0 0.0 0.0 0.0 0.0 0.0 3.1 16.9 28.8 28.7 17.6 4.9 0.0 0.0 0.0 0.0 0.0 0.0 0.0 0.0 0.0 0.0 0.0 0.0 0.0 0.0	0.4000 0.4632 0.5365 0.6213 0.7195 0.8332 0.9649 1.117 1.294 1.499 1.736 2.010 2.328 2.696 3.122 3.615 4.187 4.849 5.615 6.503 7.531 8.721 10.10 11.70 13.54 15.69 18.17 21.04 24.36 28.21 32.67 37.84 43.82 50.75 58.77 68.06 78.82 91.28 105.7 122.4 141.8 164.2 190.1 220.2 255.0 295.3 342.0 396.1 458.7 531.2 615.1 712.4 825.0 955.4 1106 1281 1484 1718 1990 2305 2669 3091 3580 4145 4801 5560 6439 7456 8635 1.000e4
17	Size	DOPC 31EX 1mg'ml 01 04 25 2	01 April 2025 15:14:10	25.0	1015	0.291	895.8	0.000	0.000	100.0	0.0	0.0	189.5	0.000	0.000	0.0 0.0 0.0 0.0 0.0 0.0 0.0 0.0 0.0 0.0 0.0 0.0 0.0 0.0 0.0 0.0 0.0 0.0 0.0 0.0 0.0 0.0 0.0 0.0 0.0 0.0 0.0 0.0 0.0 0.0 0.0 0.0 0.0 0.0 0.0 0.0 0.0 0.0 0.0 0.0 0.0 0.0 0.0 0.0 0.0 0.0 0.0 0.0 0.0 0.9 8.5 18.6 24.7 23.6 16.2 6.8 0.7 0.0 0.0 0.0 0.0 0.0 0.0 0.0 0.0 0.0 0.0 0.0 0.0 0.0	0.4000 0.4632 0.5365 0.6213 0.7195 0.8332 0.9649 1.117 1.294 1.499 1.736 2.010 2.328 2.696 3.122 3.615 4.187 4.849 5.615 6.503 7.531 8.721 10.10 11.70 13.54 15.69 18.17 21.04 24.36 28.21 32.67 37.84 43.82 50.75 58.77 68.06 78.82 91.28 105.7 122.4 141.8 164.2 190.1 220.2 255.0 295.3 342.0 396.1 458.7 531.2 615.1 712.4 825.0 955.4 1106 1281 1484 1718 1990 2305 2669 3091 3580 4145 4801 5560 6439 7456 8635 1.000e4
18	Size	DOPC 31EX 1mg'ml 01 04 25 3	01 April 2025 15:16:32	25.0	1009	0.310	926.0	0.000	0.000	100.0	0.0	0.0	217.3	0.000	0.000	0.0 0.0 0.0 0.0 0.0 0.0 0.0 0.0 0.0 0.0 0.0 0.0 0.0 0.0 0.0 0.0 0.0 0.0 0.0 0.0 0.0 0.0 0.0 0.0 0.0 0.0 0.0 0.0 0.0 0.0 0.0 0.0 0.0 0.0 0.0 0.0 0.0 0.0 0.0 0.0 0.0 0.0 0.0 0.0 0.0 0.0 0.0 0.0 0.0 1.7 8.1 16.2 21.9 22.3 17.3 9.6 2.9 0.0 0.0 0.0 0.0 0.0 0.0 0.0 0.0 0.0 0.0 0.0 0.0 0.0	0.4000 0.4632 0.5365 0.6213 0.7195 0.8332 0.9649 1.117 1.294 1.499 1.736 2.010 2.328 2.696 3.122 3.615 4.187 4.849 5.615 6.503 7.531 8.721 10.10 11.70 13.54 15.69 18.17 21.04 24.36 28.21 32.67 37.84 43.82 50.75 58.77 68.06 78.82 91.28 105.7 122.4 141.8 164.2 190.1 220.2 255.0 295.3 342.0 396.1 458.7 531.2 615.1 712.4 825.0 955.4 1106 1281 1484 1718 1990 2305 2669 3091 3580 4145 4801 5560 6439 7456 8635 1.000e4
19	Size	DOPC 31EX 1mg'ml 01 04 25 4	01 April 2025 15:18:55	25.0	964.1	0.312	858.2	0.000	0.000	100.0	0.0	0.0	218.6	0.000	0.000	0.0 0.0 0.0 0.0 0.0 0.0 0.0 0.0 0.0 0.0 0.0 0.0 0.0 0.0 0.0 0.0 0.0 0.0 0.0 0.0 0.0 0.0 0.0 0.0 0.0 0.0 0.0 0.0 0.0 0.0 0.0 0.0 0.0 0.0 0.0 0.0 0.0 0.0 0.0 0.0 0.0 0.0 0.0 0.0 0.0 0.0 0.0 0.0 1.1 5.9 12.8 18.7 21.1 19.0 13.3 6.5 1.6 0.0 0.0 0.0 0.0 0.0 0.0 0.0 0.0 0.0 0.0 0.0 0.0 0.0	0.4000 0.4632 0.5365 0.6213 0.7195 0.8332 0.9649 1.117 1.294 1.499 1.736 2.010 2.328 2.696 3.122 3.615 4.187 4.849 5.615 6.503 7.531 8.721 10.10 11.70 13.54 15.69 18.17 21.04 24.36 28.21 32.67 37.84 43.82 50.75 58.77 68.06 78.82 91.28 105.7 122.4 141.8 164.2 190.1 220.2 255.0 295.3 342.0 396.1 458.7 531.2 615.1 712.4 825.0 955.4 1106 1281 1484 1718 1990 2305 2669 3091 3580 4145 4801 5560 6439 7456 8635 1.000e4
20	Size	DOPC 31EX 1mg'ml 01 04 25 5	01 April 2025 15:21:17	25.0	996.0	0.369	923.9	0.000	0.000	100.0	0.0	0.0	264.5	0.000	0.000	0.0 0.0 0.0 0.0 0.0 0.0 0.0 0.0 0.0 0.0 0.0 0.0 0.0 0.0 0.0 0.0 0.0 0.0 0.0 0.0 0.0 0.0 0.0 0.0 0.0 0.0 0.0 0.0 0.0 0.0 0.0 0.0 0.0 0.0 0.0 0.0 0.0 0.0 0.0 0.0 0.0 0.0 0.0 0.0 0.0 0.0 0.0 0.0 1.3 5.0 10.1 15.2 18.3 18.4 15.4 10.3 4.9 1.2 0.0 0.0 0.0 0.0 0.0 0.0 0.0 0.0 0.0 0.0 0.0 0.0	0.4000 0.4632 0.5365 0.6213 0.7195 0.8332 0.9649 1.117 1.294 1.499 1.736 2.010 2.328 2.696 3.122 3.615 4.187 4.849 5.615 6.503 7.531 8.721 10.10 11.70 13.54 15.69 18.17 21.04 24.36 28.21 32.67 37.84 43.82 50.75 58.77 68.06 78.82 91.28 105.7 122.4 141.8 164.2 190.1 220.2 255.0 295.3 342.0 396.1 458.7 531.2 615.1 712.4 825.0 955.4 1106 1281 1484 1718 1990 2305 2669 3091 3580 4145 4801 5560 6439 7456 8635 1.000e4
21	Size	DOPC 41EX 1mg'ml 01 04 25 1	01 April 2025 15:34:16	25.0	205.0	0.892	4328	135.0	29.84	47.7	34.5	17.8	907.0	41.21	9.307	0.0 0.0 0.0 0.0 0.0 0.0 0.0 0.0 0.0 0.0 0.0 0.0 0.0 0.0 0.0 0.0 0.0 0.0 0.0 0.0 0.0 0.0 0.0 0.0 0.0 0.5 1.4 2.4 3.1 3.3 2.9 2.1 1.2 0.6 0.4 0.9 2.1 3.5 5.0 5.9 6.0 5.1 3.5 1.7 0.4 0.0 0.0 0.0 0.0 0.0 0.0 0.0 0.0 0.0 0.0 0.0 0.0 0.0 0.0 0.5 2.2 5.0 7.9 10.2 11.3 10.8 0.0 0.0 0.0 0.0	0.4000 0.4632 0.5365 0.6213 0.7195 0.8332 0.9649 1.117 1.294 1.499 1.736 2.010 2.328 2.696 3.122 3.615 4.187 4.849 5.615 6.503 7.531 8.721 10.10 11.70 13.54 15.69 18.17 21.04 24.36 28.21 32.67 37.84 43.82 50.75 58.77 68.06 78.82 91.28 105.7 122.4 141.8 164.2 190.1 220.2 255.0 295.3 342.0 396.1 458.7 531.2 615.1 712.4 825.0 955.4 1106 1281 1484 1718 1990 2305 2669 3091 3580 4145 4801 5560 6439 7456 8635 1.000e4
22	Size	DOPC 41EX 1mg'ml 01 04 25 2	01 April 2025 15:36:38	25.0	337.7	0.828	116.7	4917	25.89	39.9	31.6	15.5	42.59	670.6	6.797	0.0 0.0 0.0 0.0 0.0 0.0 0.0 0.0 0.0 0.0 0.0 0.0 0.0 0.0 0.0 0.0 0.0 0.0 0.0 0.0 0.0 0.0 0.0 0.0 0.0 0.7 2.0 3.1 3.4 2.9 1.9 1.0 0.6 0.9 1.7 2.9 4.1 5.2 5.8 5.8 5.2 4.0 2.5 1.2 0.2 0.0 0.0 0.0 0.0 0.0 0.0 0.0 0.6 1.6 2.5 3.0 2.7 1.8 0.8 0.1 0.0 0.4 2.2 5.5 9.8 14.0 0.0 0.0 0.0 0.0	0.4000 0.4632 0.5365 0.6213 0.7195 0.8332 0.9649 1.117 1.294 1.499 1.736 2.010 2.328 2.696 3.122 3.615 4.187 4.849 5.615 6.503 7.531 8.721 10.10 11.70 13.54 15.69 18.17 21.04 24.36 28.21 32.67 37.84 43.82 50.75 58.77 68.06 78.82 91.28 105.7 122.4 141.8 164.2 190.1 220.2 255.0 295.3 342.0 396.1 458.7 531.2 615.1 712.4 825.0 955.4 1106 1281 1484 1718 1990 2305 2669 3091 3580 4145 4801 5560 6439 7456 8635 1.000e4
23	Size	DOPC 41EX 1mg'ml 01 04 25 3	01 April 2025 15:39:01	25.0	508.9	0.549	115.2	1602	28.13	47.7	28.5	23.8	35.34	318.2	9.058	0.0 0.0 0.0 0.0 0.0 0.0 0.0 0.0 0.0 0.0 0.0 0.0 0.0 0.0 0.0 0.0 0.0 0.0 0.0 0.0 0.0 0.0 0.0 0.0 0.4 1.3 2.5 3.5 4.1 4.0 3.4 2.4 1.5 1.1 1.5 2.8 4.7 6.8 8.2 8.4 7.2 4.9 2.2 0.4 0.0 0.0 0.0 0.0 0.0 0.0 0.0 0.0 0.0 0.1 2.3 5.4 7.5 7.2 4.7 1.7 0.0 0.0 0.0 0.0 0.0 0.0 0.0 0.0 0.0 0.0	0.4000 0.4632 0.5365 0.6213 0.7195 0.8332 0.9649 1.117 1.294 1.499 1.736 2.010 2.328 2.696 3.122 3.615 4.187 4.849 5.615 6.503 7.531 8.721 10.10 11.70 13.54 15.69 18.17 21.04 24.36 28.21 32.67 37.84 43.82 50.75 58.77 68.06 78.82 91.28 105.7 122.4 141.8 164.2 190.1 220.2 255.0 295.3 342.0 396.1 458.7 531.2 615.1 712.4 825.0 955.4 1106 1281 1484 1718 1990 2305 2669 3091 3580 4145 4801 5560 6439 7456 8635 1.000e4
24	Size	DOPC 41EX 1mg'ml 01 04 25 4	01 April 2025 15:41:23	25.0	293.4	0.726	63.17	4803	317.6	33.3	30.2	27.2	18.53	759.3	82.11	0.0 0.0 0.0 0.0 0.0 0.0 0.0 0.0 0.0 0.0 0.0 0.0 0.0 0.0 0.0 0.0 0.0 0.0 0.0 0.0 0.0 0.0 0.0 0.1 1.0 2.1 2.5 2.0 1.2 0.6 0.8 1.9 3.6 5.2 6.2 6.0 4.8 3.0 1.2 0.2 0.0 0.3 1.4 3.0 4.7 5.6 5.4 4.1 2.3 0.7 0.0 0.0 0.0 0.0 0.0 0.0 0.0 0.0 0.0 0.0 0.2 1.0 2.7 5.4 8.8 12.2 0.0 0.0 0.0 0.0	0.4000 0.4632 0.5365 0.6213 0.7195 0.8332 0.9649 1.117 1.294 1.499 1.736 2.010 2.328 2.696 3.122 3.615 4.187 4.849 5.615 6.503 7.531 8.721 10.10 11.70 13.54 15.69 18.17 21.04 24.36 28.21 32.67 37.84 43.82 50.75 58.77 68.06 78.82 91.28 105.7 122.4 141.8 164.2 190.1 220.2 255.0 295.3 342.0 396.1 458.7 531.2 615.1 712.4 825.0 955.4 1106 1281 1484 1718 1990 2305 2669 3091 3580 4145 4801 5560 6439 7456 8635 1.000e4
25	Size	DOPC 41EX 1mg'ml 01 04 25 5	01 April 2025 15:43:46	25.0	290.7	0.727	113.9	4634	25.23	38.7	32.6	16.1	39.21	877.0	5.949	0.0 0.0 0.0 0.0 0.0 0.0 0.0 0.0 0.0 0.0 0.0 0.0 0.0 0.0 0.0 0.0 0.0 0.0 0.0 0.0 0.0 0.0 0.0 0.0 0.0 0.7 2.1 3.4 3.8 3.2 2.0 0.8 0.2 0.5 1.6 3.1 4.6 5.8 6.2 5.8 4.8 3.4 2.0 0.8 0.2 0.0 0.0 0.0 0.0 0.0 0.0 0.2 0.7 1.5 2.1 2.4 2.3 1.8 1.1 0.6 0.7 1.6 3.5 6.1 9.0 11.4 0.0 0.0 0.0 0.0	0.4000 0.4632 0.5365 0.6213 0.7195 0.8332 0.9649 1.117 1.294 1.499 1.736 2.010 2.328 2.696 3.122 3.615 4.187 4.849 5.615 6.503 7.531 8.721 10.10 11.70 13.54 15.69 18.17 21.04 24.36 28.21 32.67 37.84 43.82 50.75 58.77 68.06 78.82 91.28 105.7 122.4 141.8 164.2 190.1 220.2 255.0 295.3 342.0 396.1 458.7 531.2 615.1 712.4 825.0 955.4 1106 1281 1484 1718 1990 2305 2669 3091 3580 4145 4801 5560 6439 7456 8635 1.000e4

Record	Type	Sample Name	Measurement Date and Time	T	Z-Ave	PdI	Pk 1 Mean Int	Pk 2 Mean Int	Pk 3 Mean Int	Pk 1 Area Int	Pk 2 Area Int	Pk 3 Area Int	Size Peak	Size Peak	Size Peak	Intensities	Sizes
 		 	 	Â°C	d.nm	 	d.nm	d.nm	d.nm	Percent	Percent	Percent	d.nm	d.nm	d.nm	Percent	d.nm
1	Size	DOPC 5 EX Img/ml 10 10 2024 1	10 October 2024 10:02:01	25.0	119.7	0.143	140.8	0.000	0.000	100.0	0.0	0.0	53.69	0.000	0.000	0.0 0.0 0.0 0.0 0.0 0.0 0.0 0.0 0.0 0.0 0.0 0.0 0.0 0.0 0.0 0.0 0.0 0.0 0.0 0.0 0.0 0.0 0.0 0.0 0.0 0.0 0.0 0.0 0.0 0.0 0.0 0.0 0.0 0.4 1.8 4.1 7.1 10.2 12.7 14.1 14.0 12.6 10.1 7.0 4.0 1.6 0.3 0.0 0.0 0.0 0.0 0.0 0.0 0.0 0.0 0.0 0.0 0.0 0.0 0.0 0.0 0.0 0.0 0.0 0.0 0.0 0.0 0.0 0.0 0.0	0.4000 0.4632 0.5365 0.6213 0.7195 0.8332 0.9649 1.117 1.294 1.499 1.736 2.010 2.328 2.696 3.122 3.615 4.187 4.849 5.615 6.503 7.531 8.721 10.10 11.70 13.54 15.69 18.17 21.04 24.36 28.21 32.67 37.84 43.82 50.75 58.77 68.06 78.82 91.28 105.7 122.4 141.8 164.2 190.1 220.2 255.0 295.3 342.0 396.1 458.7 531.2 615.1 712.4 825.0 955.4 1106 1281 1484 1718 1990 2305 2669 3091 3580 4145 4801 5560 6439 7456 8635 1.000e4
2	Size	DOPC 5 EX Img/ml 10 10 2024 2	10 October 2024 10:04:23	25.0	118.6	0.129	137.9	0.000	0.000	100.0	0.0	0.0	52.31	0.000	0.000	0.0 0.0 0.0 0.0 0.0 0.0 0.0 0.0 0.0 0.0 0.0 0.0 0.0 0.0 0.0 0.0 0.0 0.0 0.0 0.0 0.0 0.0 0.0 0.0 0.0 0.0 0.0 0.0 0.0 0.0 0.0 0.0 0.0 0.6 2.1 4.5 7.5 10.5 12.9 14.1 14.0 12.4 9.8 6.6 3.6 1.3 0.2 0.0 0.0 0.0 0.0 0.0 0.0 0.0 0.0 0.0 0.0 0.0 0.0 0.0 0.0 0.0 0.0 0.0 0.0 0.0 0.0 0.0 0.0 0.0	0.4000 0.4632 0.5365 0.6213 0.7195 0.8332 0.9649 1.117 1.294 1.499 1.736 2.010 2.328 2.696 3.122 3.615 4.187 4.849 5.615 6.503 7.531 8.721 10.10 11.70 13.54 15.69 18.17 21.04 24.36 28.21 32.67 37.84 43.82 50.75 58.77 68.06 78.82 91.28 105.7 122.4 141.8 164.2 190.1 220.2 255.0 295.3 342.0 396.1 458.7 531.2 615.1 712.4 825.0 955.4 1106 1281 1484 1718 1990 2305 2669 3091 3580 4145 4801 5560 6439 7456 8635 1.000e4
3	Size	DOPC 5 EX Img/ml 10 10 2024 3	10 October 2024 10:06:46	25.0	118.1	0.151	137.5	0.000	0.000	100.0	0.0	0.0	59.03	0.000	0.000	0.0 0.0 0.0 0.0 0.0 0.0 0.0 0.0 0.0 0.0 0.0 0.0 0.0 0.0 0.0 0.0 0.0 0.0 0.0 0.0 0.0 0.0 0.0 0.0 0.0 0.0 0.0 0.0 0.0 0.0 0.0 0.0 0.0 0.9 2.9 5.8 8.7 11.1 12.6 13.0 12.3 10.8 8.7 6.3 4.0 2.1 0.8 0.2 0.0 0.0 0.0 0.0 0.0 0.0 0.0 0.0 0.0 0.0 0.0 0.0 0.0 0.0 0.0 0.0 0.0 0.0 0.0 0.0 0.0 0.0	0.4000 0.4632 0.5365 0.6213 0.7195 0.8332 0.9649 1.117 1.294 1.499 1.736 2.010 2.328 2.696 3.122 3.615 4.187 4.849 5.615 6.503 7.531 8.721 10.10 11.70 13.54 15.69 18.17 21.04 24.36 28.21 32.67 37.84 43.82 50.75 58.77 68.06 78.82 91.28 105.7 122.4 141.8 164.2 190.1 220.2 255.0 295.3 342.0 396.1 458.7 531.2 615.1 712.4 825.0 955.4 1106 1281 1484 1718 1990 2305 2669 3091 3580 4145 4801 5560 6439 7456 8635 1.000e4
4	Size	DOPC 5 EX Img/ml 10 10 2024 4	10 October 2024 10:09:09	25.0	118.2	0.184	140.5	0.000	0.000	100.0	0.0	0.0	59.50	0.000	0.000	0.0 0.0 0.0 0.0 0.0 0.0 0.0 0.0 0.0 0.0 0.0 0.0 0.0 0.0 0.0 0.0 0.0 0.0 0.0 0.0 0.0 0.0 0.0 0.0 0.0 0.0 0.0 0.0 0.0 0.0 0.0 0.0 0.1 1.0 2.7 5.1 7.8 10.3 12.1 13.0 12.7 11.4 9.3 6.8 4.4 2.3 0.8 0.1 0.0 0.0 0.0 0.0 0.0 0.0 0.0 0.0 0.0 0.0 0.0 0.0 0.0 0.0 0.0 0.0 0.0 0.0 0.0 0.0 0.0 0.0	0.4000 0.4632 0.5365 0.6213 0.7195 0.8332 0.9649 1.117 1.294 1.499 1.736 2.010 2.328 2.696 3.122 3.615 4.187 4.849 5.615 6.503 7.531 8.721 10.10 11.70 13.54 15.69 18.17 21.04 24.36 28.21 32.67 37.84 43.82 50.75 58.77 68.06 78.82 91.28 105.7 122.4 141.8 164.2 190.1 220.2 255.0 295.3 342.0 396.1 458.7 531.2 615.1 712.4 825.0 955.4 1106 1281 1484 1718 1990 2305 2669 3091 3580 4145 4801 5560 6439 7456 8635 1.000e4
5	Size	DOPC 5 EX Img/ml 10 10 2024 5	10 October 2024 10:11:31	25.0	119.0	0.162	145.3	0.000	0.000	100.0	0.0	0.0	68.04	0.000	0.000	0.0 0.0 0.0 0.0 0.0 0.0 0.0 0.0 0.0 0.0 0.0 0.0 0.0 0.0 0.0 0.0 0.0 0.0 0.0 0.0 0.0 0.0 0.0 0.0 0.0 0.0 0.0 0.0 0.0 0.0 0.0 0.0 0.5 1.7 3.5 5.6 7.6 9.4 10.8 11.4 11.4 10.6 9.2 7.4 5.3 3.3 1.6 0.5 0.0 0.0 0.0 0.0 0.0 0.0 0.0 0.0 0.0 0.0 0.0 0.0 0.0 0.0 0.0 0.0 0.0 0.0 0.0 0.0 0.0 0.0	0.4000 0.4632 0.5365 0.6213 0.7195 0.8332 0.9649 1.117 1.294 1.499 1.736 2.010 2.328 2.696 3.122 3.615 4.187 4.849 5.615 6.503 7.531 8.721 10.10 11.70 13.54 15.69 18.17 21.04 24.36 28.21 32.67 37.84 43.82 50.75 58.77 68.06 78.82 91.28 105.7 122.4 141.8 164.2 190.1 220.2 255.0 295.3 342.0 396.1 458.7 531.2 615.1 712.4 825.0 955.4 1106 1281 1484 1718 1990 2305 2669 3091 3580 4145 4801 5560 6439 7456 8635 1.000e4
6	Size	DOPC 11 EX Img/ml 10 10 2024 1	10 October 2024 10:27:29	25.0	114.3	0.122	131.5	0.000	0.000	100.0	0.0	0.0	50.19	0.000	0.000	0.0 0.0 0.0 0.0 0.0 0.0 0.0 0.0 0.0 0.0 0.0 0.0 0.0 0.0 0.0 0.0 0.0 0.0 0.0 0.0 0.0 0.0 0.0 0.0 0.0 0.0 0.0 0.0 0.0 0.0 0.0 0.0 0.0 0.8 2.7 5.6 8.7 11.6 13.5 14.2 13.4 11.5 8.7 5.6 2.8 0.9 0.0 0.0 0.0 0.0 0.0 0.0 0.0 0.0 0.0 0.0 0.0 0.0 0.0 0.0 0.0 0.0 0.0 0.0 0.0 0.0 0.0 0.0 0.0 0.0	0.4000 0.4632 0.5365 0.6213 0.7195 0.8332 0.9649 1.117 1.294 1.499 1.736 2.010 2.328 2.696 3.122 3.615 4.187 4.849 5.615 6.503 7.531 8.721 10.10 11.70 13.54 15.69 18.17 21.04 24.36 28.21 32.67 37.84 43.82 50.75 58.77 68.06 78.82 91.28 105.7 122.4 141.8 164.2 190.1 220.2 255.0 295.3 342.0 396.1 458.7 531.2 615.1 712.4 825.0 955.4 1106 1281 1484 1718 1990 2305 2669 3091 3580 4145 4801 5560 6439 7456 8635 1.000e4
7	Size	DOPC 11 EX Img/ml 10 10 2024 2	10 October 2024 10:29:51	25.0	114.3	0.108	129.5	0.000	0.000	100.0	0.0	0.0	46.24	0.000	0.000	0.0 0.0 0.0 0.0 0.0 0.0 0.0 0.0 0.0 0.0 0.0 0.0 0.0 0.0 0.0 0.0 0.0 0.0 0.0 0.0 0.0 0.0 0.0 0.0 0.0 0.0 0.0 0.0 0.0 0.0 0.0 0.0 0.0 0.5 2.2 5.2 8.7 12.1 14.4 15.2 14.2 11.8 8.4 4.9 2.1 0.4 0.0 0.0 0.0 0.0 0.0 0.0 0.0 0.0 0.0 0.0 0.0 0.0 0.0 0.0 0.0 0.0 0.0 0.0 0.0 0.0 0.0 0.0 0.0 0.0	0.4000 0.4632 0.5365 0.6213 0.7195 0.8332 0.9649 1.117 1.294 1.499 1.736 2.010 2.328 2.696 3.122 3.615 4.187 4.849 5.615 6.503 7.531 8.721 10.10 11.70 13.54 15.69 18.17 21.04 24.36 28.21 32.67 37.84 43.82 50.75 58.77 68.06 78.82 91.28 105.7 122.4 141.8 164.2 190.1 220.2 255.0 295.3 342.0 396.1 458.7 531.2 615.1 712.4 825.0 955.4 1106 1281 1484 1718 1990 2305 2669 3091 3580 4145 4801 5560 6439 7456 8635 1.000e4
8	Size	DOPC 11 EX Img/ml 10 10 2024 3	10 October 2024 10:32:14	25.0	112.8	0.127	129.9	0.000	0.000	100.0	0.0	0.0	49.05	0.000	0.000	0.0 0.0 0.0 0.0 0.0 0.0 0.0 0.0 0.0 0.0 0.0 0.0 0.0 0.0 0.0 0.0 0.0 0.0 0.0 0.0 0.0 0.0 0.0 0.0 0.0 0.0 0.0 0.0 0.0 0.0 0.0 0.0 0.0 0.8 2.8 5.7 9.0 11.9 13.8 14.3 13.4 11.3 8.4 5.3 2.6 0.8 0.0 0.0 0.0 0.0 0.0 0.0 0.0 0.0 0.0 0.0 0.0 0.0 0.0 0.0 0.0 0.0 0.0 0.0 0.0 0.0 0.0 0.0 0.0 0.0	0.4000 0.4632 0.5365 0.6213 0.7195 0.8332 0.9649 1.117 1.294 1.499 1.736 2.010 2.328 2.696 3.122 3.615 4.187 4.849 5.615 6.503 7.531 8.721 10.10 11.70 13.54 15.69 18.17 21.04 24.36 28.21 32.67 37.84 43.82 50.75 58.77 68.06 78.82 91.28 105.7 122.4 141.8 164.2 190.1 220.2 255.0 295.3 342.0 396.1 458.7 531.2 615.1 712.4 825.0 955.4 1106 1281 1484 1718 1990 2305 2669 3091 3580 4145 4801 5560 6439 7456 8635 1.000e4
9	Size	DOPC 11 EX Img/ml 10 10 2024 4	10 October 2024 10:34:36	25.0	113.4	0.118	128.8	0.000	0.000	100.0	0.0	0.0	44.44	0.000	0.000	0.0 0.0 0.0 0.0 0.0 0.0 0.0 0.0 0.0 0.0 0.0 0.0 0.0 0.0 0.0 0.0 0.0 0.0 0.0 0.0 0.0 0.0 0.0 0.0 0.0 0.0 0.0 0.0 0.0 0.0 0.0 0.0 0.0 0.1 1.7 4.9 8.9 12.6 15.0 15.7 14.5 11.8 8.2 4.6 1.8 0.3 0.0 0.0 0.0 0.0 0.0 0.0 0.0 0.0 0.0 0.0 0.0 0.0 0.0 0.0 0.0 0.0 0.0 0.0 0.0 0.0 0.0 0.0 0.0 0.0	0.4000 0.4632 0.5365 0.6213 0.7195 0.8332 0.9649 1.117 1.294 1.499 1.736 2.010 2.328 2.696 3.122 3.615 4.187 4.849 5.615 6.503 7.531 8.721 10.10 11.70 13.54 15.69 18.17 21.04 24.36 28.21 32.67 37.84 43.82 50.75 58.77 68.06 78.82 91.28 105.7 122.4 141.8 164.2 190.1 220.2 255.0 295.3 342.0 396.1 458.7 531.2 615.1 712.4 825.0 955.4 1106 1281 1484 1718 1990 2305 2669 3091 3580 4145 4801 5560 6439 7456 8635 1.000e4
10	Size	DOPC 11 EX Img/ml 10 10 2024 5	10 October 2024 10:36:58	25.0	113.6	0.110	128.8	0.000	0.000	100.0	0.0	0.0	44.17	0.000	0.000	0.0 0.0 0.0 0.0 0.0 0.0 0.0 0.0 0.0 0.0 0.0 0.0 0.0 0.0 0.0 0.0 0.0 0.0 0.0 0.0 0.0 0.0 0.0 0.0 0.0 0.0 0.0 0.0 0.0 0.0 0.0 0.0 0.0 0.3 1.9 4.9 8.7 12.3 14.9 15.7 14.7 12.0 8.3 4.6 1.7 0.2 0.0 0.0 0.0 0.0 0.0 0.0 0.0 0.0 0.0 0.0 0.0 0.0 0.0 0.0 0.0 0.0 0.0 0.0 0.0 0.0 0.0 0.0 0.0 0.0	0.4000 0.4632 0.5365 0.6213 0.7195 0.8332 0.9649 1.117 1.294 1.499 1.736 2.010 2.328 2.696 3.122 3.615 4.187 4.849 5.615 6.503 7.531 8.721 10.10 11.70 13.54 15.69 18.17 21.04 24.36 28.21 32.67 37.84 43.82 50.75 58.77 68.06 78.82 91.28 105.7 122.4 141.8 164.2 190.1 220.2 255.0 295.3 342.0 396.1 458.7 531.2 615.1 712.4 825.0 955.4 1106 1281 1484 1718 1990 2305 2669 3091 3580 4145 4801 5560 6439 7456 8635 1.000e4
11	Size	DOPC 41 EX Img/ml 10 10 2024 1	10 October 2024 10:49:51	25.0	104.6	0.098	117.4	0.000	0.000	100.0	0.0	0.0	40.76	0.000	0.000	0.0 0.0 0.0 0.0 0.0 0.0 0.0 0.0 0.0 0.0 0.0 0.0 0.0 0.0 0.0 0.0 0.0 0.0 0.0 0.0 0.0 0.0 0.0 0.0 0.0 0.0 0.0 0.0 0.0 0.0 0.0 0.0 0.0 1.2 3.8 7.4 11.1 14.0 15.5 15.1 13.0 9.7 5.9 2.7 0.7 0.0 0.0 0.0 0.0 0.0 0.0 0.0 0.0 0.0 0.0 0.0 0.0 0.0 0.0 0.0 0.0 0.0 0.0 0.0 0.0 0.0 0.0 0.0 0.0 0.0	0.4000 0.4632 0.5365 0.6213 0.7195 0.8332 0.9649 1.117 1.294 1.499 1.736 2.010 2.328 2.696 3.122 3.615 4.187 4.849 5.615 6.503 7.531 8.721 10.10 11.70 13.54 15.69 18.17 21.04 24.36 28.21 32.67 37.84 43.82 50.75 58.77 68.06 78.82 91.28 105.7 122.4 141.8 164.2 190.1 220.2 255.0 295.3 342.0 396.1 458.7 531.2 615.1 712.4 825.0 955.4 1106 1281 1484 1718 1990 2305 2669 3091 3580 4145 4801 5560 6439 7456 8635 1.000e4
12	Size	DOPC 41 EX Img/ml 10 10 2024 2	10 October 2024 10:52:13	25.0	103.8	0.131	116.9	0.000	0.000	100.0	0.0	0.0	43.41	0.000	0.000	0.0 0.0 0.0 0.0 0.0 0.0 0.0 0.0 0.0 0.0 0.0 0.0 0.0 0.0 0.0 0.0 0.0 0.0 0.0 0.0 0.0 0.0 0.0 0.0 0.0 0.0 0.0 0.0 0.0 0.0 0.0 0.0 0.0 1.5 4.5 8.2 11.7 14.0 14.8 14.0 11.9 9.0 5.9 3.1 1.1 0.2 0.0 0.0 0.0 0.0 0.0 0.0 0.0 0.0 0.0 0.0 0.0 0.0 0.0 0.0 0.0 0.0 0.0 0.0 0.0 0.0 0.0 0.0 0.0 0.0	0.4000 0.4632 0.5365 0.6213 0.7195 0.8332 0.9649 1.117 1.294 1.499 1.736 2.010 2.328 2.696 3.122 3.615 4.187 4.849 5.615 6.503 7.531 8.721 10.10 11.70 13.54 15.69 18.17 21.04 24.36 28.21 32.67 37.84 43.82 50.75 58.77 68.06 78.82 91.28 105.7 122.4 141.8 164.2 190.1 220.2 255.0 295.3 342.0 396.1 458.7 531.2 615.1 712.4 825.0 955.4 1106 1281 1484 1718 1990 2305 2669 3091 3580 4145 4801 5560 6439 7456 8635 1.000e4
13	Size	DOPC 41 EX Img/ml 10 10 2024 3	10 October 2024 10:54:36	25.0	104.6	0.137	123.3	0.000	0.000	100.0	0.0	0.0	53.40	0.000	0.000	0.0 0.0 0.0 0.0 0.0 0.0 0.0 0.0 0.0 0.0 0.0 0.0 0.0 0.0 0.0 0.0 0.0 0.0 0.0 0.0 0.0 0.0 0.0 0.0 0.0 0.0 0.0 0.0 0.0 0.0 0.0 0.0 0.5 2.3 5.1 8.0 10.6 12.3 12.9 12.5 11.1 9.1 6.8 4.6 2.6 1.2 0.3 0.0 0.0 0.0 0.0 0.0 0.0 0.0 0.0 0.0 0.0 0.0 0.0 0.0 0.0 0.0 0.0 0.0 0.0 0.0 0.0 0.0 0.0 0.0	0.4000 0.4632 0.5365 0.6213 0.7195 0.8332 0.9649 1.117 1.294 1.499 1.736 2.010 2.328 2.696 3.122 3.615 4.187 4.849 5.615 6.503 7.531 8.721 10.10 11.70 13.54 15.69 18.17 21.04 24.36 28.21 32.67 37.84 43.82 50.75 58.77 68.06 78.82 91.28 105.7 122.4 141.8 164.2 190.1 220.2 255.0 295.3 342.0 396.1 458.7 531.2 615.1 712.4 825.0 955.4 1106 1281 1484 1718 1990 2305 2669 3091 3580 4145 4801 5560 6439 7456 8635 1.000e4
14	Size	DOPC 41 EX Img/ml 10 10 2024 4	10 October 2024 10:56:58	25.0	105.9	0.129	123.3	0.000	0.000	100.0	0.0	0.0	49.94	0.000	0.000	0.0 0.0 0.0 0.0 0.0 0.0 0.0 0.0 0.0 0.0 0.0 0.0 0.0 0.0 0.0 0.0 0.0 0.0 0.0 0.0 0.0 0.0 0.0 0.0 0.0 0.0 0.0 0.0 0.0 0.0 0.0 0.0 0.5 2.1 4.5 7.4 10.1 12.2 13.3 13.2 12.0 9.9 7.3 4.6 2.3 0.7 0.0 0.0 0.0 0.0 0.0 0.0 0.0 0.0 0.0 0.0 0.0 0.0 0.0 0.0 0.0 0.0 0.0 0.0 0.0 0.0 0.0 0.0 0.0 0.0	0.4000 0.4632 0.5365 0.6213 0.7195 0.8332 0.9649 1.117 1.294 1.499 1.736 2.010 2.328 2.696 3.122 3.615 4.187 4.849 5.615 6.503 7.531 8.721 10.10 11.70 13.54 15.69 18.17 21.04 24.36 28.21 32.67 37.84 43.82 50.75 58.77 68.06 78.82 91.28 105.7 122.4 141.8 164.2 190.1 220.2 255.0 295.3 342.0 396.1 458.7 531.2 615.1 712.4 825.0 955.4 1106 1281 1484 1718 1990 2305 2669 3091 3580 4145 4801 5560 6439 7456 8635 1.000e4
15	Size	DOPC 41 EX Img/ml 10 10 2024 5	10 October 2024 10:59:21	25.0	106.3	0.147	122.9	0.000	0.000	100.0	0.0	0.0	48.70	0.000	0.000	0.0 0.0 0.0 0.0 0.0 0.0 0.0 0.0 0.0 0.0 0.0 0.0 0.0 0.0 0.0 0.0 0.0 0.0 0.0 0.0 0.0 0.0 0.0 0.0 0.0 0.0 0.0 0.0 0.0 0.0 0.0 0.0 0.3 1.7 4.2 7.3 10.3 12.6 13.7 13.6 12.2 9.8 7.1 4.3 2.1 0.6 0.0 0.0 0.0 0.0 0.0 0.0 0.0 0.0 0.0 0.0 0.0 0.0 0.0 0.0 0.0 0.0 0.0 0.0 0.0 0.0 0.0 0.0 0.0 0.0	0.4000 0.4632 0.5365 0.6213 0.7195 0.8332 0.9649 1.117 1.294 1.499 1.736 2.010 2.328 2.696 3.122 3.615 4.187 4.849 5.615 6.503 7.531 8.721 10.10 11.70 13.54 15.69 18.17 21.04 24.36 28.21 32.67 37.84 43.82 50.75 58.77 68.06 78.82 91.28 105.7 122.4 141.8 164.2 190.1 220.2 255.0 295.3 342.0 396.1 458.7 531.2 615.1 712.4 825.0 955.4 1106 1281 1484 1718 1990 2305 2669 3091 3580 4145 4801 5560 6439 7456 8635 1.000e4

Record	Type	Sample Name	Measurement Date and Time	T	Z-Ave	PdI	Pk 1 Mean Int	Pk 2 Mean Int	Pk 3 Mean Int	Pk 1 Area Int	Pk 2 Area Int	Pk 3 Area Int	Size Peak	Size Peak	Size Peak	Intensities	Sizes
 		 	 	Â°C	d.nm	 	d.nm	d.nm	d.nm	Percent	Percent	Percent	d.nm	d.nm	d.nm	Percent	d.nm
1	Size	DOPC 31 EX Img/ml 10 10 2024 1	10 October 2024 14:47:04	25.0	108.3	0.087	120.3	0.000	0.000	100.0	0.0	0.0	40.46	0.000	0.000	0.0 0.0 0.0 0.0 0.0 0.0 0.0 0.0 0.0 0.0 0.0 0.0 0.0 0.0 0.0 0.0 0.0 0.0 0.0 0.0 0.0 0.0 0.0 0.0 0.0 0.0 0.0 0.0 0.0 0.0 0.0 0.0 0.0 0.6 2.8 6.4 10.5 13.9 15.9 15.8 13.8 10.3 6.4 2.9 0.7 0.0 0.0 0.0 0.0 0.0 0.0 0.0 0.0 0.0 0.0 0.0 0.0 0.0 0.0 0.0 0.0 0.0 0.0 0.0 0.0 0.0 0.0 0.0 0.0 0.0	0.4000 0.4632 0.5365 0.6213 0.7195 0.8332 0.9649 1.117 1.294 1.499 1.736 2.010 2.328 2.696 3.122 3.615 4.187 4.849 5.615 6.503 7.531 8.721 10.10 11.70 13.54 15.69 18.17 21.04 24.36 28.21 32.67 37.84 43.82 50.75 58.77 68.06 78.82 91.28 105.7 122.4 141.8 164.2 190.1 220.2 255.0 295.3 342.0 396.1 458.7 531.2 615.1 712.4 825.0 955.4 1106 1281 1484 1718 1990 2305 2669 3091 3580 4145 4801 5560 6439 7456 8635 1.000e4
2	Size	DOPC 31 EX Img/ml 10 10 2024 2	10 October 2024 14:49:37	25.0	106.0	0.108	119.7	0.000	0.000	100.0	0.0	0.0	43.85	0.000	0.000	0.0 0.0 0.0 0.0 0.0 0.0 0.0 0.0 0.0 0.0 0.0 0.0 0.0 0.0 0.0 0.0 0.0 0.0 0.0 0.0 0.0 0.0 0.0 0.0 0.0 0.0 0.0 0.0 0.0 0.0 0.0 0.0 0.0 1.0 3.7 7.5 11.2 13.9 15.1 14.5 12.5 9.5 6.3 3.4 1.3 0.2 0.0 0.0 0.0 0.0 0.0 0.0 0.0 0.0 0.0 0.0 0.0 0.0 0.0 0.0 0.0 0.0 0.0 0.0 0.0 0.0 0.0 0.0 0.0 0.0	0.4000 0.4632 0.5365 0.6213 0.7195 0.8332 0.9649 1.117 1.294 1.499 1.736 2.010 2.328 2.696 3.122 3.615 4.187 4.849 5.615 6.503 7.531 8.721 10.10 11.70 13.54 15.69 18.17 21.04 24.36 28.21 32.67 37.84 43.82 50.75 58.77 68.06 78.82 91.28 105.7 122.4 141.8 164.2 190.1 220.2 255.0 295.3 342.0 396.1 458.7 531.2 615.1 712.4 825.0 955.4 1106 1281 1484 1718 1990 2305 2669 3091 3580 4145 4801 5560 6439 7456 8635 1.000e4
3	Size	DOPC 31 EX Img/ml 10 10 2024 3	10 October 2024 14:52:09	25.0	105.4	0.101	118.0	0.000	0.000	100.0	0.0	0.0	41.01	0.000	0.000	0.0 0.0 0.0 0.0 0.0 0.0 0.0 0.0 0.0 0.0 0.0 0.0 0.0 0.0 0.0 0.0 0.0 0.0 0.0 0.0 0.0 0.0 0.0 0.0 0.0 0.0 0.0 0.0 0.0 0.0 0.0 0.0 0.0 0.8 3.4 7.4 11.4 14.4 15.7 15.0 12.8 9.5 5.9 2.9 0.8 0.0 0.0 0.0 0.0 0.0 0.0 0.0 0.0 0.0 0.0 0.0 0.0 0.0 0.0 0.0 0.0 0.0 0.0 0.0 0.0 0.0 0.0 0.0 0.0 0.0	0.4000 0.4632 0.5365 0.6213 0.7195 0.8332 0.9649 1.117 1.294 1.499 1.736 2.010 2.328 2.696 3.122 3.615 4.187 4.849 5.615 6.503 7.531 8.721 10.10 11.70 13.54 15.69 18.17 21.04 24.36 28.21 32.67 37.84 43.82 50.75 58.77 68.06 78.82 91.28 105.7 122.4 141.8 164.2 190.1 220.2 255.0 295.3 342.0 396.1 458.7 531.2 615.1 712.4 825.0 955.4 1106 1281 1484 1718 1990 2305 2669 3091 3580 4145 4801 5560 6439 7456 8635 1.000e4
4	Size	DOPC 31 EX Img/ml 10 10 2024 4	10 October 2024 14:54:42	25.0	105.5	0.093	117.3	0.000	0.000	100.0	0.0	0.0	38.89	0.000	0.000	0.0 0.0 0.0 0.0 0.0 0.0 0.0 0.0 0.0 0.0 0.0 0.0 0.0 0.0 0.0 0.0 0.0 0.0 0.0 0.0 0.0 0.0 0.0 0.0 0.0 0.0 0.0 0.0 0.0 0.0 0.0 0.0 0.0 0.7 3.1 7.0 11.2 14.6 16.3 15.8 13.4 9.7 5.6 2.3 0.4 0.0 0.0 0.0 0.0 0.0 0.0 0.0 0.0 0.0 0.0 0.0 0.0 0.0 0.0 0.0 0.0 0.0 0.0 0.0 0.0 0.0 0.0 0.0 0.0 0.0	0.4000 0.4632 0.5365 0.6213 0.7195 0.8332 0.9649 1.117 1.294 1.499 1.736 2.010 2.328 2.696 3.122 3.615 4.187 4.849 5.615 6.503 7.531 8.721 10.10 11.70 13.54 15.69 18.17 21.04 24.36 28.21 32.67 37.84 43.82 50.75 58.77 68.06 78.82 91.28 105.7 122.4 141.8 164.2 190.1 220.2 255.0 295.3 342.0 396.1 458.7 531.2 615.1 712.4 825.0 955.4 1106 1281 1484 1718 1990 2305 2669 3091 3580 4145 4801 5560 6439 7456 8635 1.000e4
5	Size	DOPC 31 EX Img/ml 10 10 2024 5	10 October 2024 14:57:15	25.0	106.1	0.083	117.6	0.000	0.000	100.0	0.0	0.0	39.56	0.000	0.000	0.0 0.0 0.0 0.0 0.0 0.0 0.0 0.0 0.0 0.0 0.0 0.0 0.0 0.0 0.0 0.0 0.0 0.0 0.0 0.0 0.0 0.0 0.0 0.0 0.0 0.0 0.0 0.0 0.0 0.0 0.0 0.0 0.0 0.8 3.3 7.0 11.1 14.4 16.0 15.6 13.3 9.7 5.8 2.5 0.5 0.0 0.0 0.0 0.0 0.0 0.0 0.0 0.0 0.0 0.0 0.0 0.0 0.0 0.0 0.0 0.0 0.0 0.0 0.0 0.0 0.0 0.0 0.0 0.0 0.0	0.4000 0.4632 0.5365 0.6213 0.7195 0.8332 0.9649 1.117 1.294 1.499 1.736 2.010 2.328 2.696 3.122 3.615 4.187 4.849 5.615 6.503 7.531 8.721 10.10 11.70 13.54 15.69 18.17 21.04 24.36 28.21 32.67 37.84 43.82 50.75 58.77 68.06 78.82 91.28 105.7 122.4 141.8 164.2 190.1 220.2 255.0 295.3 342.0 396.1 458.7 531.2 615.1 712.4 825.0 955.4 1106 1281 1484 1718 1990 2305 2669 3091 3580 4145 4801 5560 6439 7456 8635 1.000e4
6	Size	DOPC 21 EX Img/ml 10 10 2024 1	10 October 2024 15:09:18	25.0	114.6	0.127	133.1	0.000	0.000	100.0	0.0	0.0	53.60	0.000	0.000	0.0 0.0 0.0 0.0 0.0 0.0 0.0 0.0 0.0 0.0 0.0 0.0 0.0 0.0 0.0 0.0 0.0 0.0 0.0 0.0 0.0 0.0 0.0 0.0 0.0 0.0 0.0 0.0 0.0 0.0 0.0 0.0 0.2 1.2 3.1 5.7 8.6 11.1 12.8 13.5 12.9 11.2 8.8 5.9 3.3 1.3 0.2 0.0 0.0 0.0 0.0 0.0 0.0 0.0 0.0 0.0 0.0 0.0 0.0 0.0 0.0 0.0 0.0 0.0 0.0 0.0 0.0 0.0 0.0 0.0	0.4000 0.4632 0.5365 0.6213 0.7195 0.8332 0.9649 1.117 1.294 1.499 1.736 2.010 2.328 2.696 3.122 3.615 4.187 4.849 5.615 6.503 7.531 8.721 10.10 11.70 13.54 15.69 18.17 21.04 24.36 28.21 32.67 37.84 43.82 50.75 58.77 68.06 78.82 91.28 105.7 122.4 141.8 164.2 190.1 220.2 255.0 295.3 342.0 396.1 458.7 531.2 615.1 712.4 825.0 955.4 1106 1281 1484 1718 1990 2305 2669 3091 3580 4145 4801 5560 6439 7456 8635 1.000e4
7	Size	DOPC 21 EX Img/ml 10 10 2024 2	10 October 2024 15:11:41	25.0	112.5	0.122	129.7	0.000	0.000	100.0	0.0	0.0	49.58	0.000	0.000	0.0 0.0 0.0 0.0 0.0 0.0 0.0 0.0 0.0 0.0 0.0 0.0 0.0 0.0 0.0 0.0 0.0 0.0 0.0 0.0 0.0 0.0 0.0 0.0 0.0 0.0 0.0 0.0 0.0 0.0 0.0 0.0 0.2 1.1 3.1 5.8 8.8 11.5 13.5 14.1 13.4 11.4 8.5 5.4 2.6 0.8 0.0 0.0 0.0 0.0 0.0 0.0 0.0 0.0 0.0 0.0 0.0 0.0 0.0 0.0 0.0 0.0 0.0 0.0 0.0 0.0 0.0 0.0 0.0 0.0	0.4000 0.4632 0.5365 0.6213 0.7195 0.8332 0.9649 1.117 1.294 1.499 1.736 2.010 2.328 2.696 3.122 3.615 4.187 4.849 5.615 6.503 7.531 8.721 10.10 11.70 13.54 15.69 18.17 21.04 24.36 28.21 32.67 37.84 43.82 50.75 58.77 68.06 78.82 91.28 105.7 122.4 141.8 164.2 190.1 220.2 255.0 295.3 342.0 396.1 458.7 531.2 615.1 712.4 825.0 955.4 1106 1281 1484 1718 1990 2305 2669 3091 3580 4145 4801 5560 6439 7456 8635 1.000e4
8	Size	DOPC 21 EX Img/ml 10 10 2024 3	10 October 2024 15:14:03	25.0	111.2	0.100	123.4	0.000	0.000	100.0	0.0	0.0	40.51	0.000	0.000	0.0 0.0 0.0 0.0 0.0 0.0 0.0 0.0 0.0 0.0 0.0 0.0 0.0 0.0 0.0 0.0 0.0 0.0 0.0 0.0 0.0 0.0 0.0 0.0 0.0 0.0 0.0 0.0 0.0 0.0 0.0 0.0 0.0 0.0 1.7 5.4 10.0 14.1 16.3 16.3 14.3 10.8 6.8 3.3 1.0 0.0 0.0 0.0 0.0 0.0 0.0 0.0 0.0 0.0 0.0 0.0 0.0 0.0 0.0 0.0 0.0 0.0 0.0 0.0 0.0 0.0 0.0 0.0 0.0 0.0	0.4000 0.4632 0.5365 0.6213 0.7195 0.8332 0.9649 1.117 1.294 1.499 1.736 2.010 2.328 2.696 3.122 3.615 4.187 4.849 5.615 6.503 7.531 8.721 10.10 11.70 13.54 15.69 18.17 21.04 24.36 28.21 32.67 37.84 43.82 50.75 58.77 68.06 78.82 91.28 105.7 122.4 141.8 164.2 190.1 220.2 255.0 295.3 342.0 396.1 458.7 531.2 615.1 712.4 825.0 955.4 1106 1281 1484 1718 1990 2305 2669 3091 3580 4145 4801 5560 6439 7456 8635 1.000e4
9	Size	DOPC 21 EX Img/ml 10 10 2024 4	10 October 2024 15:16:25	25.0	114.2	0.096	128.2	0.000	0.000	100.0	0.0	0.0	44.54	0.000	0.000	0.0 0.0 0.0 0.0 0.0 0.0 0.0 0.0 0.0 0.0 0.0 0.0 0.0 0.0 0.0 0.0 0.0 0.0 0.0 0.0 0.0 0.0 0.0 0.0 0.0 0.0 0.0 0.0 0.0 0.0 0.0 0.0 0.0 0.5 2.2 5.1 8.7 12.2 14.7 15.5 14.5 11.9 8.3 4.6 1.7 0.2 0.0 0.0 0.0 0.0 0.0 0.0 0.0 0.0 0.0 0.0 0.0 0.0 0.0 0.0 0.0 0.0 0.0 0.0 0.0 0.0 0.0 0.0 0.0 0.0	0.4000 0.4632 0.5365 0.6213 0.7195 0.8332 0.9649 1.117 1.294 1.499 1.736 2.010 2.328 2.696 3.122 3.615 4.187 4.849 5.615 6.503 7.531 8.721 10.10 11.70 13.54 15.69 18.17 21.04 24.36 28.21 32.67 37.84 43.82 50.75 58.77 68.06 78.82 91.28 105.7 122.4 141.8 164.2 190.1 220.2 255.0 295.3 342.0 396.1 458.7 531.2 615.1 712.4 825.0 955.4 1106 1281 1484 1718 1990 2305 2669 3091 3580 4145 4801 5560 6439 7456 8635 1.000e4
10	Size	DOPC 21 EX Img/ml 10 10 2024 5	10 October 2024 15:18:48	25.0	112.6	0.113	128.5	0.000	0.000	100.0	0.0	0.0	48.63	0.000	0.000	0.0 0.0 0.0 0.0 0.0 0.0 0.0 0.0 0.0 0.0 0.0 0.0 0.0 0.0 0.0 0.0 0.0 0.0 0.0 0.0 0.0 0.0 0.0 0.0 0.0 0.0 0.0 0.0 0.0 0.0 0.0 0.0 0.0 0.8 2.9 6.0 9.4 12.2 14.0 14.3 13.2 11.0 8.1 5.0 2.4 0.7 0.0 0.0 0.0 0.0 0.0 0.0 0.0 0.0 0.0 0.0 0.0 0.0 0.0 0.0 0.0 0.0 0.0 0.0 0.0 0.0 0.0 0.0 0.0 0.0	0.4000 0.4632 0.5365 0.6213 0.7195 0.8332 0.9649 1.117 1.294 1.499 1.736 2.010 2.328 2.696 3.122 3.615 4.187 4.849 5.615 6.503 7.531 8.721 10.10 11.70 13.54 15.69 18.17 21.04 24.36 28.21 32.67 37.84 43.82 50.75 58.77 68.06 78.82 91.28 105.7 122.4 141.8 164.2 190.1 220.2 255.0 295.3 342.0 396.1 458.7 531.2 615.1 712.4 825.0 955.4 1106 1281 1484 1718 1990 2305 2669 3091 3580 4145 4801 5560 6439 7456 8635 1.000e4
11	Size	DOPC 41 EX Img/ml 10 10 2024 1	10 October 2024 15:30:54	25.0	103.8	0.099	116.6	0.000	0.000	100.0	0.0	0.0	41.34	0.000	0.000	0.0 0.0 0.0 0.0 0.0 0.0 0.0 0.0 0.0 0.0 0.0 0.0 0.0 0.0 0.0 0.0 0.0 0.0 0.0 0.0 0.0 0.0 0.0 0.0 0.0 0.0 0.0 0.0 0.0 0.0 0.0 0.0 0.1 1.4 4.2 7.8 11.3 14.0 15.2 14.7 12.6 9.4 5.8 2.8 0.7 0.0 0.0 0.0 0.0 0.0 0.0 0.0 0.0 0.0 0.0 0.0 0.0 0.0 0.0 0.0 0.0 0.0 0.0 0.0 0.0 0.0 0.0 0.0 0.0 0.0	0.4000 0.4632 0.5365 0.6213 0.7195 0.8332 0.9649 1.117 1.294 1.499 1.736 2.010 2.328 2.696 3.122 3.615 4.187 4.849 5.615 6.503 7.531 8.721 10.10 11.70 13.54 15.69 18.17 21.04 24.36 28.21 32.67 37.84 43.82 50.75 58.77 68.06 78.82 91.28 105.7 122.4 141.8 164.2 190.1 220.2 255.0 295.3 342.0 396.1 458.7 531.2 615.1 712.4 825.0 955.4 1106 1281 1484 1718 1990 2305 2669 3091 3580 4145 4801 5560 6439 7456 8635 1.000e4
12	Size	DOPC 41 EX Img/ml 10 10 2024 2	10 October 2024 15:33:17	25.0	103.7	0.116	118.4	0.000	0.000	100.0	0.0	0.0	42.27	0.000	0.000	0.0 0.0 0.0 0.0 0.0 0.0 0.0 0.0 0.0 0.0 0.0 0.0 0.0 0.0 0.0 0.0 0.0 0.0 0.0 0.0 0.0 0.0 0.0 0.0 0.0 0.0 0.0 0.0 0.0 0.0 0.0 0.0 0.1 1.4 4.0 7.4 10.8 13.6 15.0 14.7 12.9 9.8 6.3 3.1 0.9 0.0 0.0 0.0 0.0 0.0 0.0 0.0 0.0 0.0 0.0 0.0 0.0 0.0 0.0 0.0 0.0 0.0 0.0 0.0 0.0 0.0 0.0 0.0 0.0 0.0	0.4000 0.4632 0.5365 0.6213 0.7195 0.8332 0.9649 1.117 1.294 1.499 1.736 2.010 2.328 2.696 3.122 3.615 4.187 4.849 5.615 6.503 7.531 8.721 10.10 11.70 13.54 15.69 18.17 21.04 24.36 28.21 32.67 37.84 43.82 50.75 58.77 68.06 78.82 91.28 105.7 122.4 141.8 164.2 190.1 220.2 255.0 295.3 342.0 396.1 458.7 531.2 615.1 712.4 825.0 955.4 1106 1281 1484 1718 1990 2305 2669 3091 3580 4145 4801 5560 6439 7456 8635 1.000e4
13	Size	DOPC 41 EX Img/ml 10 10 2024 3	10 October 2024 15:35:39	25.0	102.7	0.116	117.3	0.000	0.000	100.0	0.0	0.0	42.82	0.000	0.000	0.0 0.0 0.0 0.0 0.0 0.0 0.0 0.0 0.0 0.0 0.0 0.0 0.0 0.0 0.0 0.0 0.0 0.0 0.0 0.0 0.0 0.0 0.0 0.0 0.0 0.0 0.0 0.0 0.0 0.0 0.0 0.0 0.4 1.8 4.4 7.7 10.9 13.5 14.7 14.3 12.5 9.6 6.2 3.1 0.9 0.0 0.0 0.0 0.0 0.0 0.0 0.0 0.0 0.0 0.0 0.0 0.0 0.0 0.0 0.0 0.0 0.0 0.0 0.0 0.0 0.0 0.0 0.0 0.0 0.0	0.4000 0.4632 0.5365 0.6213 0.7195 0.8332 0.9649 1.117 1.294 1.499 1.736 2.010 2.328 2.696 3.122 3.615 4.187 4.849 5.615 6.503 7.531 8.721 10.10 11.70 13.54 15.69 18.17 21.04 24.36 28.21 32.67 37.84 43.82 50.75 58.77 68.06 78.82 91.28 105.7 122.4 141.8 164.2 190.1 220.2 255.0 295.3 342.0 396.1 458.7 531.2 615.1 712.4 825.0 955.4 1106 1281 1484 1718 1990 2305 2669 3091 3580 4145 4801 5560 6439 7456 8635 1.000e4
14	Size	DOPC 41 EX Img/ml 10 10 2024 4	10 October 2024 15:38:01	25.0	103.1	0.120	118.6	0.000	0.000	100.0	0.0	0.0	45.37	0.000	0.000	0.0 0.0 0.0 0.0 0.0 0.0 0.0 0.0 0.0 0.0 0.0 0.0 0.0 0.0 0.0 0.0 0.0 0.0 0.0 0.0 0.0 0.0 0.0 0.0 0.0 0.0 0.0 0.0 0.0 0.0 0.0 0.0 0.6 2.2 4.7 7.7 10.6 12.9 14.1 13.8 12.2 9.6 6.5 3.6 1.3 0.2 0.0 0.0 0.0 0.0 0.0 0.0 0.0 0.0 0.0 0.0 0.0 0.0 0.0 0.0 0.0 0.0 0.0 0.0 0.0 0.0 0.0 0.0 0.0 0.0	0.4000 0.4632 0.5365 0.6213 0.7195 0.8332 0.9649 1.117 1.294 1.499 1.736 2.010 2.328 2.696 3.122 3.615 4.187 4.849 5.615 6.503 7.531 8.721 10.10 11.70 13.54 15.69 18.17 21.04 24.36 28.21 32.67 37.84 43.82 50.75 58.77 68.06 78.82 91.28 105.7 122.4 141.8 164.2 190.1 220.2 255.0 295.3 342.0 396.1 458.7 531.2 615.1 712.4 825.0 955.4 1106 1281 1484 1718 1990 2305 2669 3091 3580 4145 4801 5560 6439 7456 8635 1.000e4
15	Size	DOPC 41 EX Img/ml 10 10 2024 5	10 October 2024 15:40:24	25.0	102.8	0.104	116.3	0.000	0.000	100.0	0.0	0.0	42.28	0.000	0.000	0.0 0.0 0.0 0.0 0.0 0.0 0.0 0.0 0.0 0.0 0.0 0.0 0.0 0.0 0.0 0.0 0.0 0.0 0.0 0.0 0.0 0.0 0.0 0.0 0.0 0.0 0.0 0.0 0.0 0.0 0.0 0.0 0.4 1.9 4.5 7.9 11.2 13.7 14.8 14.3 12.4 9.3 5.9 2.9 0.8 0.0 0.0 0.0 0.0 0.0 0.0 0.0 0.0 0.0 0.0 0.0 0.0 0.0 0.0 0.0 0.0 0.0 0.0 0.0 0.0 0.0 0.0 0.0 0.0 0.0	0.4000 0.4632 0.5365 0.6213 0.7195 0.8332 0.9649 1.117 1.294 1.499 1.736 2.010 2.328 2.696 3.122 3.615 4.187 4.849 5.615 6.503 7.531 8.721 10.10 11.70 13.54 15.69 18.17 21.04 24.36 28.21 32.67 37.84 43.82 50.75 58.77 68.06 78.82 91.28 105.7 122.4 141.8 164.2 190.1 220.2 255.0 295.3 342.0 396.1 458.7 531.2 615.1 712.4 825.0 955.4 1106 1281 1484 1718 1990 2305 2669 3091 3580 4145 4801 5560 6439 7456 8635 1.000e4

Record	Type	Sample Name	Measurement Date and Time	T	Z-Ave	PdI	Pk 1 Mean Int	Pk 2 Mean Int	Pk 3 Mean Int	Pk 1 Area Int	Pk 2 Area Int	Pk 3 Area Int	Size Peak	Size Peak	Size Peak	Intensities	Sizes
 		 	 	Â°C	d.nm	 	d.nm	d.nm	d.nm	Percent	Percent	Percent	d.nm	d.nm	d.nm	Percent	d.nm
1	Size	DOPC ex 21 1mg/ml 03/10/24 1	03 October 2024 16:59:05	25.0	111.8	0.103	125.2	0.000	0.000	100.0	0.0	0.0	43.29	0.000	0.000	0.0 0.0 0.0 0.0 0.0 0.0 0.0 0.0 0.0 0.0 0.0 0.0 0.0 0.0 0.0 0.0 0.0 0.0 0.0 0.0 0.0 0.0 0.0 0.0 0.0 0.0 0.0 0.0 0.0 0.0 0.0 0.0 0.0 0.4 2.3 5.7 9.6 13.1 15.2 15.6 14.1 11.1 7.5 4.0 1.4 0.1 0.0 0.0 0.0 0.0 0.0 0.0 0.0 0.0 0.0 0.0 0.0 0.0 0.0 0.0 0.0 0.0 0.0 0.0 0.0 0.0 0.0 0.0 0.0 0.0	0.4000 0.4632 0.5365 0.6213 0.7195 0.8332 0.9649 1.117 1.294 1.499 1.736 2.010 2.328 2.696 3.122 3.615 4.187 4.849 5.615 6.503 7.531 8.721 10.10 11.70 13.54 15.69 18.17 21.04 24.36 28.21 32.67 37.84 43.82 50.75 58.77 68.06 78.82 91.28 105.7 122.4 141.8 164.2 190.1 220.2 255.0 295.3 342.0 396.1 458.7 531.2 615.1 712.4 825.0 955.4 1106 1281 1484 1718 1990 2305 2669 3091 3580 4145 4801 5560 6439 7456 8635 1.000e4
2	Size	DOPC ex 21 1mg/ml 03/10/24 2	03 October 2024 17:01:17	25.0	113.4	0.078	125.2	0.000	0.000	100.0	0.0	0.0	40.51	0.000	0.000	0.0 0.0 0.0 0.0 0.0 0.0 0.0 0.0 0.0 0.0 0.0 0.0 0.0 0.0 0.0 0.0 0.0 0.0 0.0 0.0 0.0 0.0 0.0 0.0 0.0 0.0 0.0 0.0 0.0 0.0 0.0 0.0 0.0 0.1 1.7 4.9 9.2 13.2 15.9 16.6 15.0 11.6 7.4 3.5 0.9 0.0 0.0 0.0 0.0 0.0 0.0 0.0 0.0 0.0 0.0 0.0 0.0 0.0 0.0 0.0 0.0 0.0 0.0 0.0 0.0 0.0 0.0 0.0 0.0 0.0	0.4000 0.4632 0.5365 0.6213 0.7195 0.8332 0.9649 1.117 1.294 1.499 1.736 2.010 2.328 2.696 3.122 3.615 4.187 4.849 5.615 6.503 7.531 8.721 10.10 11.70 13.54 15.69 18.17 21.04 24.36 28.21 32.67 37.84 43.82 50.75 58.77 68.06 78.82 91.28 105.7 122.4 141.8 164.2 190.1 220.2 255.0 295.3 342.0 396.1 458.7 531.2 615.1 712.4 825.0 955.4 1106 1281 1484 1718 1990 2305 2669 3091 3580 4145 4801 5560 6439 7456 8635 1.000e4
3	Size	DOPC ex 21 1mg/ml 03/10/24 3	03 October 2024 17:03:30	25.0	112.9	0.069	122.1	0.000	0.000	100.0	0.0	0.0	34.98	0.000	0.000	0.0 0.0 0.0 0.0 0.0 0.0 0.0 0.0 0.0 0.0 0.0 0.0 0.0 0.0 0.0 0.0 0.0 0.0 0.0 0.0 0.0 0.0 0.0 0.0 0.0 0.0 0.0 0.0 0.0 0.0 0.0 0.0 0.0 0.0 0.5 3.9 9.3 14.6 18.1 18.5 15.9 11.2 6.0 1.9 0.0 0.0 0.0 0.0 0.0 0.0 0.0 0.0 0.0 0.0 0.0 0.0 0.0 0.0 0.0 0.0 0.0 0.0 0.0 0.0 0.0 0.0 0.0 0.0 0.0 0.0	0.4000 0.4632 0.5365 0.6213 0.7195 0.8332 0.9649 1.117 1.294 1.499 1.736 2.010 2.328 2.696 3.122 3.615 4.187 4.849 5.615 6.503 7.531 8.721 10.10 11.70 13.54 15.69 18.17 21.04 24.36 28.21 32.67 37.84 43.82 50.75 58.77 68.06 78.82 91.28 105.7 122.4 141.8 164.2 190.1 220.2 255.0 295.3 342.0 396.1 458.7 531.2 615.1 712.4 825.0 955.4 1106 1281 1484 1718 1990 2305 2669 3091 3580 4145 4801 5560 6439 7456 8635 1.000e4
4	Size	DOPC 15 10 24 31 EX 1mg/ml T25 1	15 October 2024 12:12:03	25.0	264.4	0.707	121.0	1571	5287	72.0	17.1	11.0	46.27	382.3	417.5	0.0 0.0 0.0 0.0 0.0 0.0 0.0 0.0 0.0 0.0 0.0 0.0 0.0 0.0 0.0 0.0 0.0 0.0 0.0 0.0 0.0 0.0 0.0 0.0 0.0 0.0 0.0 0.0 0.0 0.0 0.0 0.0 0.0 0.2 2.4 5.7 8.7 10.4 10.7 9.9 8.3 6.5 4.6 2.8 1.3 0.4 0.0 0.0 0.0 0.0 0.0 0.0 0.1 0.8 2.0 3.2 3.7 3.5 2.4 1.2 0.3 0.0 0.0 0.5 3.0 7.5 0.0 0.0 0.0 0.0	0.4000 0.4632 0.5365 0.6213 0.7195 0.8332 0.9649 1.117 1.294 1.499 1.736 2.010 2.328 2.696 3.122 3.615 4.187 4.849 5.615 6.503 7.531 8.721 10.10 11.70 13.54 15.69 18.17 21.04 24.36 28.21 32.67 37.84 43.82 50.75 58.77 68.06 78.82 91.28 105.7 122.4 141.8 164.2 190.1 220.2 255.0 295.3 342.0 396.1 458.7 531.2 615.1 712.4 825.0 955.4 1106 1281 1484 1718 1990 2305 2669 3091 3580 4145 4801 5560 6439 7456 8635 1.000e4
5	Size	DOPC 15 10 24 31 EX 1mg/ml T25 2	15 October 2024 12:14:47	25.0	172.4	0.577	128.7	4212	0.000	72.3	27.7	0.0	48.58	965.6	0.000	0.0 0.0 0.0 0.0 0.0 0.0 0.0 0.0 0.0 0.0 0.0 0.0 0.0 0.0 0.0 0.0 0.0 0.0 0.0 0.0 0.0 0.0 0.0 0.0 0.0 0.0 0.0 0.0 0.0 0.0 0.0 0.2 0.6 1.3 2.3 3.8 5.7 7.7 9.4 10.3 10.1 8.7 6.4 3.8 1.5 0.2 0.0 0.0 0.0 0.0 0.0 0.0 0.0 0.0 0.0 0.0 0.0 0.0 0.1 0.7 1.8 3.2 4.6 5.6 6.0 5.7 0.0 0.0 0.0 0.0	0.4000 0.4632 0.5365 0.6213 0.7195 0.8332 0.9649 1.117 1.294 1.499 1.736 2.010 2.328 2.696 3.122 3.615 4.187 4.849 5.615 6.503 7.531 8.721 10.10 11.70 13.54 15.69 18.17 21.04 24.36 28.21 32.67 37.84 43.82 50.75 58.77 68.06 78.82 91.28 105.7 122.4 141.8 164.2 190.1 220.2 255.0 295.3 342.0 396.1 458.7 531.2 615.1 712.4 825.0 955.4 1106 1281 1484 1718 1990 2305 2669 3091 3580 4145 4801 5560 6439 7456 8635 1.000e4
6	Size	DOPC 15 10 24 31 EX 1mg/ml T25 3	15 October 2024 12:17:30	25.0	181.9	0.694	106.4	3559	0.000	56.7	43.3	0.0	23.18	993.1	0.000	0.0 0.0 0.0 0.0 0.0 0.0 0.0 0.0 0.0 0.0 0.0 0.0 0.0 0.0 0.0 0.0 0.0 0.0 0.0 0.0 0.0 0.0 0.0 0.0 0.0 0.0 0.0 0.0 0.0 0.0 0.0 0.0 0.0 0.0 0.0 2.7 8.0 12.5 13.8 11.3 6.4 2.0 0.0 0.0 0.0 0.0 0.0 0.0 0.0 0.0 0.0 0.0 0.0 0.0 0.0 0.0 0.0 0.4 1.9 4.0 6.0 7.5 7.8 7.0 5.4 3.3 0.0 0.0 0.0 0.0	0.4000 0.4632 0.5365 0.6213 0.7195 0.8332 0.9649 1.117 1.294 1.499 1.736 2.010 2.328 2.696 3.122 3.615 4.187 4.849 5.615 6.503 7.531 8.721 10.10 11.70 13.54 15.69 18.17 21.04 24.36 28.21 32.67 37.84 43.82 50.75 58.77 68.06 78.82 91.28 105.7 122.4 141.8 164.2 190.1 220.2 255.0 295.3 342.0 396.1 458.7 531.2 615.1 712.4 825.0 955.4 1106 1281 1484 1718 1990 2305 2669 3091 3580 4145 4801 5560 6439 7456 8635 1.000e4
7	Size	DOPC 15 10 24 31 EX 1mg/ml T25 4	15 October 2024 12:20:13	25.0	256.1	0.681	114.3	3359	0.000	53.6	46.4	0.0	26.56	1096	0.000	0.0 0.0 0.0 0.0 0.0 0.0 0.0 0.0 0.0 0.0 0.0 0.0 0.0 0.0 0.0 0.0 0.0 0.0 0.0 0.0 0.0 0.0 0.0 0.0 0.0 0.0 0.0 0.0 0.0 0.0 0.0 0.0 0.0 0.0 0.0 1.7 5.3 9.4 12.0 11.7 8.6 4.1 0.7 0.0 0.0 0.0 0.0 0.0 0.0 0.0 0.0 0.0 0.0 0.0 0.0 0.0 0.1 1.6 3.8 5.9 7.2 7.2 6.4 5.3 4.5 4.2 0.0 0.0 0.0 0.0	0.4000 0.4632 0.5365 0.6213 0.7195 0.8332 0.9649 1.117 1.294 1.499 1.736 2.010 2.328 2.696 3.122 3.615 4.187 4.849 5.615 6.503 7.531 8.721 10.10 11.70 13.54 15.69 18.17 21.04 24.36 28.21 32.67 37.84 43.82 50.75 58.77 68.06 78.82 91.28 105.7 122.4 141.8 164.2 190.1 220.2 255.0 295.3 342.0 396.1 458.7 531.2 615.1 712.4 825.0 955.4 1106 1281 1484 1718 1990 2305 2669 3091 3580 4145 4801 5560 6439 7456 8635 1.000e4
8	Size	DOPC 15 10 24 31 EX 1mg/ml T25 5	15 October 2024 12:22:56	25.0	339.5	0.548	112.6	1572	0.000	71.4	28.6	0.0	27.45	315.4	0.000	0.0 0.0 0.0 0.0 0.0 0.0 0.0 0.0 0.0 0.0 0.0 0.0 0.0 0.0 0.0 0.0 0.0 0.0 0.0 0.0 0.0 0.0 0.0 0.0 0.0 0.0 0.0 0.0 0.0 0.0 0.0 0.0 0.0 0.0 0.3 3.1 8.0 12.8 15.5 14.7 10.6 5.2 1.1 0.0 0.0 0.0 0.0 0.0 0.0 0.0 0.0 0.0 0.0 0.3 2.7 5.8 7.5 6.8 4.2 1.4 0.0 0.0 0.0 0.0 0.0 0.0 0.0 0.0 0.0 0.0	0.4000 0.4632 0.5365 0.6213 0.7195 0.8332 0.9649 1.117 1.294 1.499 1.736 2.010 2.328 2.696 3.122 3.615 4.187 4.849 5.615 6.503 7.531 8.721 10.10 11.70 13.54 15.69 18.17 21.04 24.36 28.21 32.67 37.84 43.82 50.75 58.77 68.06 78.82 91.28 105.7 122.4 141.8 164.2 190.1 220.2 255.0 295.3 342.0 396.1 458.7 531.2 615.1 712.4 825.0 955.4 1106 1281 1484 1718 1990 2305 2669 3091 3580 4145 4801 5560 6439 7456 8635 1.000e4

Record	Type	Sample Name	Measurement Date and Time	T	Z-Ave	PdI	Pk 1 Mean Int	Pk 2 Mean Int	Pk 3 Mean Int	Pk 1 Area Int	Pk 2 Area Int	Pk 3 Area Int	Size Peak	Size Peak	Size Peak	Intensities	Sizes
 		 	 	Â°C	d.nm	 	d.nm	d.nm	d.nm	Percent	Percent	Percent	d.nm	d.nm	d.nm	Percent	d.nm
1	Size	DOPC 15 10 24 31 EX 1mg/ml 1	15 October 2024 11:22:09	10.0	310.6	1.000	2434	113.9	0.000	67.8	32.2	0.0	824.6	26.38	0.000	0.0 0.0 0.0 0.0 0.0 0.0 0.0 0.0 0.0 0.0 0.0 0.0 0.0 0.0 0.0 0.0 0.0 0.0 0.0 0.0 0.0 0.0 0.0 0.0 0.0 0.0 0.0 0.0 0.0 0.0 0.0 0.0 0.0 0.0 0.0 1.0 3.3 5.8 7.3 7.0 5.0 2.4 0.4 0.0 0.0 0.0 0.0 0.0 0.0 0.0 0.0 0.0 0.0 0.0 1.0 3.1 5.9 8.5 10.3 10.8 10.0 8.1 5.6 3.1 1.1 0.1 0.0 0.0 0.0 0.0	0.4000 0.4632 0.5365 0.6213 0.7195 0.8332 0.9649 1.117 1.294 1.499 1.736 2.010 2.328 2.696 3.122 3.615 4.187 4.849 5.615 6.503 7.531 8.721 10.10 11.70 13.54 15.69 18.17 21.04 24.36 28.21 32.67 37.84 43.82 50.75 58.77 68.06 78.82 91.28 105.7 122.4 141.8 164.2 190.1 220.2 255.0 295.3 342.0 396.1 458.7 531.2 615.1 712.4 825.0 955.4 1106 1281 1484 1718 1990 2305 2669 3091 3580 4145 4801 5560 6439 7456 8635 1.000e4
2	Size	DOPC 15 10 24 31 EX 1mg/ml 2	15 October 2024 11:24:32	10.0	322.4	1.000	2844	108.4	0.000	66.5	33.5	0.0	1172	23.30	0.000	0.0 0.0 0.0 0.0 0.0 0.0 0.0 0.0 0.0 0.0 0.0 0.0 0.0 0.0 0.0 0.0 0.0 0.0 0.0 0.0 0.0 0.0 0.0 0.0 0.0 0.0 0.0 0.0 0.0 0.0 0.0 0.0 0.0 0.0 0.0 1.2 4.2 7.1 8.3 7.1 4.2 1.4 0.0 0.0 0.0 0.0 0.0 0.0 0.0 0.0 0.0 0.0 0.0 0.3 1.3 2.8 4.5 6.1 7.3 8.0 8.1 7.7 6.8 5.7 4.5 3.3 0.0 0.0 0.0 0.0	0.4000 0.4632 0.5365 0.6213 0.7195 0.8332 0.9649 1.117 1.294 1.499 1.736 2.010 2.328 2.696 3.122 3.615 4.187 4.849 5.615 6.503 7.531 8.721 10.10 11.70 13.54 15.69 18.17 21.04 24.36 28.21 32.67 37.84 43.82 50.75 58.77 68.06 78.82 91.28 105.7 122.4 141.8 164.2 190.1 220.2 255.0 295.3 342.0 396.1 458.7 531.2 615.1 712.4 825.0 955.4 1106 1281 1484 1718 1990 2305 2669 3091 3580 4145 4801 5560 6439 7456 8635 1.000e4
3	Size	DOPC 15 10 24 31 EX 1mg/ml 3	15 October 2024 11:26:54	10.0	307.4	1.000	2930	115.3	0.000	64.0	36.0	0.0	966.1	35.60	0.000	0.0 0.0 0.0 0.0 0.0 0.0 0.0 0.0 0.0 0.0 0.0 0.0 0.0 0.0 0.0 0.0 0.0 0.0 0.0 0.0 0.0 0.0 0.0 0.0 0.0 0.0 0.0 0.0 0.0 0.0 0.0 0.0 0.2 0.6 1.2 2.2 3.5 5.0 6.1 6.3 5.4 3.7 1.7 0.3 0.0 0.0 0.0 0.0 0.0 0.0 0.0 0.0 0.0 0.0 0.0 0.5 2.2 4.7 7.4 9.4 10.3 9.9 8.4 6.0 3.6 1.6 0.0 0.0 0.0 0.0	0.4000 0.4632 0.5365 0.6213 0.7195 0.8332 0.9649 1.117 1.294 1.499 1.736 2.010 2.328 2.696 3.122 3.615 4.187 4.849 5.615 6.503 7.531 8.721 10.10 11.70 13.54 15.69 18.17 21.04 24.36 28.21 32.67 37.84 43.82 50.75 58.77 68.06 78.82 91.28 105.7 122.4 141.8 164.2 190.1 220.2 255.0 295.3 342.0 396.1 458.7 531.2 615.1 712.4 825.0 955.4 1106 1281 1484 1718 1990 2305 2669 3091 3580 4145 4801 5560 6439 7456 8635 1.000e4
4	Size	DOPC 15 10 24 31 EX 1mg/ml 4	15 October 2024 11:29:17	10.0	263.4	1.000	2787	108.8	0.000	61.3	38.7	0.0	1077	28.43	0.000	0.0 0.0 0.0 0.0 0.0 0.0 0.0 0.0 0.0 0.0 0.0 0.0 0.0 0.0 0.0 0.0 0.0 0.0 0.0 0.0 0.0 0.0 0.0 0.0 0.0 0.0 0.0 0.0 0.0 0.0 0.0 0.0 0.0 0.0 0.2 2.5 5.6 7.7 8.1 6.8 4.6 2.4 0.8 0.0 0.0 0.0 0.0 0.0 0.0 0.0 0.0 0.0 0.0 0.2 1.0 2.2 3.9 5.6 7.0 8.0 8.3 7.8 6.7 5.2 3.5 1.9 0.0 0.0 0.0 0.0	0.4000 0.4632 0.5365 0.6213 0.7195 0.8332 0.9649 1.117 1.294 1.499 1.736 2.010 2.328 2.696 3.122 3.615 4.187 4.849 5.615 6.503 7.531 8.721 10.10 11.70 13.54 15.69 18.17 21.04 24.36 28.21 32.67 37.84 43.82 50.75 58.77 68.06 78.82 91.28 105.7 122.4 141.8 164.2 190.1 220.2 255.0 295.3 342.0 396.1 458.7 531.2 615.1 712.4 825.0 955.4 1106 1281 1484 1718 1990 2305 2669 3091 3580 4145 4801 5560 6439 7456 8635 1.000e4
5	Size	DOPC 15 10 24 31 EX 1mg/ml 5	15 October 2024 11:31:40	10.0	335.6	1.000	2500	110.8	5184	57.9	34.9	7.2	998.4	23.14	379.4	0.0 0.0 0.0 0.0 0.0 0.0 0.0 0.0 0.0 0.0 0.0 0.0 0.0 0.0 0.0 0.0 0.0 0.0 0.0 0.0 0.0 0.0 0.0 0.0 0.0 0.0 0.0 0.0 0.0 0.0 0.0 0.0 0.0 0.0 0.0 0.8 3.8 7.3 9.2 8.2 5.1 1.7 0.0 0.0 0.0 0.0 0.0 0.0 0.0 0.0 0.0 0.0 0.0 0.2 1.5 3.7 5.9 7.6 8.2 8.0 7.0 5.7 4.6 3.9 3.7 3.8 0.0 0.0 0.0 0.0	0.4000 0.4632 0.5365 0.6213 0.7195 0.8332 0.9649 1.117 1.294 1.499 1.736 2.010 2.328 2.696 3.122 3.615 4.187 4.849 5.615 6.503 7.531 8.721 10.10 11.70 13.54 15.69 18.17 21.04 24.36 28.21 32.67 37.84 43.82 50.75 58.77 68.06 78.82 91.28 105.7 122.4 141.8 164.2 190.1 220.2 255.0 295.3 342.0 396.1 458.7 531.2 615.1 712.4 825.0 955.4 1106 1281 1484 1718 1990 2305 2669 3091 3580 4145 4801 5560 6439 7456 8635 1.000e4
6	Size	DOPC 15 10 24 31 EX 1mg/ml T30 1	15 October 2024 11:48:07	30.0	943.1	0.698	120.6	42.32	0.000	91.8	8.2	0.0	20.32	4.971	0.000	0.0 0.0 0.0 0.0 0.0 0.0 0.0 0.0 0.0 0.0 0.0 0.0 0.0 0.0 0.0 0.0 0.0 0.0 0.0 0.0 0.0 0.0 0.0 0.0 0.0 0.0 0.0 0.0 0.0 0.0 0.4 3.0 3.5 1.4 0.0 0.0 1.5 11.1 23.8 28.9 20.7 5.9 0.0 0.0 0.0 0.0 0.0 0.0 0.0 0.0 0.0 0.0 0.0 0.0 0.0 0.0 0.0 0.0 0.0 0.0 0.0 0.0 0.0 0.0 0.0 0.0 0.0 0.0 0.0 0.0	0.4000 0.4632 0.5365 0.6213 0.7195 0.8332 0.9649 1.117 1.294 1.499 1.736 2.010 2.328 2.696 3.122 3.615 4.187 4.849 5.615 6.503 7.531 8.721 10.10 11.70 13.54 15.69 18.17 21.04 24.36 28.21 32.67 37.84 43.82 50.75 58.77 68.06 78.82 91.28 105.7 122.4 141.8 164.2 190.1 220.2 255.0 295.3 342.0 396.1 458.7 531.2 615.1 712.4 825.0 955.4 1106 1281 1484 1718 1990 2305 2669 3091 3580 4145 4801 5560 6439 7456 8635 1.000e4
7	Size	DOPC 15 10 24 31 EX 1mg/ml T30 2	15 October 2024 11:50:19	30.0	714.3	0.546	149.1	57.15	0.000	79.9	20.1	0.0	32.03	9.903	0.000	0.0 0.0 0.0 0.0 0.0 0.0 0.0 0.0 0.0 0.0 0.0 0.0 0.0 0.0 0.0 0.0 0.0 0.0 0.0 0.0 0.0 0.0 0.0 0.0 0.0 0.0 0.0 0.0 0.0 0.0 0.0 0.1 3.1 5.9 6.0 3.7 1.5 2.2 7.1 14.4 20.0 19.7 12.7 3.6 0.0 0.0 0.0 0.0 0.0 0.0 0.0 0.0 0.0 0.0 0.0 0.0 0.0 0.0 0.0 0.0 0.0 0.0 0.0 0.0 0.0 0.0 0.0 0.0 0.0 0.0	0.4000 0.4632 0.5365 0.6213 0.7195 0.8332 0.9649 1.117 1.294 1.499 1.736 2.010 2.328 2.696 3.122 3.615 4.187 4.849 5.615 6.503 7.531 8.721 10.10 11.70 13.54 15.69 18.17 21.04 24.36 28.21 32.67 37.84 43.82 50.75 58.77 68.06 78.82 91.28 105.7 122.4 141.8 164.2 190.1 220.2 255.0 295.3 342.0 396.1 458.7 531.2 615.1 712.4 825.0 955.4 1106 1281 1484 1718 1990 2305 2669 3091 3580 4145 4801 5560 6439 7456 8635 1.000e4
8	Size	DOPC 15 10 24 31 EX 1mg/ml T30 3	15 October 2024 11:52:32	30.0	754.1	0.570	95.66	373.0	0.000	71.7	28.3	0.0	18.78	51.47	0.000	0.0 0.0 0.0 0.0 0.0 0.0 0.0 0.0 0.0 0.0 0.0 0.0 0.0 0.0 0.0 0.0 0.0 0.0 0.0 0.0 0.0 0.0 0.0 0.0 0.0 0.0 0.0 0.0 0.0 0.0 0.0 0.0 0.0 0.0 0.6 7.0 15.1 19.4 17.0 9.8 2.7 0.0 0.0 0.0 0.0 4.3 9.4 9.8 4.7 0.0 0.0 0.0 0.0 0.0 0.0 0.0 0.0 0.0 0.0 0.0 0.0 0.0 0.0 0.0 0.0 0.0 0.0 0.0 0.0 0.0	0.4000 0.4632 0.5365 0.6213 0.7195 0.8332 0.9649 1.117 1.294 1.499 1.736 2.010 2.328 2.696 3.122 3.615 4.187 4.849 5.615 6.503 7.531 8.721 10.10 11.70 13.54 15.69 18.17 21.04 24.36 28.21 32.67 37.84 43.82 50.75 58.77 68.06 78.82 91.28 105.7 122.4 141.8 164.2 190.1 220.2 255.0 295.3 342.0 396.1 458.7 531.2 615.1 712.4 825.0 955.4 1106 1281 1484 1718 1990 2305 2669 3091 3580 4145 4801 5560 6439 7456 8635 1.000e4
9	Size	DOPC 15 10 24 31 EX 1mg/ml T30 4	15 October 2024 11:54:44	30.0	574.2	0.652	107.6	886.0	0.000	69.7	30.3	0.0	23.18	131.0	0.000	0.0 0.0 0.0 0.0 0.0 0.0 0.0 0.0 0.0 0.0 0.0 0.0 0.0 0.0 0.0 0.0 0.0 0.0 0.0 0.0 0.0 0.0 0.0 0.0 0.0 0.0 0.0 0.0 0.0 0.0 0.0 0.0 0.0 0.0 0.0 3.1 8.9 14.7 17.2 14.7 8.6 2.5 0.0 0.0 0.0 0.0 0.0 0.0 0.0 0.0 0.6 5.4 9.9 9.7 4.7 0.0 0.0 0.0 0.0 0.0 0.0 0.0 0.0 0.0 0.0 0.0 0.0 0.0 0.0 0.0	0.4000 0.4632 0.5365 0.6213 0.7195 0.8332 0.9649 1.117 1.294 1.499 1.736 2.010 2.328 2.696 3.122 3.615 4.187 4.849 5.615 6.503 7.531 8.721 10.10 11.70 13.54 15.69 18.17 21.04 24.36 28.21 32.67 37.84 43.82 50.75 58.77 68.06 78.82 91.28 105.7 122.4 141.8 164.2 190.1 220.2 255.0 295.3 342.0 396.1 458.7 531.2 615.1 712.4 825.0 955.4 1106 1281 1484 1718 1990 2305 2669 3091 3580 4145 4801 5560 6439 7456 8635 1.000e4
10	Size	DOPC 15 10 24 31 EX 1mg/ml T30 5	15 October 2024 11:56:57	30.0	270.1	0.666	106.9	1017	0.000	73.9	26.1	0.0	22.74	188.8	0.000	0.0 0.0 0.0 0.0 0.0 0.0 0.0 0.0 0.0 0.0 0.0 0.0 0.0 0.0 0.0 0.0 0.0 0.0 0.0 0.0 0.0 0.0 0.0 0.0 0.0 0.0 0.0 0.0 0.0 0.0 0.0 0.0 0.0 0.0 0.0 3.1 9.8 16.3 18.5 15.3 8.5 2.4 0.0 0.0 0.0 0.0 0.0 0.0 0.0 0.0 0.0 2.0 5.2 7.4 6.7 3.9 0.9 0.0 0.0 0.0 0.0 0.0 0.0 0.0 0.0 0.0 0.0 0.0 0.0 0.0	0.4000 0.4632 0.5365 0.6213 0.7195 0.8332 0.9649 1.117 1.294 1.499 1.736 2.010 2.328 2.696 3.122 3.615 4.187 4.849 5.615 6.503 7.531 8.721 10.10 11.70 13.54 15.69 18.17 21.04 24.36 28.21 32.67 37.84 43.82 50.75 58.77 68.06 78.82 91.28 105.7 122.4 141.8 164.2 190.1 220.2 255.0 295.3 342.0 396.1 458.7 531.2 615.1 712.4 825.0 955.4 1106 1281 1484 1718 1990 2305 2669 3091 3580 4145 4801 5560 6439 7456 8635 1.000e4
11	Size	DOPC 15 10 24 31 EX 1mg/ml T38 1	15 October 2024 12:37:56	38.0	3279	1.000	37.84	0.000	0.000	100.0	0.0	0.0	0.000	0.000	0.000	0.0 0.0 0.0 0.0 0.0 0.0 0.0 0.0 0.0 0.0 0.0 0.0 0.0 0.0 0.0 0.0 0.0 0.0 0.0 0.0 0.0 0.0 0.0 0.0 0.0 0.0 0.0 0.0 0.0 0.0 0.0 100.0 0.0 0.0 0.0 0.0 0.0 0.0 0.0 0.0 0.0 0.0 0.0 0.0 0.0 0.0 0.0 0.0 0.0 0.0 0.0 0.0 0.0 0.0 0.0 0.0 0.0 0.0 0.0 0.0 0.0 0.0 0.0 0.0 0.0 0.0 0.0 0.0 0.0 0.0	0.4000 0.4632 0.5365 0.6213 0.7195 0.8332 0.9649 1.117 1.294 1.499 1.736 2.010 2.328 2.696 3.122 3.615 4.187 4.849 5.615 6.503 7.531 8.721 10.10 11.70 13.54 15.69 18.17 21.04 24.36 28.21 32.67 37.84 43.82 50.75 58.77 68.06 78.82 91.28 105.7 122.4 141.8 164.2 190.1 220.2 255.0 295.3 342.0 396.1 458.7 531.2 615.1 712.4 825.0 955.4 1106 1281 1484 1718 1990 2305 2669 3091 3580 4145 4801 5560 6439 7456 8635 1.000e4
12	Size	DOPC 15 10 24 31 EX 1mg/ml T38 2	15 October 2024 12:40:18	38.0	2669	1.000	45.50	0.000	0.000	100.0	0.0	0.0	2.971	0.000	0.000	0.0 0.0 0.0 0.0 0.0 0.0 0.0 0.0 0.0 0.0 0.0 0.0 0.0 0.0 0.0 0.0 0.0 0.0 0.0 0.0 0.0 0.0 0.0 0.0 0.0 0.0 0.0 0.0 0.0 0.0 0.0 0.0 75.7 24.3 0.0 0.0 0.0 0.0 0.0 0.0 0.0 0.0 0.0 0.0 0.0 0.0 0.0 0.0 0.0 0.0 0.0 0.0 0.0 0.0 0.0 0.0 0.0 0.0 0.0 0.0 0.0 0.0 0.0 0.0 0.0 0.0 0.0 0.0 0.0 0.0	0.4000 0.4632 0.5365 0.6213 0.7195 0.8332 0.9649 1.117 1.294 1.499 1.736 2.010 2.328 2.696 3.122 3.615 4.187 4.849 5.615 6.503 7.531 8.721 10.10 11.70 13.54 15.69 18.17 21.04 24.36 28.21 32.67 37.84 43.82 50.75 58.77 68.06 78.82 91.28 105.7 122.4 141.8 164.2 190.1 220.2 255.0 295.3 342.0 396.1 458.7 531.2 615.1 712.4 825.0 955.4 1106 1281 1484 1718 1990 2305 2669 3091 3580 4145 4801 5560 6439 7456 8635 1.000e4
13	Size	DOPC 15 10 24 31 EX 1mg/ml T38 3	15 October 2024 12:42:41	38.0	1913	1.000	68.06	0.000	0.000	100.0	0.0	0.0	0.000	0.000	0.000	0.0 0.0 0.0 0.0 0.0 0.0 0.0 0.0 0.0 0.0 0.0 0.0 0.0 0.0 0.0 0.0 0.0 0.0 0.0 0.0 0.0 0.0 0.0 0.0 0.0 0.0 0.0 0.0 0.0 0.0 0.0 0.0 0.0 0.0 0.0 100.0 0.0 0.0 0.0 0.0 0.0 0.0 0.0 0.0 0.0 0.0 0.0 0.0 0.0 0.0 0.0 0.0 0.0 0.0 0.0 0.0 0.0 0.0 0.0 0.0 0.0 0.0 0.0 0.0 0.0 0.0 0.0 0.0 0.0 0.0	0.4000 0.4632 0.5365 0.6213 0.7195 0.8332 0.9649 1.117 1.294 1.499 1.736 2.010 2.328 2.696 3.122 3.615 4.187 4.849 5.615 6.503 7.531 8.721 10.10 11.70 13.54 15.69 18.17 21.04 24.36 28.21 32.67 37.84 43.82 50.75 58.77 68.06 78.82 91.28 105.7 122.4 141.8 164.2 190.1 220.2 255.0 295.3 342.0 396.1 458.7 531.2 615.1 712.4 825.0 955.4 1106 1281 1484 1718 1990 2305 2669 3091 3580 4145 4801 5560 6439 7456 8635 1.000e4
14	Size	DOPC 15 10 24 31 EX 1mg/ml T38 4	15 October 2024 12:45:03	38.0	2387	1.000	63.04	0.000	0.000	100.0	0.0	0.0	4.630	0.000	0.000	0.0 0.0 0.0 0.0 0.0 0.0 0.0 0.0 0.0 0.0 0.0 0.0 0.0 0.0 0.0 0.0 0.0 0.0 0.0 0.0 0.0 0.0 0.0 0.0 0.0 0.0 0.0 0.0 0.0 0.0 0.0 0.0 0.0 0.0 54.0 46.0 0.0 0.0 0.0 0.0 0.0 0.0 0.0 0.0 0.0 0.0 0.0 0.0 0.0 0.0 0.0 0.0 0.0 0.0 0.0 0.0 0.0 0.0 0.0 0.0 0.0 0.0 0.0 0.0 0.0 0.0 0.0 0.0 0.0 0.0	0.4000 0.4632 0.5365 0.6213 0.7195 0.8332 0.9649 1.117 1.294 1.499 1.736 2.010 2.328 2.696 3.122 3.615 4.187 4.849 5.615 6.503 7.531 8.721 10.10 11.70 13.54 15.69 18.17 21.04 24.36 28.21 32.67 37.84 43.82 50.75 58.77 68.06 78.82 91.28 105.7 122.4 141.8 164.2 190.1 220.2 255.0 295.3 342.0 396.1 458.7 531.2 615.1 712.4 825.0 955.4 1106 1281 1484 1718 1990 2305 2669 3091 3580 4145 4801 5560 6439 7456 8635 1.000e4
15	Size	DOPC 15 10 24 31 EX 1mg/ml T38 5	15 October 2024 12:47:26	38.0	2737	1.000	46.09	0.000	0.000	100.0	0.0	0.0	3.249	0.000	0.000	0.0 0.0 0.0 0.0 0.0 0.0 0.0 0.0 0.0 0.0 0.0 0.0 0.0 0.0 0.0 0.0 0.0 0.0 0.0 0.0 0.0 0.0 0.0 0.0 0.0 0.0 0.0 0.0 0.0 0.0 0.0 0.0 67.3 32.7 0.0 0.0 0.0 0.0 0.0 0.0 0.0 0.0 0.0 0.0 0.0 0.0 0.0 0.0 0.0 0.0 0.0 0.0 0.0 0.0 0.0 0.0 0.0 0.0 0.0 0.0 0.0 0.0 0.0 0.0 0.0 0.0 0.0 0.0 0.0 0.0	0.4000 0.4632 0.5365 0.6213 0.7195 0.8332 0.9649 1.117 1.294 1.499 1.736 2.010 2.328 2.696 3.122 3.615 4.187 4.849 5.615 6.503 7.531 8.721 10.10 11.70 13.54 15.69 18.17 21.04 24.36 28.21 32.67 37.84 43.82 50.75 58.77 68.06 78.82 91.28 105.7 122.4 141.8 164.2 190.1 220.2 255.0 295.3 342.0 396.1 458.7 531.2 615.1 712.4 825.0 955.4 1106 1281 1484 1718 1990 2305 2669 3091 3580 4145 4801 5560 6439 7456 8635 1.000e4
16	Size	DOPC 15 10 24 31 EX 1mg/ml T25 1	15 October 2024 12:12:03	25.0	264.4	0.707	121.0	1571	5287	72.0	17.1	11.0	46.27	382.3	417.5	0.0 0.0 0.0 0.0 0.0 0.0 0.0 0.0 0.0 0.0 0.0 0.0 0.0 0.0 0.0 0.0 0.0 0.0 0.0 0.0 0.0 0.0 0.0 0.0 0.0 0.0 0.0 0.0 0.0 0.0 0.0 0.0 0.0 0.2 2.4 5.7 8.7 10.4 10.7 9.9 8.3 6.5 4.6 2.8 1.3 0.4 0.0 0.0 0.0 0.0 0.0 0.0 0.1 0.8 2.0 3.2 3.7 3.5 2.4 1.2 0.3 0.0 0.0 0.5 3.0 7.5 0.0 0.0 0.0 0.0	0.4000 0.4632 0.5365 0.6213 0.7195 0.8332 0.9649 1.117 1.294 1.499 1.736 2.010 2.328 2.696 3.122 3.615 4.187 4.849 5.615 6.503 7.531 8.721 10.10 11.70 13.54 15.69 18.17 21.04 24.36 28.21 32.67 37.84 43.82 50.75 58.77 68.06 78.82 91.28 105.7 122.4 141.8 164.2 190.1 220.2 255.0 295.3 342.0 396.1 458.7 531.2 615.1 712.4 825.0 955.4 1106 1281 1484 1718 1990 2305 2669 3091 3580 4145 4801 5560 6439 7456 8635 1.000e4
17	Size	DOPC 15 10 24 31 EX 1mg/ml T25 2	15 October 2024 12:14:47	25.0	172.4	0.577	128.7	4212	0.000	72.3	27.7	0.0	48.58	965.6	0.000	0.0 0.0 0.0 0.0 0.0 0.0 0.0 0.0 0.0 0.0 0.0 0.0 0.0 0.0 0.0 0.0 0.0 0.0 0.0 0.0 0.0 0.0 0.0 0.0 0.0 0.0 0.0 0.0 0.0 0.0 0.0 0.2 0.6 1.3 2.3 3.8 5.7 7.7 9.4 10.3 10.1 8.7 6.4 3.8 1.5 0.2 0.0 0.0 0.0 0.0 0.0 0.0 0.0 0.0 0.0 0.0 0.0 0.0 0.1 0.7 1.8 3.2 4.6 5.6 6.0 5.7 0.0 0.0 0.0 0.0	0.4000 0.4632 0.5365 0.6213 0.7195 0.8332 0.9649 1.117 1.294 1.499 1.736 2.010 2.328 2.696 3.122 3.615 4.187 4.849 5.615 6.503 7.531 8.721 10.10 11.70 13.54 15.69 18.17 21.04 24.36 28.21 32.67 37.84 43.82 50.75 58.77 68.06 78.82 91.28 105.7 122.4 141.8 164.2 190.1 220.2 255.0 295.3 342.0 396.1 458.7 531.2 615.1 712.4 825.0 955.4 1106 1281 1484 1718 1990 2305 2669 3091 3580 4145 4801 5560 6439 7456 8635 1.000e4
18	Size	DOPC 15 10 24 31 EX 1mg/ml T25 3	15 October 2024 12:17:30	25.0	181.9	0.694	106.4	3559	0.000	56.7	43.3	0.0	23.18	993.1	0.000	0.0 0.0 0.0 0.0 0.0 0.0 0.0 0.0 0.0 0.0 0.0 0.0 0.0 0.0 0.0 0.0 0.0 0.0 0.0 0.0 0.0 0.0 0.0 0.0 0.0 0.0 0.0 0.0 0.0 0.0 0.0 0.0 0.0 0.0 0.0 2.7 8.0 12.5 13.8 11.3 6.4 2.0 0.0 0.0 0.0 0.0 0.0 0.0 0.0 0.0 0.0 0.0 0.0 0.0 0.0 0.0 0.0 0.4 1.9 4.0 6.0 7.5 7.8 7.0 5.4 3.3 0.0 0.0 0.0 0.0	0.4000 0.4632 0.5365 0.6213 0.7195 0.8332 0.9649 1.117 1.294 1.499 1.736 2.010 2.328 2.696 3.122 3.615 4.187 4.849 5.615 6.503 7.531 8.721 10.10 11.70 13.54 15.69 18.17 21.04 24.36 28.21 32.67 37.84 43.82 50.75 58.77 68.06 78.82 91.28 105.7 122.4 141.8 164.2 190.1 220.2 255.0 295.3 342.0 396.1 458.7 531.2 615.1 712.4 825.0 955.4 1106 1281 1484 1718 1990 2305 2669 3091 3580 4145 4801 5560 6439 7456 8635 1.000e4
19	Size	DOPC 15 10 24 31 EX 1mg/ml T25 4	15 October 2024 12:20:13	25.0	256.1	0.681	114.3	3359	0.000	53.6	46.4	0.0	26.56	1096	0.000	0.0 0.0 0.0 0.0 0.0 0.0 0.0 0.0 0.0 0.0 0.0 0.0 0.0 0.0 0.0 0.0 0.0 0.0 0.0 0.0 0.0 0.0 0.0 0.0 0.0 0.0 0.0 0.0 0.0 0.0 0.0 0.0 0.0 0.0 0.0 1.7 5.3 9.4 12.0 11.7 8.6 4.1 0.7 0.0 0.0 0.0 0.0 0.0 0.0 0.0 0.0 0.0 0.0 0.0 0.0 0.0 0.1 1.6 3.8 5.9 7.2 7.2 6.4 5.3 4.5 4.2 0.0 0.0 0.0 0.0	0.4000 0.4632 0.5365 0.6213 0.7195 0.8332 0.9649 1.117 1.294 1.499 1.736 2.010 2.328 2.696 3.122 3.615 4.187 4.849 5.615 6.503 7.531 8.721 10.10 11.70 13.54 15.69 18.17 21.04 24.36 28.21 32.67 37.84 43.82 50.75 58.77 68.06 78.82 91.28 105.7 122.4 141.8 164.2 190.1 220.2 255.0 295.3 342.0 396.1 458.7 531.2 615.1 712.4 825.0 955.4 1106 1281 1484 1718 1990 2305 2669 3091 3580 4145 4801 5560 6439 7456 8635 1.000e4
20	Size	DOPC 15 10 24 31 EX 1mg/ml T25 5	15 October 2024 12:22:56	25.0	339.5	0.548	112.6	1572	0.000	71.4	28.6	0.0	27.45	315.4	0.000	0.0 0.0 0.0 0.0 0.0 0.0 0.0 0.0 0.0 0.0 0.0 0.0 0.0 0.0 0.0 0.0 0.0 0.0 0.0 0.0 0.0 0.0 0.0 0.0 0.0 0.0 0.0 0.0 0.0 0.0 0.0 0.0 0.0 0.0 0.3 3.1 8.0 12.8 15.5 14.7 10.6 5.2 1.1 0.0 0.0 0.0 0.0 0.0 0.0 0.0 0.0 0.0 0.0 0.3 2.7 5.8 7.5 6.8 4.2 1.4 0.0 0.0 0.0 0.0 0.0 0.0 0.0 0.0 0.0 0.0	0.4000 0.4632 0.5365 0.6213 0.7195 0.8332 0.9649 1.117 1.294 1.499 1.736 2.010 2.328 2.696 3.122 3.615 4.187 4.849 5.615 6.503 7.531 8.721 10.10 11.70 13.54 15.69 18.17 21.04 24.36 28.21 32.67 37.84 43.82 50.75 58.77 68.06 78.82 91.28 105.7 122.4 141.8 164.2 190.1 220.2 255.0 295.3 342.0 396.1 458.7 531.2 615.1 712.4 825.0 955.4 1106 1281 1484 1718 1990 2305 2669 3091 3580 4145 4801 5560 6439 7456 8635 1.000e4
21	Size	DOPC 15 10 24 31 EX 1mg/ml T45 1	15 October 2024 13:02:13	45.0	1955	1.000	62.40	0.000	0.000	100.0	0.0	0.0	4.532	0.000	0.000	0.0 0.0 0.0 0.0 0.0 0.0 0.0 0.0 0.0 0.0 0.0 0.0 0.0 0.0 0.0 0.0 0.0 0.0 0.0 0.0 0.0 0.0 0.0 0.0 0.0 0.0 0.0 0.0 0.0 0.0 0.0 0.0 0.0 0.0 61.0 39.0 0.0 0.0 0.0 0.0 0.0 0.0 0.0 0.0 0.0 0.0 0.0 0.0 0.0 0.0 0.0 0.0 0.0 0.0 0.0 0.0 0.0 0.0 0.0 0.0 0.0 0.0 0.0 0.0 0.0 0.0 0.0 0.0 0.0 0.0	0.4000 0.4632 0.5365 0.6213 0.7195 0.8332 0.9649 1.117 1.294 1.499 1.736 2.010 2.328 2.696 3.122 3.615 4.187 4.849 5.615 6.503 7.531 8.721 10.10 11.70 13.54 15.69 18.17 21.04 24.36 28.21 32.67 37.84 43.82 50.75 58.77 68.06 78.82 91.28 105.7 122.4 141.8 164.2 190.1 220.2 255.0 295.3 342.0 396.1 458.7 531.2 615.1 712.4 825.0 955.4 1106 1281 1484 1718 1990 2305 2669 3091 3580 4145 4801 5560 6439 7456 8635 1.000e4
22	Size	DOPC 15 10 24 31 EX 1mg/ml T45 2	15 October 2024 13:04:25	45.0	1336	0.719	92.21	0.000	0.000	100.0	0.0	0.0	9.166	0.000	0.000	0.0 0.0 0.0 0.0 0.0 0.0 0.0 0.0 0.0 0.0 0.0 0.0 0.0 0.0 0.0 0.0 0.0 0.0 0.0 0.0 0.0 0.0 0.0 0.0 0.0 0.0 0.0 0.0 0.0 0.0 0.0 0.0 0.0 0.0 0.0 0.0 21.3 53.8 24.9 0.0 0.0 0.0 0.0 0.0 0.0 0.0 0.0 0.0 0.0 0.0 0.0 0.0 0.0 0.0 0.0 0.0 0.0 0.0 0.0 0.0 0.0 0.0 0.0 0.0 0.0 0.0 0.0 0.0 0.0 0.0	0.4000 0.4632 0.5365 0.6213 0.7195 0.8332 0.9649 1.117 1.294 1.499 1.736 2.010 2.328 2.696 3.122 3.615 4.187 4.849 5.615 6.503 7.531 8.721 10.10 11.70 13.54 15.69 18.17 21.04 24.36 28.21 32.67 37.84 43.82 50.75 58.77 68.06 78.82 91.28 105.7 122.4 141.8 164.2 190.1 220.2 255.0 295.3 342.0 396.1 458.7 531.2 615.1 712.4 825.0 955.4 1106 1281 1484 1718 1990 2305 2669 3091 3580 4145 4801 5560 6439 7456 8635 1.000e4
23	Size	DOPC 15 10 24 31 EX 1mg/ml T45 3	15 October 2024 13:06:38	45.0	1073	0.589	102.3	0.000	0.000	100.0	0.0	0.0	11.43	0.000	0.000	0.0 0.0 0.0 0.0 0.0 0.0 0.0 0.0 0.0 0.0 0.0 0.0 0.0 0.0 0.0 0.0 0.0 0.0 0.0 0.0 0.0 0.0 0.0 0.0 0.0 0.0 0.0 0.0 0.0 0.0 0.0 0.0 0.0 0.0 0.0 0.0 3.1 36.2 44.8 15.9 0.0 0.0 0.0 0.0 0.0 0.0 0.0 0.0 0.0 0.0 0.0 0.0 0.0 0.0 0.0 0.0 0.0 0.0 0.0 0.0 0.0 0.0 0.0 0.0 0.0 0.0 0.0 0.0 0.0 0.0	0.4000 0.4632 0.5365 0.6213 0.7195 0.8332 0.9649 1.117 1.294 1.499 1.736 2.010 2.328 2.696 3.122 3.615 4.187 4.849 5.615 6.503 7.531 8.721 10.10 11.70 13.54 15.69 18.17 21.04 24.36 28.21 32.67 37.84 43.82 50.75 58.77 68.06 78.82 91.28 105.7 122.4 141.8 164.2 190.1 220.2 255.0 295.3 342.0 396.1 458.7 531.2 615.1 712.4 825.0 955.4 1106 1281 1484 1718 1990 2305 2669 3091 3580 4145 4801 5560 6439 7456 8635 1.000e4
24	Size	DOPC 15 10 24 31 EX 1mg/ml T45 4	15 October 2024 13:08:50	45.0	1185	0.641	96.54	0.000	0.000	100.0	0.0	0.0	8.617	0.000	0.000	0.0 0.0 0.0 0.0 0.0 0.0 0.0 0.0 0.0 0.0 0.0 0.0 0.0 0.0 0.0 0.0 0.0 0.0 0.0 0.0 0.0 0.0 0.0 0.0 0.0 0.0 0.0 0.0 0.0 0.0 0.0 0.0 0.0 0.0 0.0 0.0 7.8 49.1 43.2 0.0 0.0 0.0 0.0 0.0 0.0 0.0 0.0 0.0 0.0 0.0 0.0 0.0 0.0 0.0 0.0 0.0 0.0 0.0 0.0 0.0 0.0 0.0 0.0 0.0 0.0 0.0 0.0 0.0 0.0 0.0	0.4000 0.4632 0.5365 0.6213 0.7195 0.8332 0.9649 1.117 1.294 1.499 1.736 2.010 2.328 2.696 3.122 3.615 4.187 4.849 5.615 6.503 7.531 8.721 10.10 11.70 13.54 15.69 18.17 21.04 24.36 28.21 32.67 37.84 43.82 50.75 58.77 68.06 78.82 91.28 105.7 122.4 141.8 164.2 190.1 220.2 255.0 295.3 342.0 396.1 458.7 531.2 615.1 712.4 825.0 955.4 1106 1281 1484 1718 1990 2305 2669 3091 3580 4145 4801 5560 6439 7456 8635 1.000e4
25	Size	DOPC 15 10 24 31 EX 1mg/ml T45 5	15 October 2024 13:11:02	45.0	1422	0.747	96.13	0.000	0.000	100.0	0.0	0.0	8.685	0.000	0.000	0.0 0.0 0.0 0.0 0.0 0.0 0.0 0.0 0.0 0.0 0.0 0.0 0.0 0.0 0.0 0.0 0.0 0.0 0.0 0.0 0.0 0.0 0.0 0.0 0.0 0.0 0.0 0.0 0.0 0.0 0.0 0.0 0.0 0.0 0.0 0.0 8.6 50.3 41.1 0.0 0.0 0.0 0.0 0.0 0.0 0.0 0.0 0.0 0.0 0.0 0.0 0.0 0.0 0.0 0.0 0.0 0.0 0.0 0.0 0.0 0.0 0.0 0.0 0.0 0.0 0.0 0.0 0.0 0.0 0.0	0.4000 0.4632 0.5365 0.6213 0.7195 0.8332 0.9649 1.117 1.294 1.499 1.736 2.010 2.328 2.696 3.122 3.615 4.187 4.849 5.615 6.503 7.531 8.721 10.10 11.70 13.54 15.69 18.17 21.04 24.36 28.21 32.67 37.84 43.82 50.75 58.77 68.06 78.82 91.28 105.7 122.4 141.8 164.2 190.1 220.2 255.0 295.3 342.0 396.1 458.7 531.2 615.1 712.4 825.0 955.4 1106 1281 1484 1718 1990 2305 2669 3091 3580 4145 4801 5560 6439 7456 8635 1.000e4
26	Size	DOPC 15 10 24 31 EX 1mg/ml T60 1	15 October 2024 13:26:12	60.0	2784	1.000	37.84	0.000	0.000	100.0	0.0	0.0	0.000	0.000	0.000	0.0 0.0 0.0 0.0 0.0 0.0 0.0 0.0 0.0 0.0 0.0 0.0 0.0 0.0 0.0 0.0 0.0 0.0 0.0 0.0 0.0 0.0 0.0 0.0 0.0 0.0 0.0 0.0 0.0 0.0 0.0 100.0 0.0 0.0 0.0 0.0 0.0 0.0 0.0 0.0 0.0 0.0 0.0 0.0 0.0 0.0 0.0 0.0 0.0 0.0 0.0 0.0 0.0 0.0 0.0 0.0 0.0 0.0 0.0 0.0 0.0 0.0 0.0 0.0 0.0 0.0 0.0 0.0 0.0 0.0	0.4000 0.4632 0.5365 0.6213 0.7195 0.8332 0.9649 1.117 1.294 1.499 1.736 2.010 2.328 2.696 3.122 3.615 4.187 4.849 5.615 6.503 7.531 8.721 10.10 11.70 13.54 15.69 18.17 21.04 24.36 28.21 32.67 37.84 43.82 50.75 58.77 68.06 78.82 91.28 105.7 122.4 141.8 164.2 190.1 220.2 255.0 295.3 342.0 396.1 458.7 531.2 615.1 712.4 825.0 955.4 1106 1281 1484 1718 1990 2305 2669 3091 3580 4145 4801 5560 6439 7456 8635 1.000e4
27	Size	DOPC 15 10 24 31 EX 1mg/ml T60 2	15 October 2024 13:28:24	60.0	3758	1.000	33.88	0.000	0.000	100.0	0.0	0.0	2.185	0.000	0.000	0.0 0.0 0.0 0.0 0.0 0.0 0.0 0.0 0.0 0.0 0.0 0.0 0.0 0.0 0.0 0.0 0.0 0.0 0.0 0.0 0.0 0.0 0.0 0.0 0.0 0.0 0.0 0.0 0.0 0.0 76.7 23.3 0.0 0.0 0.0 0.0 0.0 0.0 0.0 0.0 0.0 0.0 0.0 0.0 0.0 0.0 0.0 0.0 0.0 0.0 0.0 0.0 0.0 0.0 0.0 0.0 0.0 0.0 0.0 0.0 0.0 0.0 0.0 0.0 0.0 0.0 0.0 0.0 0.0 0.0	0.4000 0.4632 0.5365 0.6213 0.7195 0.8332 0.9649 1.117 1.294 1.499 1.736 2.010 2.328 2.696 3.122 3.615 4.187 4.849 5.615 6.503 7.531 8.721 10.10 11.70 13.54 15.69 18.17 21.04 24.36 28.21 32.67 37.84 43.82 50.75 58.77 68.06 78.82 91.28 105.7 122.4 141.8 164.2 190.1 220.2 255.0 295.3 342.0 396.1 458.7 531.2 615.1 712.4 825.0 955.4 1106 1281 1484 1718 1990 2305 2669 3091 3580 4145 4801 5560 6439 7456 8635 1.000e4
28	Size	DOPC 15 10 24 31 EX 1mg/ml T60 3	15 October 2024 13:30:36	60.0	4317	1.000	33.88	0.000	0.000	100.0	0.0	0.0	2.185	0.000	0.000	0.0 0.0 0.0 0.0 0.0 0.0 0.0 0.0 0.0 0.0 0.0 0.0 0.0 0.0 0.0 0.0 0.0 0.0 0.0 0.0 0.0 0.0 0.0 0.0 0.0 0.0 0.0 0.0 0.0 0.0 76.7 23.3 0.0 0.0 0.0 0.0 0.0 0.0 0.0 0.0 0.0 0.0 0.0 0.0 0.0 0.0 0.0 0.0 0.0 0.0 0.0 0.0 0.0 0.0 0.0 0.0 0.0 0.0 0.0 0.0 0.0 0.0 0.0 0.0 0.0 0.0 0.0 0.0 0.0 0.0	0.4000 0.4632 0.5365 0.6213 0.7195 0.8332 0.9649 1.117 1.294 1.499 1.736 2.010 2.328 2.696 3.122 3.615 4.187 4.849 5.615 6.503 7.531 8.721 10.10 11.70 13.54 15.69 18.17 21.04 24.36 28.21 32.67 37.84 43.82 50.75 58.77 68.06 78.82 91.28 105.7 122.4 141.8 164.2 190.1 220.2 255.0 295.3 342.0 396.1 458.7 531.2 615.1 712.4 825.0 955.4 1106 1281 1484 1718 1990 2305 2669 3091 3580 4145 4801 5560 6439 7456 8635 1.000e4
29	Size	DOPC 15 10 24 31 EX 1mg/ml T60 4	15 October 2024 13:32:49	60.0	3417	1.000	37.84	0.000	0.000	100.0	0.0	0.0	0.000	0.000	0.000	0.0 0.0 0.0 0.0 0.0 0.0 0.0 0.0 0.0 0.0 0.0 0.0 0.0 0.0 0.0 0.0 0.0 0.0 0.0 0.0 0.0 0.0 0.0 0.0 0.0 0.0 0.0 0.0 0.0 0.0 0.0 100.0 0.0 0.0 0.0 0.0 0.0 0.0 0.0 0.0 0.0 0.0 0.0 0.0 0.0 0.0 0.0 0.0 0.0 0.0 0.0 0.0 0.0 0.0 0.0 0.0 0.0 0.0 0.0 0.0 0.0 0.0 0.0 0.0 0.0 0.0 0.0 0.0 0.0 0.0	0.4000 0.4632 0.5365 0.6213 0.7195 0.8332 0.9649 1.117 1.294 1.499 1.736 2.010 2.328 2.696 3.122 3.615 4.187 4.849 5.615 6.503 7.531 8.721 10.10 11.70 13.54 15.69 18.17 21.04 24.36 28.21 32.67 37.84 43.82 50.75 58.77 68.06 78.82 91.28 105.7 122.4 141.8 164.2 190.1 220.2 255.0 295.3 342.0 396.1 458.7 531.2 615.1 712.4 825.0 955.4 1106 1281 1484 1718 1990 2305 2669 3091 3580 4145 4801 5560 6439 7456 8635 1.000e4
30	Size	DOPC 15 10 24 31 EX 1mg/ml T60 5	15 October 2024 13:35:01	60.0	3196	1.000	43.17	0.000	0.000	100.0	0.0	0.0	1.860	0.000	0.000	0.0 0.0 0.0 0.0 0.0 0.0 0.0 0.0 0.0 0.0 0.0 0.0 0.0 0.0 0.0 0.0 0.0 0.0 0.0 0.0 0.0 0.0 0.0 0.0 0.0 0.0 0.0 0.0 0.0 0.0 0.0 10.8 89.2 0.0 0.0 0.0 0.0 0.0 0.0 0.0 0.0 0.0 0.0 0.0 0.0 0.0 0.0 0.0 0.0 0.0 0.0 0.0 0.0 0.0 0.0 0.0 0.0 0.0 0.0 0.0 0.0 0.0 0.0 0.0 0.0 0.0 0.0 0.0 0.0 0.0	0.4000 0.4632 0.5365 0.6213 0.7195 0.8332 0.9649 1.117 1.294 1.499 1.736 2.010 2.328 2.696 3.122 3.615 4.187 4.849 5.615 6.503 7.531 8.721 10.10 11.70 13.54 15.69 18.17 21.04 24.36 28.21 32.67 37.84 43.82 50.75 58.77 68.06 78.82 91.28 105.7 122.4 141.8 164.2 190.1 220.2 255.0 295.3 342.0 396.1 458.7 531.2 615.1 712.4 825.0 955.4 1106 1281 1484 1718 1990 2305 2669 3091 3580 4145 4801 5560 6439 7456 8635 1.000e4
31	Size	DOPC 15 10 24 31 EX 1mg/ml T25 1	15 October 2024 13:52:22	25.0	188.7	0.546	132.7	5267	0.000	89.9	10.1	0.0	54.78	431.0	0.000	0.0 0.0 0.0 0.0 0.0 0.0 0.0 0.0 0.0 0.0 0.0 0.0 0.0 0.0 0.0 0.0 0.0 0.0 0.0 0.0 0.0 0.0 0.0 0.0 0.0 0.0 0.0 0.0 0.0 0.0 0.0 0.0 0.0 1.4 3.8 6.2 8.2 9.5 10.3 10.8 10.8 10.0 8.4 6.0 3.4 1.1 0.0 0.0 0.0 0.0 0.0 0.0 0.0 0.0 0.0 0.0 0.0 0.0 0.0 0.0 0.0 0.0 0.0 0.5 2.9 6.7 0.0 0.0 0.0 0.0	0.4000 0.4632 0.5365 0.6213 0.7195 0.8332 0.9649 1.117 1.294 1.499 1.736 2.010 2.328 2.696 3.122 3.615 4.187 4.849 5.615 6.503 7.531 8.721 10.10 11.70 13.54 15.69 18.17 21.04 24.36 28.21 32.67 37.84 43.82 50.75 58.77 68.06 78.82 91.28 105.7 122.4 141.8 164.2 190.1 220.2 255.0 295.3 342.0 396.1 458.7 531.2 615.1 712.4 825.0 955.4 1106 1281 1484 1718 1990 2305 2669 3091 3580 4145 4801 5560 6439 7456 8635 1.000e4
32	Size	DOPC 15 10 24 31 EX 1mg/ml T25 2	15 October 2024 13:54:45	25.0	143.0	0.319	133.6	4653	0.000	89.8	10.2	0.0	49.55	801.3	0.000	0.0 0.0 0.0 0.0 0.0 0.0 0.0 0.0 0.0 0.0 0.0 0.0 0.0 0.0 0.0 0.0 0.0 0.0 0.0 0.0 0.0 0.0 0.0 0.0 0.0 0.0 0.0 0.0 0.0 0.0 0.0 0.1 0.3 0.9 2.2 4.2 6.8 9.5 11.8 13.0 12.8 11.2 8.5 5.3 2.5 0.7 0.0 0.0 0.0 0.0 0.0 0.0 0.0 0.0 0.0 0.0 0.0 0.0 0.0 0.0 0.1 0.5 1.2 2.1 2.9 3.4 0.0 0.0 0.0 0.0	0.4000 0.4632 0.5365 0.6213 0.7195 0.8332 0.9649 1.117 1.294 1.499 1.736 2.010 2.328 2.696 3.122 3.615 4.187 4.849 5.615 6.503 7.531 8.721 10.10 11.70 13.54 15.69 18.17 21.04 24.36 28.21 32.67 37.84 43.82 50.75 58.77 68.06 78.82 91.28 105.7 122.4 141.8 164.2 190.1 220.2 255.0 295.3 342.0 396.1 458.7 531.2 615.1 712.4 825.0 955.4 1106 1281 1484 1718 1990 2305 2669 3091 3580 4145 4801 5560 6439 7456 8635 1.000e4
33	Size	DOPC 15 10 24 31 EX 1mg/ml T25 3	15 October 2024 13:57:07	25.0	143.7	0.386	141.0	4703	0.000	90.1	9.9	0.0	59.22	779.1	0.000	0.0 0.0 0.0 0.0 0.0 0.0 0.0 0.0 0.0 0.0 0.0 0.0 0.0 0.0 0.0 0.0 0.0 0.0 0.0 0.0 0.0 0.0 0.0 0.0 0.0 0.0 0.0 0.0 0.0 0.0 0.0 0.1 0.6 1.5 2.8 4.4 6.4 8.4 10.2 11.3 11.5 10.7 9.0 6.6 4.1 2.0 0.6 0.0 0.0 0.0 0.0 0.0 0.0 0.0 0.0 0.0 0.0 0.0 0.0 0.0 0.1 0.4 1.1 2.0 2.9 3.4 0.0 0.0 0.0 0.0	0.4000 0.4632 0.5365 0.6213 0.7195 0.8332 0.9649 1.117 1.294 1.499 1.736 2.010 2.328 2.696 3.122 3.615 4.187 4.849 5.615 6.503 7.531 8.721 10.10 11.70 13.54 15.69 18.17 21.04 24.36 28.21 32.67 37.84 43.82 50.75 58.77 68.06 78.82 91.28 105.7 122.4 141.8 164.2 190.1 220.2 255.0 295.3 342.0 396.1 458.7 531.2 615.1 712.4 825.0 955.4 1106 1281 1484 1718 1990 2305 2669 3091 3580 4145 4801 5560 6439 7456 8635 1.000e4
34	Size	DOPC 15 10 24 31 EX 1mg/ml T25 4	15 October 2024 13:59:30	25.0	140.1	0.374	138.9	5163	0.000	94.5	5.5	0.0	58.26	493.7	0.000	0.0 0.0 0.0 0.0 0.0 0.0 0.0 0.0 0.0 0.0 0.0 0.0 0.0 0.0 0.0 0.0 0.0 0.0 0.0 0.0 0.0 0.0 0.0 0.0 0.0 0.0 0.0 0.0 0.0 0.0 0.0 0.0 0.6 1.7 3.3 5.1 7.0 8.9 10.6 11.7 11.9 11.2 9.4 6.9 4.2 1.8 0.4 0.0 0.0 0.0 0.0 0.0 0.0 0.0 0.0 0.0 0.0 0.0 0.0 0.0 0.0 0.0 0.0 0.6 1.8 3.1 0.0 0.0 0.0 0.0	0.4000 0.4632 0.5365 0.6213 0.7195 0.8332 0.9649 1.117 1.294 1.499 1.736 2.010 2.328 2.696 3.122 3.615 4.187 4.849 5.615 6.503 7.531 8.721 10.10 11.70 13.54 15.69 18.17 21.04 24.36 28.21 32.67 37.84 43.82 50.75 58.77 68.06 78.82 91.28 105.7 122.4 141.8 164.2 190.1 220.2 255.0 295.3 342.0 396.1 458.7 531.2 615.1 712.4 825.0 955.4 1106 1281 1484 1718 1990 2305 2669 3091 3580 4145 4801 5560 6439 7456 8635 1.000e4
35	Size	DOPC 15 10 24 31 EX 1mg/ml T25 5	15 October 2024 14:01:53	25.0	144.3	0.372	134.7	5103	0.000	93.3	6.7	0.0	47.56	544.6	0.000	0.0 0.0 0.0 0.0 0.0 0.0 0.0 0.0 0.0 0.0 0.0 0.0 0.0 0.0 0.0 0.0 0.0 0.0 0.0 0.0 0.0 0.0 0.0 0.0 0.0 0.0 0.0 0.0 0.0 0.0 0.0 0.0 0.0 0.2 1.5 3.9 7.1 10.4 13.0 14.2 13.8 11.9 8.8 5.4 2.5 0.6 0.0 0.0 0.0 0.0 0.0 0.0 0.0 0.0 0.0 0.0 0.0 0.0 0.0 0.0 0.0 0.0 0.1 0.8 2.1 3.6 0.0 0.0 0.0 0.0	0.4000 0.4632 0.5365 0.6213 0.7195 0.8332 0.9649 1.117 1.294 1.499 1.736 2.010 2.328 2.696 3.122 3.615 4.187 4.849 5.615 6.503 7.531 8.721 10.10 11.70 13.54 15.69 18.17 21.04 24.36 28.21 32.67 37.84 43.82 50.75 58.77 68.06 78.82 91.28 105.7 122.4 141.8 164.2 190.1 220.2 255.0 295.3 342.0 396.1 458.7 531.2 615.1 712.4 825.0 955.4 1106 1281 1484 1718 1990 2305 2669 3091 3580 4145 4801 5560 6439 7456 8635 1.000e4
36	Size	DOPC 15 10 24 31 EX 1mg/ml T30 1	15 October 2024 14:15:49	30.0	690.3	0.534	122.6	44.07	0.000	93.1	6.9	0.0	22.99	4.827	0.000	0.0 0.0 0.0 0.0 0.0 0.0 0.0 0.0 0.0 0.0 0.0 0.0 0.0 0.0 0.0 0.0 0.0 0.0 0.0 0.0 0.0 0.0 0.0 0.0 0.0 0.0 0.0 0.0 0.0 0.0 0.0 1.9 3.1 1.9 0.0 0.0 3.3 11.3 20.7 25.7 21.8 10.4 0.0 0.0 0.0 0.0 0.0 0.0 0.0 0.0 0.0 0.0 0.0 0.0 0.0 0.0 0.0 0.0 0.0 0.0 0.0 0.0 0.0 0.0 0.0 0.0 0.0 0.0 0.0 0.0	0.4000 0.4632 0.5365 0.6213 0.7195 0.8332 0.9649 1.117 1.294 1.499 1.736 2.010 2.328 2.696 3.122 3.615 4.187 4.849 5.615 6.503 7.531 8.721 10.10 11.70 13.54 15.69 18.17 21.04 24.36 28.21 32.67 37.84 43.82 50.75 58.77 68.06 78.82 91.28 105.7 122.4 141.8 164.2 190.1 220.2 255.0 295.3 342.0 396.1 458.7 531.2 615.1 712.4 825.0 955.4 1106 1281 1484 1718 1990 2305 2669 3091 3580 4145 4801 5560 6439 7456 8635 1.000e4
37	Size	DOPC 15 10 24 31 EX 1mg/ml T30 2	15 October 2024 14:18:22	30.0	502.2	0.482	109.9	555.5	36.13	83.5	16.0	0.5	28.21	82.04	2.960	0.0 0.0 0.0 0.0 0.0 0.0 0.0 0.0 0.0 0.0 0.0 0.0 0.0 0.0 0.0 0.0 0.0 0.0 0.0 0.0 0.0 0.0 0.0 0.0 0.0 0.0 0.0 0.0 0.0 0.0 0.2 0.3 0.0 0.1 1.6 5.1 10.1 14.9 17.4 16.2 11.6 5.6 1.1 0.0 0.0 0.0 0.0 0.6 3.3 5.6 4.8 1.7 0.0 0.0 0.0 0.0 0.0 0.0 0.0 0.0 0.0 0.0 0.0 0.0 0.0 0.0 0.0 0.0 0.0 0.0	0.4000 0.4632 0.5365 0.6213 0.7195 0.8332 0.9649 1.117 1.294 1.499 1.736 2.010 2.328 2.696 3.122 3.615 4.187 4.849 5.615 6.503 7.531 8.721 10.10 11.70 13.54 15.69 18.17 21.04 24.36 28.21 32.67 37.84 43.82 50.75 58.77 68.06 78.82 91.28 105.7 122.4 141.8 164.2 190.1 220.2 255.0 295.3 342.0 396.1 458.7 531.2 615.1 712.4 825.0 955.4 1106 1281 1484 1718 1990 2305 2669 3091 3580 4145 4801 5560 6439 7456 8635 1.000e4
38	Size	DOPC 15 10 24 31 EX 1mg/ml T30 3	15 October 2024 14:20:55	30.0	502.9	0.482	138.6	0.000	0.000	100.0	0.0	0.0	61.21	0.000	0.000	0.0 0.0 0.0 0.0 0.0 0.0 0.0 0.0 0.0 0.0 0.0 0.0 0.0 0.0 0.0 0.0 0.0 0.0 0.0 0.0 0.0 0.0 0.0 0.0 0.0 0.0 0.0 0.0 0.0 0.0 0.0 0.0 0.5 1.8 3.5 5.4 7.5 9.8 11.8 12.9 12.7 11.3 8.9 6.3 4.0 2.3 1.0 0.2 0.0 0.0 0.0 0.0 0.0 0.0 0.0 0.0 0.0 0.0 0.0 0.0 0.0 0.0 0.0 0.0 0.0 0.0 0.0 0.0 0.0 0.0	0.4000 0.4632 0.5365 0.6213 0.7195 0.8332 0.9649 1.117 1.294 1.499 1.736 2.010 2.328 2.696 3.122 3.615 4.187 4.849 5.615 6.503 7.531 8.721 10.10 11.70 13.54 15.69 18.17 21.04 24.36 28.21 32.67 37.84 43.82 50.75 58.77 68.06 78.82 91.28 105.7 122.4 141.8 164.2 190.1 220.2 255.0 295.3 342.0 396.1 458.7 531.2 615.1 712.4 825.0 955.4 1106 1281 1484 1718 1990 2305 2669 3091 3580 4145 4801 5560 6439 7456 8635 1.000e4
39	Size	DOPC 15 10 24 31 EX 1mg/ml T30 4	15 October 2024 14:23:28	30.0	415.9	0.409	103.2	378.1	0.000	83.7	16.3	0.0	21.33	55.48	0.000	0.0 0.0 0.0 0.0 0.0 0.0 0.0 0.0 0.0 0.0 0.0 0.0 0.0 0.0 0.0 0.0 0.0 0.0 0.0 0.0 0.0 0.0 0.0 0.0 0.0 0.0 0.0 0.0 0.0 0.0 0.0 0.0 0.0 0.0 0.0 4.3 13.3 20.5 21.3 15.6 7.3 1.4 0.0 0.0 0.1 2.3 5.0 5.6 3.2 0.2 0.0 0.0 0.0 0.0 0.0 0.0 0.0 0.0 0.0 0.0 0.0 0.0 0.0 0.0 0.0 0.0 0.0 0.0 0.0 0.0	0.4000 0.4632 0.5365 0.6213 0.7195 0.8332 0.9649 1.117 1.294 1.499 1.736 2.010 2.328 2.696 3.122 3.615 4.187 4.849 5.615 6.503 7.531 8.721 10.10 11.70 13.54 15.69 18.17 21.04 24.36 28.21 32.67 37.84 43.82 50.75 58.77 68.06 78.82 91.28 105.7 122.4 141.8 164.2 190.1 220.2 255.0 295.3 342.0 396.1 458.7 531.2 615.1 712.4 825.0 955.4 1106 1281 1484 1718 1990 2305 2669 3091 3580 4145 4801 5560 6439 7456 8635 1.000e4
40	Size	DOPC 15 10 24 31 EX 1mg/ml T30 5	15 October 2024 14:26:00	30.0	474.7	0.452	91.60	409.3	0.000	67.2	32.8	0.0	15.42	64.29	0.000	0.0 0.0 0.0 0.0 0.0 0.0 0.0 0.0 0.0 0.0 0.0 0.0 0.0 0.0 0.0 0.0 0.0 0.0 0.0 0.0 0.0 0.0 0.0 0.0 0.0 0.0 0.0 0.0 0.0 0.0 0.0 0.0 0.0 0.0 0.0 7.6 17.3 20.7 15.4 6.1 0.0 0.0 0.0 0.0 0.0 2.1 7.3 10.9 9.1 3.5 0.0 0.0 0.0 0.0 0.0 0.0 0.0 0.0 0.0 0.0 0.0 0.0 0.0 0.0 0.0 0.0 0.0 0.0 0.0 0.0	0.4000 0.4632 0.5365 0.6213 0.7195 0.8332 0.9649 1.117 1.294 1.499 1.736 2.010 2.328 2.696 3.122 3.615 4.187 4.849 5.615 6.503 7.531 8.721 10.10 11.70 13.54 15.69 18.17 21.04 24.36 28.21 32.67 37.84 43.82 50.75 58.77 68.06 78.82 91.28 105.7 122.4 141.8 164.2 190.1 220.2 255.0 295.3 342.0 396.1 458.7 531.2 615.1 712.4 825.0 955.4 1106 1281 1484 1718 1990 2305 2669 3091 3580 4145 4801 5560 6439 7456 8635 1.000e4
41	Size	DOPC 15 10 24 41 EX 1mg/ml T25 1	15 October 2024 14:53:35	25.0	104.9	0.137	120.1	0.000	0.000	100.0	0.0	0.0	48.47	0.000	0.000	0.0 0.0 0.0 0.0 0.0 0.0 0.0 0.0 0.0 0.0 0.0 0.0 0.0 0.0 0.0 0.0 0.0 0.0 0.0 0.0 0.0 0.0 0.0 0.0 0.0 0.0 0.0 0.0 0.0 0.0 0.0 0.0 0.1 1.7 4.8 8.3 11.3 13.3 14.0 13.2 11.4 9.0 6.3 3.9 1.9 0.7 0.1 0.0 0.0 0.0 0.0 0.0 0.0 0.0 0.0 0.0 0.0 0.0 0.0 0.0 0.0 0.0 0.0 0.0 0.0 0.0 0.0 0.0 0.0 0.0	0.4000 0.4632 0.5365 0.6213 0.7195 0.8332 0.9649 1.117 1.294 1.499 1.736 2.010 2.328 2.696 3.122 3.615 4.187 4.849 5.615 6.503 7.531 8.721 10.10 11.70 13.54 15.69 18.17 21.04 24.36 28.21 32.67 37.84 43.82 50.75 58.77 68.06 78.82 91.28 105.7 122.4 141.8 164.2 190.1 220.2 255.0 295.3 342.0 396.1 458.7 531.2 615.1 712.4 825.0 955.4 1106 1281 1484 1718 1990 2305 2669 3091 3580 4145 4801 5560 6439 7456 8635 1.000e4
42	Size	DOPC 15 10 24 41 EX 1mg/ml T25 2	15 October 2024 14:55:58	25.0	103.9	0.143	114.9	4833	0.000	98.9	1.1	0.0	42.07	707.4	0.000	0.0 0.0 0.0 0.0 0.0 0.0 0.0 0.0 0.0 0.0 0.0 0.0 0.0 0.0 0.0 0.0 0.0 0.0 0.0 0.0 0.0 0.0 0.0 0.0 0.0 0.0 0.0 0.0 0.0 0.0 0.0 0.0 0.0 1.4 4.6 8.5 12.1 14.4 15.0 13.9 11.5 8.5 5.3 2.7 0.9 0.1 0.0 0.0 0.0 0.0 0.0 0.0 0.0 0.0 0.0 0.0 0.0 0.0 0.0 0.0 0.0 0.0 0.1 0.2 0.3 0.4 0.0 0.0 0.0 0.0	0.4000 0.4632 0.5365 0.6213 0.7195 0.8332 0.9649 1.117 1.294 1.499 1.736 2.010 2.328 2.696 3.122 3.615 4.187 4.849 5.615 6.503 7.531 8.721 10.10 11.70 13.54 15.69 18.17 21.04 24.36 28.21 32.67 37.84 43.82 50.75 58.77 68.06 78.82 91.28 105.7 122.4 141.8 164.2 190.1 220.2 255.0 295.3 342.0 396.1 458.7 531.2 615.1 712.4 825.0 955.4 1106 1281 1484 1718 1990 2305 2669 3091 3580 4145 4801 5560 6439 7456 8635 1.000e4
43	Size	DOPC 15 10 24 41 EX 1mg/ml T25 3	15 October 2024 14:58:20	25.0	105.1	0.117	120.1	0.000	0.000	100.0	0.0	0.0	42.16	0.000	0.000	0.0 0.0 0.0 0.0 0.0 0.0 0.0 0.0 0.0 0.0 0.0 0.0 0.0 0.0 0.0 0.0 0.0 0.0 0.0 0.0 0.0 0.0 0.0 0.0 0.0 0.0 0.0 0.0 0.0 0.0 0.0 0.0 0.0 1.1 3.5 6.9 10.5 13.5 15.2 15.1 13.3 10.2 6.6 3.3 1.0 0.0 0.0 0.0 0.0 0.0 0.0 0.0 0.0 0.0 0.0 0.0 0.0 0.0 0.0 0.0 0.0 0.0 0.0 0.0 0.0 0.0 0.0 0.0 0.0 0.0	0.4000 0.4632 0.5365 0.6213 0.7195 0.8332 0.9649 1.117 1.294 1.499 1.736 2.010 2.328 2.696 3.122 3.615 4.187 4.849 5.615 6.503 7.531 8.721 10.10 11.70 13.54 15.69 18.17 21.04 24.36 28.21 32.67 37.84 43.82 50.75 58.77 68.06 78.82 91.28 105.7 122.4 141.8 164.2 190.1 220.2 255.0 295.3 342.0 396.1 458.7 531.2 615.1 712.4 825.0 955.4 1106 1281 1484 1718 1990 2305 2669 3091 3580 4145 4801 5560 6439 7456 8635 1.000e4
44	Size	DOPC 15 10 24 41 EX 1mg/ml T25 4	15 October 2024 15:00:43	25.0	105.3	0.120	120.7	0.000	0.000	100.0	0.0	0.0	45.59	0.000	0.000	0.0 0.0 0.0 0.0 0.0 0.0 0.0 0.0 0.0 0.0 0.0 0.0 0.0 0.0 0.0 0.0 0.0 0.0 0.0 0.0 0.0 0.0 0.0 0.0 0.0 0.0 0.0 0.0 0.0 0.0 0.0 0.0 0.2 1.6 4.1 7.4 10.6 13.1 14.3 14.1 12.5 9.9 6.7 3.8 1.5 0.3 0.0 0.0 0.0 0.0 0.0 0.0 0.0 0.0 0.0 0.0 0.0 0.0 0.0 0.0 0.0 0.0 0.0 0.0 0.0 0.0 0.0 0.0 0.0 0.0	0.4000 0.4632 0.5365 0.6213 0.7195 0.8332 0.9649 1.117 1.294 1.499 1.736 2.010 2.328 2.696 3.122 3.615 4.187 4.849 5.615 6.503 7.531 8.721 10.10 11.70 13.54 15.69 18.17 21.04 24.36 28.21 32.67 37.84 43.82 50.75 58.77 68.06 78.82 91.28 105.7 122.4 141.8 164.2 190.1 220.2 255.0 295.3 342.0 396.1 458.7 531.2 615.1 712.4 825.0 955.4 1106 1281 1484 1718 1990 2305 2669 3091 3580 4145 4801 5560 6439 7456 8635 1.000e4
45	Size	DOPC 15 10 24 41 EX 1mg/ml T25 5	15 October 2024 15:03:05	25.0	104.3	0.112	119.0	0.000	0.000	100.0	0.0	0.0	45.02	0.000	0.000	0.0 0.0 0.0 0.0 0.0 0.0 0.0 0.0 0.0 0.0 0.0 0.0 0.0 0.0 0.0 0.0 0.0 0.0 0.0 0.0 0.0 0.0 0.0 0.0 0.0 0.0 0.0 0.0 0.0 0.0 0.0 0.0 0.3 1.8 4.4 7.7 10.8 13.2 14.3 14.0 12.3 9.6 6.5 3.5 1.3 0.2 0.0 0.0 0.0 0.0 0.0 0.0 0.0 0.0 0.0 0.0 0.0 0.0 0.0 0.0 0.0 0.0 0.0 0.0 0.0 0.0 0.0 0.0 0.0 0.0	0.4000 0.4632 0.5365 0.6213 0.7195 0.8332 0.9649 1.117 1.294 1.499 1.736 2.010 2.328 2.696 3.122 3.615 4.187 4.849 5.615 6.503 7.531 8.721 10.10 11.70 13.54 15.69 18.17 21.04 24.36 28.21 32.67 37.84 43.82 50.75 58.77 68.06 78.82 91.28 105.7 122.4 141.8 164.2 190.1 220.2 255.0 295.3 342.0 396.1 458.7 531.2 615.1 712.4 825.0 955.4 1106 1281 1484 1718 1990 2305 2669 3091 3580 4145 4801 5560 6439 7456 8635 1.000e4

Record	Type	Sample Name	Measurement Date and Time	T	Z-Ave	PdI	Pk 1 Mean Int	Pk 2 Mean Int	Pk 3 Mean Int	Pk 1 Area Int	Pk 2 Area Int	Pk 3 Area Int	Size Peak	Size Peak	Size Peak	Intensities	Sizes
 		 	 	Â°C	d.nm	 	d.nm	d.nm	d.nm	Percent	Percent	Percent	d.nm	d.nm	d.nm	Percent	d.nm
1	Size	DOPC 31EX 1mg/ml 08 10 24 1	08 October 2024 11:27:10	25.0	105.9	0.083	115.8	0.000	0.000	100.0	0.0	0.0	35.37	0.000	0.000	0.0 0.0 0.0 0.0 0.0 0.0 0.0 0.0 0.0 0.0 0.0 0.0 0.0 0.0 0.0 0.0 0.0 0.0 0.0 0.0 0.0 0.0 0.0 0.0 0.0 0.0 0.0 0.0 0.0 0.0 0.0 0.0 0.0 0.0 2.2 6.6 11.7 15.8 17.6 16.8 13.7 9.3 4.8 1.6 0.0 0.0 0.0 0.0 0.0 0.0 0.0 0.0 0.0 0.0 0.0 0.0 0.0 0.0 0.0 0.0 0.0 0.0 0.0 0.0 0.0 0.0 0.0 0.0 0.0 0.0	0.4000 0.4632 0.5365 0.6213 0.7195 0.8332 0.9649 1.117 1.294 1.499 1.736 2.010 2.328 2.696 3.122 3.615 4.187 4.849 5.615 6.503 7.531 8.721 10.10 11.70 13.54 15.69 18.17 21.04 24.36 28.21 32.67 37.84 43.82 50.75 58.77 68.06 78.82 91.28 105.7 122.4 141.8 164.2 190.1 220.2 255.0 295.3 342.0 396.1 458.7 531.2 615.1 712.4 825.0 955.4 1106 1281 1484 1718 1990 2305 2669 3091 3580 4145 4801 5560 6439 7456 8635 1.000e4
2	Size	DOPC 31EX 1mg/ml 08 10 24 2	08 October 2024 11:29:43	25.0	106.0	0.088	117.6	0.000	0.000	100.0	0.0	0.0	38.69	0.000	0.000	0.0 0.0 0.0 0.0 0.0 0.0 0.0 0.0 0.0 0.0 0.0 0.0 0.0 0.0 0.0 0.0 0.0 0.0 0.0 0.0 0.0 0.0 0.0 0.0 0.0 0.0 0.0 0.0 0.0 0.0 0.0 0.0 0.0 0.6 3.0 6.8 11.0 14.5 16.3 16.0 13.6 9.8 5.7 2.3 0.4 0.0 0.0 0.0 0.0 0.0 0.0 0.0 0.0 0.0 0.0 0.0 0.0 0.0 0.0 0.0 0.0 0.0 0.0 0.0 0.0 0.0 0.0 0.0 0.0 0.0	0.4000 0.4632 0.5365 0.6213 0.7195 0.8332 0.9649 1.117 1.294 1.499 1.736 2.010 2.328 2.696 3.122 3.615 4.187 4.849 5.615 6.503 7.531 8.721 10.10 11.70 13.54 15.69 18.17 21.04 24.36 28.21 32.67 37.84 43.82 50.75 58.77 68.06 78.82 91.28 105.7 122.4 141.8 164.2 190.1 220.2 255.0 295.3 342.0 396.1 458.7 531.2 615.1 712.4 825.0 955.4 1106 1281 1484 1718 1990 2305 2669 3091 3580 4145 4801 5560 6439 7456 8635 1.000e4
3	Size	DOPC 31EX 1mg/ml 08 10 24 3	08 October 2024 11:32:16	25.0	105.8	0.100	117.9	0.000	0.000	100.0	0.0	0.0	40.16	0.000	0.000	0.0 0.0 0.0 0.0 0.0 0.0 0.0 0.0 0.0 0.0 0.0 0.0 0.0 0.0 0.0 0.0 0.0 0.0 0.0 0.0 0.0 0.0 0.0 0.0 0.0 0.0 0.0 0.0 0.0 0.0 0.0 0.0 0.0 0.5 3.1 7.2 11.5 14.7 16.1 15.4 12.9 9.4 5.8 2.7 0.7 0.0 0.0 0.0 0.0 0.0 0.0 0.0 0.0 0.0 0.0 0.0 0.0 0.0 0.0 0.0 0.0 0.0 0.0 0.0 0.0 0.0 0.0 0.0 0.0 0.0	0.4000 0.4632 0.5365 0.6213 0.7195 0.8332 0.9649 1.117 1.294 1.499 1.736 2.010 2.328 2.696 3.122 3.615 4.187 4.849 5.615 6.503 7.531 8.721 10.10 11.70 13.54 15.69 18.17 21.04 24.36 28.21 32.67 37.84 43.82 50.75 58.77 68.06 78.82 91.28 105.7 122.4 141.8 164.2 190.1 220.2 255.0 295.3 342.0 396.1 458.7 531.2 615.1 712.4 825.0 955.4 1106 1281 1484 1718 1990 2305 2669 3091 3580 4145 4801 5560 6439 7456 8635 1.000e4
4	Size	DOPC 31EX 1mg/ml 08 10 24 4	08 October 2024 11:34:49	25.0	106.4	0.107	120.7	0.000	0.000	100.0	0.0	0.0	44.17	0.000	0.000	0.0 0.0 0.0 0.0 0.0 0.0 0.0 0.0 0.0 0.0 0.0 0.0 0.0 0.0 0.0 0.0 0.0 0.0 0.0 0.0 0.0 0.0 0.0 0.0 0.0 0.0 0.0 0.0 0.0 0.0 0.0 0.0 0.1 1.4 3.8 7.1 10.4 13.1 14.6 14.5 12.9 10.1 6.8 3.6 1.3 0.1 0.0 0.0 0.0 0.0 0.0 0.0 0.0 0.0 0.0 0.0 0.0 0.0 0.0 0.0 0.0 0.0 0.0 0.0 0.0 0.0 0.0 0.0 0.0 0.0	0.4000 0.4632 0.5365 0.6213 0.7195 0.8332 0.9649 1.117 1.294 1.499 1.736 2.010 2.328 2.696 3.122 3.615 4.187 4.849 5.615 6.503 7.531 8.721 10.10 11.70 13.54 15.69 18.17 21.04 24.36 28.21 32.67 37.84 43.82 50.75 58.77 68.06 78.82 91.28 105.7 122.4 141.8 164.2 190.1 220.2 255.0 295.3 342.0 396.1 458.7 531.2 615.1 712.4 825.0 955.4 1106 1281 1484 1718 1990 2305 2669 3091 3580 4145 4801 5560 6439 7456 8635 1.000e4
5	Size	DOPC 31EX 1mg/ml 08 10 24 5	08 October 2024 11:37:21	25.0	105.8	0.074	115.4	0.000	0.000	100.0	0.0	0.0	35.02	0.000	0.000	0.0 0.0 0.0 0.0 0.0 0.0 0.0 0.0 0.0 0.0 0.0 0.0 0.0 0.0 0.0 0.0 0.0 0.0 0.0 0.0 0.0 0.0 0.0 0.0 0.0 0.0 0.0 0.0 0.0 0.0 0.0 0.0 0.0 0.0 2.2 6.7 11.8 15.9 17.7 16.8 13.7 9.2 4.7 1.4 0.0 0.0 0.0 0.0 0.0 0.0 0.0 0.0 0.0 0.0 0.0 0.0 0.0 0.0 0.0 0.0 0.0 0.0 0.0 0.0 0.0 0.0 0.0 0.0 0.0 0.0	0.4000 0.4632 0.5365 0.6213 0.7195 0.8332 0.9649 1.117 1.294 1.499 1.736 2.010 2.328 2.696 3.122 3.615 4.187 4.849 5.615 6.503 7.531 8.721 10.10 11.70 13.54 15.69 18.17 21.04 24.36 28.21 32.67 37.84 43.82 50.75 58.77 68.06 78.82 91.28 105.7 122.4 141.8 164.2 190.1 220.2 255.0 295.3 342.0 396.1 458.7 531.2 615.1 712.4 825.0 955.4 1106 1281 1484 1718 1990 2305 2669 3091 3580 4145 4801 5560 6439 7456 8635 1.000e4
6	Size	DOPC 15 10 24 41 EX 1mg/ml T30 1	15 October 2024 15:43:25	30.0	105.4	0.123	121.5	0.000	0.000	100.0	0.0	0.0	47.81	0.000	0.000	0.0 0.0 0.0 0.0 0.0 0.0 0.0 0.0 0.0 0.0 0.0 0.0 0.0 0.0 0.0 0.0 0.0 0.0 0.0 0.0 0.0 0.0 0.0 0.0 0.0 0.0 0.0 0.0 0.0 0.0 0.0 0.0 0.3 1.8 4.4 7.6 10.6 12.8 13.8 13.6 12.1 9.7 6.9 4.1 1.9 0.5 0.0 0.0 0.0 0.0 0.0 0.0 0.0 0.0 0.0 0.0 0.0 0.0 0.0 0.0 0.0 0.0 0.0 0.0 0.0 0.0 0.0 0.0 0.0 0.0	0.4000 0.4632 0.5365 0.6213 0.7195 0.8332 0.9649 1.117 1.294 1.499 1.736 2.010 2.328 2.696 3.122 3.615 4.187 4.849 5.615 6.503 7.531 8.721 10.10 11.70 13.54 15.69 18.17 21.04 24.36 28.21 32.67 37.84 43.82 50.75 58.77 68.06 78.82 91.28 105.7 122.4 141.8 164.2 190.1 220.2 255.0 295.3 342.0 396.1 458.7 531.2 615.1 712.4 825.0 955.4 1106 1281 1484 1718 1990 2305 2669 3091 3580 4145 4801 5560 6439 7456 8635 1.000e4

Record	Type	Sample Name	Measurement Date and Time	T	Z-Ave	PdI	Pk 1 Mean Int	Pk 2 Mean Int	Pk 3 Mean Int	Pk 1 Area Int	Pk 2 Area Int	Pk 3 Area Int	Size Peak	Size Peak	Size Peak	Intensities	Sizes
 		 	 	Â°C	d.nm	 	d.nm	d.nm	d.nm	Percent	Percent	Percent	d.nm	d.nm	d.nm	Percent	d.nm
1	Size	DOPC 15 10 24 41 EX 1mg/ml T10 1	15 October 2024 15:19:28	10.0	101.1	0.081	111.5	0.000	0.000	100.0	0.0	0.0	35.46	0.000	0.000	0.0 0.0 0.0 0.0 0.0 0.0 0.0 0.0 0.0 0.0 0.0 0.0 0.0 0.0 0.0 0.0 0.0 0.0 0.0 0.0 0.0 0.0 0.0 0.0 0.0 0.0 0.0 0.0 0.0 0.0 0.0 0.0 0.0 1.0 3.9 8.1 12.5 15.7 16.9 15.8 12.6 8.3 4.1 1.2 0.0 0.0 0.0 0.0 0.0 0.0 0.0 0.0 0.0 0.0 0.0 0.0 0.0 0.0 0.0 0.0 0.0 0.0 0.0 0.0 0.0 0.0 0.0 0.0 0.0 0.0	0.4000 0.4632 0.5365 0.6213 0.7195 0.8332 0.9649 1.117 1.294 1.499 1.736 2.010 2.328 2.696 3.122 3.615 4.187 4.849 5.615 6.503 7.531 8.721 10.10 11.70 13.54 15.69 18.17 21.04 24.36 28.21 32.67 37.84 43.82 50.75 58.77 68.06 78.82 91.28 105.7 122.4 141.8 164.2 190.1 220.2 255.0 295.3 342.0 396.1 458.7 531.2 615.1 712.4 825.0 955.4 1106 1281 1484 1718 1990 2305 2669 3091 3580 4145 4801 5560 6439 7456 8635 1.000e4
2	Size	DOPC 15 10 24 41 EX 1mg/ml T10 2	15 October 2024 15:21:50	10.0	99.54	0.145	110.2	0.000	0.000	100.0	0.0	0.0	39.26	0.000	0.000	0.0 0.0 0.0 0.0 0.0 0.0 0.0 0.0 0.0 0.0 0.0 0.0 0.0 0.0 0.0 0.0 0.0 0.0 0.0 0.0 0.0 0.0 0.0 0.0 0.0 0.0 0.0 0.0 0.0 0.0 0.0 0.0 0.1 2.0 5.5 9.5 13.0 15.1 15.3 13.9 11.1 7.7 4.5 1.9 0.5 0.0 0.0 0.0 0.0 0.0 0.0 0.0 0.0 0.0 0.0 0.0 0.0 0.0 0.0 0.0 0.0 0.0 0.0 0.0 0.0 0.0 0.0 0.0 0.0 0.0	0.4000 0.4632 0.5365 0.6213 0.7195 0.8332 0.9649 1.117 1.294 1.499 1.736 2.010 2.328 2.696 3.122 3.615 4.187 4.849 5.615 6.503 7.531 8.721 10.10 11.70 13.54 15.69 18.17 21.04 24.36 28.21 32.67 37.84 43.82 50.75 58.77 68.06 78.82 91.28 105.7 122.4 141.8 164.2 190.1 220.2 255.0 295.3 342.0 396.1 458.7 531.2 615.1 712.4 825.0 955.4 1106 1281 1484 1718 1990 2305 2669 3091 3580 4145 4801 5560 6439 7456 8635 1.000e4
3	Size	DOPC 15 10 24 41 EX 1mg/ml T10 3	15 October 2024 15:24:13	10.0	101.4	0.134	118.9	0.000	0.000	100.0	0.0	0.0	49.13	0.000	0.000	0.0 0.0 0.0 0.0 0.0 0.0 0.0 0.0 0.0 0.0 0.0 0.0 0.0 0.0 0.0 0.0 0.0 0.0 0.0 0.0 0.0 0.0 0.0 0.0 0.0 0.0 0.0 0.0 0.0 0.0 0.0 0.3 1.3 3.0 5.3 7.9 10.3 12.1 13.0 12.8 11.5 9.4 6.7 4.1 1.9 0.5 0.0 0.0 0.0 0.0 0.0 0.0 0.0 0.0 0.0 0.0 0.0 0.0 0.0 0.0 0.0 0.0 0.0 0.0 0.0 0.0 0.0 0.0 0.0 0.0	0.4000 0.4632 0.5365 0.6213 0.7195 0.8332 0.9649 1.117 1.294 1.499 1.736 2.010 2.328 2.696 3.122 3.615 4.187 4.849 5.615 6.503 7.531 8.721 10.10 11.70 13.54 15.69 18.17 21.04 24.36 28.21 32.67 37.84 43.82 50.75 58.77 68.06 78.82 91.28 105.7 122.4 141.8 164.2 190.1 220.2 255.0 295.3 342.0 396.1 458.7 531.2 615.1 712.4 825.0 955.4 1106 1281 1484 1718 1990 2305 2669 3091 3580 4145 4801 5560 6439 7456 8635 1.000e4
4	Size	DOPC 15 10 24 41 EX 1mg/ml T10 4	15 October 2024 15:26:35	10.0	101.9	0.120	117.1	0.000	0.000	100.0	0.0	0.0	45.22	0.000	0.000	0.0 0.0 0.0 0.0 0.0 0.0 0.0 0.0 0.0 0.0 0.0 0.0 0.0 0.0 0.0 0.0 0.0 0.0 0.0 0.0 0.0 0.0 0.0 0.0 0.0 0.0 0.0 0.0 0.0 0.0 0.0 0.0 0.5 2.3 5.0 8.2 11.1 13.2 14.1 13.6 11.8 9.1 6.1 3.4 1.3 0.2 0.0 0.0 0.0 0.0 0.0 0.0 0.0 0.0 0.0 0.0 0.0 0.0 0.0 0.0 0.0 0.0 0.0 0.0 0.0 0.0 0.0 0.0 0.0 0.0	0.4000 0.4632 0.5365 0.6213 0.7195 0.8332 0.9649 1.117 1.294 1.499 1.736 2.010 2.328 2.696 3.122 3.615 4.187 4.849 5.615 6.503 7.531 8.721 10.10 11.70 13.54 15.69 18.17 21.04 24.36 28.21 32.67 37.84 43.82 50.75 58.77 68.06 78.82 91.28 105.7 122.4 141.8 164.2 190.1 220.2 255.0 295.3 342.0 396.1 458.7 531.2 615.1 712.4 825.0 955.4 1106 1281 1484 1718 1990 2305 2669 3091 3580 4145 4801 5560 6439 7456 8635 1.000e4
5	Size	DOPC 15 10 24 41 EX 1mg/ml T10 5	15 October 2024 15:28:58	10.0	102.0	0.088	113.1	0.000	0.000	100.0	0.0	0.0	35.63	0.000	0.000	0.0 0.0 0.0 0.0 0.0 0.0 0.0 0.0 0.0 0.0 0.0 0.0 0.0 0.0 0.0 0.0 0.0 0.0 0.0 0.0 0.0 0.0 0.0 0.0 0.0 0.0 0.0 0.0 0.0 0.0 0.0 0.0 0.0 0.8 3.4 7.6 12.1 15.6 17.0 16.1 13.0 8.7 4.4 1.3 0.0 0.0 0.0 0.0 0.0 0.0 0.0 0.0 0.0 0.0 0.0 0.0 0.0 0.0 0.0 0.0 0.0 0.0 0.0 0.0 0.0 0.0 0.0 0.0 0.0 0.0	0.4000 0.4632 0.5365 0.6213 0.7195 0.8332 0.9649 1.117 1.294 1.499 1.736 2.010 2.328 2.696 3.122 3.615 4.187 4.849 5.615 6.503 7.531 8.721 10.10 11.70 13.54 15.69 18.17 21.04 24.36 28.21 32.67 37.84 43.82 50.75 58.77 68.06 78.82 91.28 105.7 122.4 141.8 164.2 190.1 220.2 255.0 295.3 342.0 396.1 458.7 531.2 615.1 712.4 825.0 955.4 1106 1281 1484 1718 1990 2305 2669 3091 3580 4145 4801 5560 6439 7456 8635 1.000e4
6	Size	DOPC 15 10 24 41 EX 1mg/ml T25 1	15 October 2024 14:53:35	25.0	104.9	0.137	120.1	0.000	0.000	100.0	0.0	0.0	48.47	0.000	0.000	0.0 0.0 0.0 0.0 0.0 0.0 0.0 0.0 0.0 0.0 0.0 0.0 0.0 0.0 0.0 0.0 0.0 0.0 0.0 0.0 0.0 0.0 0.0 0.0 0.0 0.0 0.0 0.0 0.0 0.0 0.0 0.0 0.1 1.7 4.8 8.3 11.3 13.3 14.0 13.2 11.4 9.0 6.3 3.9 1.9 0.7 0.1 0.0 0.0 0.0 0.0 0.0 0.0 0.0 0.0 0.0 0.0 0.0 0.0 0.0 0.0 0.0 0.0 0.0 0.0 0.0 0.0 0.0 0.0 0.0	0.4000 0.4632 0.5365 0.6213 0.7195 0.8332 0.9649 1.117 1.294 1.499 1.736 2.010 2.328 2.696 3.122 3.615 4.187 4.849 5.615 6.503 7.531 8.721 10.10 11.70 13.54 15.69 18.17 21.04 24.36 28.21 32.67 37.84 43.82 50.75 58.77 68.06 78.82 91.28 105.7 122.4 141.8 164.2 190.1 220.2 255.0 295.3 342.0 396.1 458.7 531.2 615.1 712.4 825.0 955.4 1106 1281 1484 1718 1990 2305 2669 3091 3580 4145 4801 5560 6439 7456 8635 1.000e4
7	Size	DOPC 15 10 24 41 EX 1mg/ml T25 2	15 October 2024 14:55:58	25.0	103.9	0.143	114.9	4833	0.000	98.9	1.1	0.0	42.07	707.4	0.000	0.0 0.0 0.0 0.0 0.0 0.0 0.0 0.0 0.0 0.0 0.0 0.0 0.0 0.0 0.0 0.0 0.0 0.0 0.0 0.0 0.0 0.0 0.0 0.0 0.0 0.0 0.0 0.0 0.0 0.0 0.0 0.0 0.0 1.4 4.6 8.5 12.1 14.4 15.0 13.9 11.5 8.5 5.3 2.7 0.9 0.1 0.0 0.0 0.0 0.0 0.0 0.0 0.0 0.0 0.0 0.0 0.0 0.0 0.0 0.0 0.0 0.0 0.1 0.2 0.3 0.4 0.0 0.0 0.0 0.0	0.4000 0.4632 0.5365 0.6213 0.7195 0.8332 0.9649 1.117 1.294 1.499 1.736 2.010 2.328 2.696 3.122 3.615 4.187 4.849 5.615 6.503 7.531 8.721 10.10 11.70 13.54 15.69 18.17 21.04 24.36 28.21 32.67 37.84 43.82 50.75 58.77 68.06 78.82 91.28 105.7 122.4 141.8 164.2 190.1 220.2 255.0 295.3 342.0 396.1 458.7 531.2 615.1 712.4 825.0 955.4 1106 1281 1484 1718 1990 2305 2669 3091 3580 4145 4801 5560 6439 7456 8635 1.000e4
8	Size	DOPC 15 10 24 41 EX 1mg/ml T25 3	15 October 2024 14:58:20	25.0	105.1	0.117	120.1	0.000	0.000	100.0	0.0	0.0	42.16	0.000	0.000	0.0 0.0 0.0 0.0 0.0 0.0 0.0 0.0 0.0 0.0 0.0 0.0 0.0 0.0 0.0 0.0 0.0 0.0 0.0 0.0 0.0 0.0 0.0 0.0 0.0 0.0 0.0 0.0 0.0 0.0 0.0 0.0 0.0 1.1 3.5 6.9 10.5 13.5 15.2 15.1 13.3 10.2 6.6 3.3 1.0 0.0 0.0 0.0 0.0 0.0 0.0 0.0 0.0 0.0 0.0 0.0 0.0 0.0 0.0 0.0 0.0 0.0 0.0 0.0 0.0 0.0 0.0 0.0 0.0 0.0	0.4000 0.4632 0.5365 0.6213 0.7195 0.8332 0.9649 1.117 1.294 1.499 1.736 2.010 2.328 2.696 3.122 3.615 4.187 4.849 5.615 6.503 7.531 8.721 10.10 11.70 13.54 15.69 18.17 21.04 24.36 28.21 32.67 37.84 43.82 50.75 58.77 68.06 78.82 91.28 105.7 122.4 141.8 164.2 190.1 220.2 255.0 295.3 342.0 396.1 458.7 531.2 615.1 712.4 825.0 955.4 1106 1281 1484 1718 1990 2305 2669 3091 3580 4145 4801 5560 6439 7456 8635 1.000e4
9	Size	DOPC 15 10 24 41 EX 1mg/ml T25 4	15 October 2024 15:00:43	25.0	105.3	0.120	120.7	0.000	0.000	100.0	0.0	0.0	45.59	0.000	0.000	0.0 0.0 0.0 0.0 0.0 0.0 0.0 0.0 0.0 0.0 0.0 0.0 0.0 0.0 0.0 0.0 0.0 0.0 0.0 0.0 0.0 0.0 0.0 0.0 0.0 0.0 0.0 0.0 0.0 0.0 0.0 0.0 0.2 1.6 4.1 7.4 10.6 13.1 14.3 14.1 12.5 9.9 6.7 3.8 1.5 0.3 0.0 0.0 0.0 0.0 0.0 0.0 0.0 0.0 0.0 0.0 0.0 0.0 0.0 0.0 0.0 0.0 0.0 0.0 0.0 0.0 0.0 0.0 0.0 0.0	0.4000 0.4632 0.5365 0.6213 0.7195 0.8332 0.9649 1.117 1.294 1.499 1.736 2.010 2.328 2.696 3.122 3.615 4.187 4.849 5.615 6.503 7.531 8.721 10.10 11.70 13.54 15.69 18.17 21.04 24.36 28.21 32.67 37.84 43.82 50.75 58.77 68.06 78.82 91.28 105.7 122.4 141.8 164.2 190.1 220.2 255.0 295.3 342.0 396.1 458.7 531.2 615.1 712.4 825.0 955.4 1106 1281 1484 1718 1990 2305 2669 3091 3580 4145 4801 5560 6439 7456 8635 1.000e4
10	Size	DOPC 15 10 24 41 EX 1mg/ml T25 5	15 October 2024 15:03:05	25.0	104.3	0.112	119.0	0.000	0.000	100.0	0.0	0.0	45.02	0.000	0.000	0.0 0.0 0.0 0.0 0.0 0.0 0.0 0.0 0.0 0.0 0.0 0.0 0.0 0.0 0.0 0.0 0.0 0.0 0.0 0.0 0.0 0.0 0.0 0.0 0.0 0.0 0.0 0.0 0.0 0.0 0.0 0.0 0.3 1.8 4.4 7.7 10.8 13.2 14.3 14.0 12.3 9.6 6.5 3.5 1.3 0.2 0.0 0.0 0.0 0.0 0.0 0.0 0.0 0.0 0.0 0.0 0.0 0.0 0.0 0.0 0.0 0.0 0.0 0.0 0.0 0.0 0.0 0.0 0.0 0.0	0.4000 0.4632 0.5365 0.6213 0.7195 0.8332 0.9649 1.117 1.294 1.499 1.736 2.010 2.328 2.696 3.122 3.615 4.187 4.849 5.615 6.503 7.531 8.721 10.10 11.70 13.54 15.69 18.17 21.04 24.36 28.21 32.67 37.84 43.82 50.75 58.77 68.06 78.82 91.28 105.7 122.4 141.8 164.2 190.1 220.2 255.0 295.3 342.0 396.1 458.7 531.2 615.1 712.4 825.0 955.4 1106 1281 1484 1718 1990 2305 2669 3091 3580 4145 4801 5560 6439 7456 8635 1.000e4
12	Size	DOPC 15 10 24 41 EX 1mg/ml T30 1	15 October 2024 16:17:14	30.0	105.6	0.103	119.1	0.000	0.000	100.0	0.0	0.0	40.79	0.000	0.000	0.0 0.0 0.0 0.0 0.0 0.0 0.0 0.0 0.0 0.0 0.0 0.0 0.0 0.0 0.0 0.0 0.0 0.0 0.0 0.0 0.0 0.0 0.0 0.0 0.0 0.0 0.0 0.0 0.0 0.0 0.0 0.0 0.0 0.9 3.3 6.9 10.7 13.9 15.6 15.4 13.4 10.1 6.2 2.9 0.7 0.0 0.0 0.0 0.0 0.0 0.0 0.0 0.0 0.0 0.0 0.0 0.0 0.0 0.0 0.0 0.0 0.0 0.0 0.0 0.0 0.0 0.0 0.0 0.0 0.0	0.4000 0.4632 0.5365 0.6213 0.7195 0.8332 0.9649 1.117 1.294 1.499 1.736 2.010 2.328 2.696 3.122 3.615 4.187 4.849 5.615 6.503 7.531 8.721 10.10 11.70 13.54 15.69 18.17 21.04 24.36 28.21 32.67 37.84 43.82 50.75 58.77 68.06 78.82 91.28 105.7 122.4 141.8 164.2 190.1 220.2 255.0 295.3 342.0 396.1 458.7 531.2 615.1 712.4 825.0 955.4 1106 1281 1484 1718 1990 2305 2669 3091 3580 4145 4801 5560 6439 7456 8635 1.000e4
13	Size	DOPC 15 10 24 41 EX 1mg/ml T30 2	15 October 2024 16:19:37	30.0	105.8	0.115	120.8	0.000	0.000	100.0	0.0	0.0	45.57	0.000	0.000	0.0 0.0 0.0 0.0 0.0 0.0 0.0 0.0 0.0 0.0 0.0 0.0 0.0 0.0 0.0 0.0 0.0 0.0 0.0 0.0 0.0 0.0 0.0 0.0 0.0 0.0 0.0 0.0 0.0 0.0 0.0 0.0 0.3 1.6 4.1 7.3 10.4 12.9 14.3 14.1 12.6 10.0 6.8 3.8 1.5 0.2 0.0 0.0 0.0 0.0 0.0 0.0 0.0 0.0 0.0 0.0 0.0 0.0 0.0 0.0 0.0 0.0 0.0 0.0 0.0 0.0 0.0 0.0 0.0 0.0	0.4000 0.4632 0.5365 0.6213 0.7195 0.8332 0.9649 1.117 1.294 1.499 1.736 2.010 2.328 2.696 3.122 3.615 4.187 4.849 5.615 6.503 7.531 8.721 10.10 11.70 13.54 15.69 18.17 21.04 24.36 28.21 32.67 37.84 43.82 50.75 58.77 68.06 78.82 91.28 105.7 122.4 141.8 164.2 190.1 220.2 255.0 295.3 342.0 396.1 458.7 531.2 615.1 712.4 825.0 955.4 1106 1281 1484 1718 1990 2305 2669 3091 3580 4145 4801 5560 6439 7456 8635 1.000e4
14	Size	DOPC 15 10 24 41 EX 1mg/ml T30 3	15 October 2024 16:21:59	30.0	105.6	0.121	121.3	0.000	0.000	100.0	0.0	0.0	46.81	0.000	0.000	0.0 0.0 0.0 0.0 0.0 0.0 0.0 0.0 0.0 0.0 0.0 0.0 0.0 0.0 0.0 0.0 0.0 0.0 0.0 0.0 0.0 0.0 0.0 0.0 0.0 0.0 0.0 0.0 0.0 0.0 0.0 0.0 0.2 1.7 4.2 7.4 10.6 12.9 14.1 13.8 12.3 9.8 6.8 4.0 1.7 0.4 0.0 0.0 0.0 0.0 0.0 0.0 0.0 0.0 0.0 0.0 0.0 0.0 0.0 0.0 0.0 0.0 0.0 0.0 0.0 0.0 0.0 0.0 0.0 0.0	0.4000 0.4632 0.5365 0.6213 0.7195 0.8332 0.9649 1.117 1.294 1.499 1.736 2.010 2.328 2.696 3.122 3.615 4.187 4.849 5.615 6.503 7.531 8.721 10.10 11.70 13.54 15.69 18.17 21.04 24.36 28.21 32.67 37.84 43.82 50.75 58.77 68.06 78.82 91.28 105.7 122.4 141.8 164.2 190.1 220.2 255.0 295.3 342.0 396.1 458.7 531.2 615.1 712.4 825.0 955.4 1106 1281 1484 1718 1990 2305 2669 3091 3580 4145 4801 5560 6439 7456 8635 1.000e4
15	Size	DOPC 15 10 24 41 EX 1mg/ml T30 4	15 October 2024 16:24:22	30.0	106.6	0.118	121.5	0.000	0.000	100.0	0.0	0.0	42.66	0.000	0.000	0.0 0.0 0.0 0.0 0.0 0.0 0.0 0.0 0.0 0.0 0.0 0.0 0.0 0.0 0.0 0.0 0.0 0.0 0.0 0.0 0.0 0.0 0.0 0.0 0.0 0.0 0.0 0.0 0.0 0.0 0.0 0.0 0.0 0.9 3.2 6.6 10.3 13.4 15.1 15.1 13.4 10.4 6.9 3.5 1.1 0.0 0.0 0.0 0.0 0.0 0.0 0.0 0.0 0.0 0.0 0.0 0.0 0.0 0.0 0.0 0.0 0.0 0.0 0.0 0.0 0.0 0.0 0.0 0.0 0.0	0.4000 0.4632 0.5365 0.6213 0.7195 0.8332 0.9649 1.117 1.294 1.499 1.736 2.010 2.328 2.696 3.122 3.615 4.187 4.849 5.615 6.503 7.531 8.721 10.10 11.70 13.54 15.69 18.17 21.04 24.36 28.21 32.67 37.84 43.82 50.75 58.77 68.06 78.82 91.28 105.7 122.4 141.8 164.2 190.1 220.2 255.0 295.3 342.0 396.1 458.7 531.2 615.1 712.4 825.0 955.4 1106 1281 1484 1718 1990 2305 2669 3091 3580 4145 4801 5560 6439 7456 8635 1.000e4
16	Size	DOPC 15 10 24 41 EX 1mg/ml T30 5	15 October 2024 16:26:44	30.0	105.7	0.139	119.8	0.000	0.000	100.0	0.0	0.0	46.25	0.000	0.000	0.0 0.0 0.0 0.0 0.0 0.0 0.0 0.0 0.0 0.0 0.0 0.0 0.0 0.0 0.0 0.0 0.0 0.0 0.0 0.0 0.0 0.0 0.0 0.0 0.0 0.0 0.0 0.0 0.0 0.0 0.0 0.0 0.1 1.6 4.4 7.9 11.1 13.4 14.3 13.7 12.0 9.4 6.4 3.7 1.6 0.4 0.0 0.0 0.0 0.0 0.0 0.0 0.0 0.0 0.0 0.0 0.0 0.0 0.0 0.0 0.0 0.0 0.0 0.0 0.0 0.0 0.0 0.0 0.0 0.0	0.4000 0.4632 0.5365 0.6213 0.7195 0.8332 0.9649 1.117 1.294 1.499 1.736 2.010 2.328 2.696 3.122 3.615 4.187 4.849 5.615 6.503 7.531 8.721 10.10 11.70 13.54 15.69 18.17 21.04 24.36 28.21 32.67 37.84 43.82 50.75 58.77 68.06 78.82 91.28 105.7 122.4 141.8 164.2 190.1 220.2 255.0 295.3 342.0 396.1 458.7 531.2 615.1 712.4 825.0 955.4 1106 1281 1484 1718 1990 2305 2669 3091 3580 4145 4801 5560 6439 7456 8635 1.000e4
17	Size	DOPC 15 10 24 41 EX 1mg/ml T38 1	15 October 2024 16:37:17	38.0	107.3	0.115	122.6	0.000	0.000	100.0	0.0	0.0	46.47	0.000	0.000	0.0 0.0 0.0 0.0 0.0 0.0 0.0 0.0 0.0 0.0 0.0 0.0 0.0 0.0 0.0 0.0 0.0 0.0 0.0 0.0 0.0 0.0 0.0 0.0 0.0 0.0 0.0 0.0 0.0 0.0 0.0 0.0 0.1 1.4 3.9 7.1 10.3 12.9 14.2 14.1 12.7 10.1 7.1 4.1 1.7 0.4 0.0 0.0 0.0 0.0 0.0 0.0 0.0 0.0 0.0 0.0 0.0 0.0 0.0 0.0 0.0 0.0 0.0 0.0 0.0 0.0 0.0 0.0 0.0 0.0	0.4000 0.4632 0.5365 0.6213 0.7195 0.8332 0.9649 1.117 1.294 1.499 1.736 2.010 2.328 2.696 3.122 3.615 4.187 4.849 5.615 6.503 7.531 8.721 10.10 11.70 13.54 15.69 18.17 21.04 24.36 28.21 32.67 37.84 43.82 50.75 58.77 68.06 78.82 91.28 105.7 122.4 141.8 164.2 190.1 220.2 255.0 295.3 342.0 396.1 458.7 531.2 615.1 712.4 825.0 955.4 1106 1281 1484 1718 1990 2305 2669 3091 3580 4145 4801 5560 6439 7456 8635 1.000e4
18	Size	DOPC 15 10 24 41 EX 1mg/ml T38 2	15 October 2024 16:39:39	38.0	106.7	0.121	122.8	0.000	0.000	100.0	0.0	0.0	47.75	0.000	0.000	0.0 0.0 0.0 0.0 0.0 0.0 0.0 0.0 0.0 0.0 0.0 0.0 0.0 0.0 0.0 0.0 0.0 0.0 0.0 0.0 0.0 0.0 0.0 0.0 0.0 0.0 0.0 0.0 0.0 0.0 0.0 0.0 0.4 1.7 4.1 7.1 10.1 12.5 13.8 13.8 12.5 10.1 7.2 4.3 1.9 0.5 0.0 0.0 0.0 0.0 0.0 0.0 0.0 0.0 0.0 0.0 0.0 0.0 0.0 0.0 0.0 0.0 0.0 0.0 0.0 0.0 0.0 0.0 0.0 0.0	0.4000 0.4632 0.5365 0.6213 0.7195 0.8332 0.9649 1.117 1.294 1.499 1.736 2.010 2.328 2.696 3.122 3.615 4.187 4.849 5.615 6.503 7.531 8.721 10.10 11.70 13.54 15.69 18.17 21.04 24.36 28.21 32.67 37.84 43.82 50.75 58.77 68.06 78.82 91.28 105.7 122.4 141.8 164.2 190.1 220.2 255.0 295.3 342.0 396.1 458.7 531.2 615.1 712.4 825.0 955.4 1106 1281 1484 1718 1990 2305 2669 3091 3580 4145 4801 5560 6439 7456 8635 1.000e4
19	Size	DOPC 15 10 24 41 EX 1mg/ml T38 3	15 October 2024 16:42:02	38.0	106.7	0.121	123.0	0.000	0.000	100.0	0.0	0.0	48.36	0.000	0.000	0.0 0.0 0.0 0.0 0.0 0.0 0.0 0.0 0.0 0.0 0.0 0.0 0.0 0.0 0.0 0.0 0.0 0.0 0.0 0.0 0.0 0.0 0.0 0.0 0.0 0.0 0.0 0.0 0.0 0.0 0.0 0.0 0.2 1.6 4.2 7.4 10.4 12.7 13.8 13.6 12.2 9.9 7.1 4.3 2.1 0.6 0.0 0.0 0.0 0.0 0.0 0.0 0.0 0.0 0.0 0.0 0.0 0.0 0.0 0.0 0.0 0.0 0.0 0.0 0.0 0.0 0.0 0.0 0.0 0.0	0.4000 0.4632 0.5365 0.6213 0.7195 0.8332 0.9649 1.117 1.294 1.499 1.736 2.010 2.328 2.696 3.122 3.615 4.187 4.849 5.615 6.503 7.531 8.721 10.10 11.70 13.54 15.69 18.17 21.04 24.36 28.21 32.67 37.84 43.82 50.75 58.77 68.06 78.82 91.28 105.7 122.4 141.8 164.2 190.1 220.2 255.0 295.3 342.0 396.1 458.7 531.2 615.1 712.4 825.0 955.4 1106 1281 1484 1718 1990 2305 2669 3091 3580 4145 4801 5560 6439 7456 8635 1.000e4
20	Size	DOPC 15 10 24 41 EX 1mg/ml T38 4	15 October 2024 16:44:24	38.0	107.4	0.107	121.6	0.000	0.000	100.0	0.0	0.0	44.42	0.000	0.000	0.0 0.0 0.0 0.0 0.0 0.0 0.0 0.0 0.0 0.0 0.0 0.0 0.0 0.0 0.0 0.0 0.0 0.0 0.0 0.0 0.0 0.0 0.0 0.0 0.0 0.0 0.0 0.0 0.0 0.0 0.0 0.0 0.0 1.1 3.6 7.0 10.5 13.3 14.7 14.6 12.9 10.1 6.8 3.7 1.4 0.2 0.0 0.0 0.0 0.0 0.0 0.0 0.0 0.0 0.0 0.0 0.0 0.0 0.0 0.0 0.0 0.0 0.0 0.0 0.0 0.0 0.0 0.0 0.0 0.0	0.4000 0.4632 0.5365 0.6213 0.7195 0.8332 0.9649 1.117 1.294 1.499 1.736 2.010 2.328 2.696 3.122 3.615 4.187 4.849 5.615 6.503 7.531 8.721 10.10 11.70 13.54 15.69 18.17 21.04 24.36 28.21 32.67 37.84 43.82 50.75 58.77 68.06 78.82 91.28 105.7 122.4 141.8 164.2 190.1 220.2 255.0 295.3 342.0 396.1 458.7 531.2 615.1 712.4 825.0 955.4 1106 1281 1484 1718 1990 2305 2669 3091 3580 4145 4801 5560 6439 7456 8635 1.000e4
21	Size	DOPC 15 10 24 41 EX 1mg/ml T38 5	15 October 2024 16:46:46	38.0	106.6	0.125	123.3	0.000	0.000	100.0	0.0	0.0	48.54	0.000	0.000	0.0 0.0 0.0 0.0 0.0 0.0 0.0 0.0 0.0 0.0 0.0 0.0 0.0 0.0 0.0 0.0 0.0 0.0 0.0 0.0 0.0 0.0 0.0 0.0 0.0 0.0 0.0 0.0 0.0 0.0 0.0 0.0 0.5 1.9 4.2 7.1 10.0 12.3 13.6 13.6 12.4 10.1 7.3 4.4 2.0 0.6 0.0 0.0 0.0 0.0 0.0 0.0 0.0 0.0 0.0 0.0 0.0 0.0 0.0 0.0 0.0 0.0 0.0 0.0 0.0 0.0 0.0 0.0 0.0 0.0	0.4000 0.4632 0.5365 0.6213 0.7195 0.8332 0.9649 1.117 1.294 1.499 1.736 2.010 2.328 2.696 3.122 3.615 4.187 4.849 5.615 6.503 7.531 8.721 10.10 11.70 13.54 15.69 18.17 21.04 24.36 28.21 32.67 37.84 43.82 50.75 58.77 68.06 78.82 91.28 105.7 122.4 141.8 164.2 190.1 220.2 255.0 295.3 342.0 396.1 458.7 531.2 615.1 712.4 825.0 955.4 1106 1281 1484 1718 1990 2305 2669 3091 3580 4145 4801 5560 6439 7456 8635 1.000e4
22	Size	DOPC 15 10 24 41 EX 1mg/ml T45 1	15 October 2024 17:00:50	45.0	107.2	0.127	124.3	0.000	0.000	100.0	0.0	0.0	48.16	0.000	0.000	0.0 0.0 0.0 0.0 0.0 0.0 0.0 0.0 0.0 0.0 0.0 0.0 0.0 0.0 0.0 0.0 0.0 0.0 0.0 0.0 0.0 0.0 0.0 0.0 0.0 0.0 0.0 0.0 0.0 0.0 0.0 0.0 0.4 1.7 3.9 6.7 9.7 12.1 13.7 13.9 12.8 10.5 7.5 4.5 2.0 0.5 0.0 0.0 0.0 0.0 0.0 0.0 0.0 0.0 0.0 0.0 0.0 0.0 0.0 0.0 0.0 0.0 0.0 0.0 0.0 0.0 0.0 0.0 0.0 0.0	0.4000 0.4632 0.5365 0.6213 0.7195 0.8332 0.9649 1.117 1.294 1.499 1.736 2.010 2.328 2.696 3.122 3.615 4.187 4.849 5.615 6.503 7.531 8.721 10.10 11.70 13.54 15.69 18.17 21.04 24.36 28.21 32.67 37.84 43.82 50.75 58.77 68.06 78.82 91.28 105.7 122.4 141.8 164.2 190.1 220.2 255.0 295.3 342.0 396.1 458.7 531.2 615.1 712.4 825.0 955.4 1106 1281 1484 1718 1990 2305 2669 3091 3580 4145 4801 5560 6439 7456 8635 1.000e4
23	Size	DOPC 15 10 24 41 EX 1mg/ml T45 2	15 October 2024 17:03:13	45.0	107.8	0.136	123.8	0.000	0.000	100.0	0.0	0.0	49.65	0.000	0.000	0.0 0.0 0.0 0.0 0.0 0.0 0.0 0.0 0.0 0.0 0.0 0.0 0.0 0.0 0.0 0.0 0.0 0.0 0.0 0.0 0.0 0.0 0.0 0.0 0.0 0.0 0.0 0.0 0.0 0.0 0.0 0.0 0.1 1.5 4.2 7.4 10.5 12.7 13.8 13.5 12.0 9.7 7.1 4.4 2.2 0.8 0.1 0.0 0.0 0.0 0.0 0.0 0.0 0.0 0.0 0.0 0.0 0.0 0.0 0.0 0.0 0.0 0.0 0.0 0.0 0.0 0.0 0.0 0.0 0.0	0.4000 0.4632 0.5365 0.6213 0.7195 0.8332 0.9649 1.117 1.294 1.499 1.736 2.010 2.328 2.696 3.122 3.615 4.187 4.849 5.615 6.503 7.531 8.721 10.10 11.70 13.54 15.69 18.17 21.04 24.36 28.21 32.67 37.84 43.82 50.75 58.77 68.06 78.82 91.28 105.7 122.4 141.8 164.2 190.1 220.2 255.0 295.3 342.0 396.1 458.7 531.2 615.1 712.4 825.0 955.4 1106 1281 1484 1718 1990 2305 2669 3091 3580 4145 4801 5560 6439 7456 8635 1.000e4
24	Size	DOPC 15 10 24 41 EX 1mg/ml T45 3	15 October 2024 17:05:36	45.0	108.1	0.113	123.7	0.000	0.000	100.0	0.0	0.0	47.32	0.000	0.000	0.0 0.0 0.0 0.0 0.0 0.0 0.0 0.0 0.0 0.0 0.0 0.0 0.0 0.0 0.0 0.0 0.0 0.0 0.0 0.0 0.0 0.0 0.0 0.0 0.0 0.0 0.0 0.0 0.0 0.0 0.0 0.0 0.4 1.6 3.9 6.8 9.8 12.3 13.8 14.1 12.9 10.5 7.4 4.4 1.9 0.4 0.0 0.0 0.0 0.0 0.0 0.0 0.0 0.0 0.0 0.0 0.0 0.0 0.0 0.0 0.0 0.0 0.0 0.0 0.0 0.0 0.0 0.0 0.0 0.0	0.4000 0.4632 0.5365 0.6213 0.7195 0.8332 0.9649 1.117 1.294 1.499 1.736 2.010 2.328 2.696 3.122 3.615 4.187 4.849 5.615 6.503 7.531 8.721 10.10 11.70 13.54 15.69 18.17 21.04 24.36 28.21 32.67 37.84 43.82 50.75 58.77 68.06 78.82 91.28 105.7 122.4 141.8 164.2 190.1 220.2 255.0 295.3 342.0 396.1 458.7 531.2 615.1 712.4 825.0 955.4 1106 1281 1484 1718 1990 2305 2669 3091 3580 4145 4801 5560 6439 7456 8635 1.000e4
25	Size	DOPC 15 10 24 41 EX 1mg/ml T45 4	15 October 2024 17:07:58	45.0	107.9	0.108	122.3	0.000	0.000	100.0	0.0	0.0	45.02	0.000	0.000	0.0 0.0 0.0 0.0 0.0 0.0 0.0 0.0 0.0 0.0 0.0 0.0 0.0 0.0 0.0 0.0 0.0 0.0 0.0 0.0 0.0 0.0 0.0 0.0 0.0 0.0 0.0 0.0 0.0 0.0 0.0 0.0 0.0 1.1 3.6 6.9 10.3 13.1 14.6 14.5 13.0 10.3 7.0 3.9 1.5 0.2 0.0 0.0 0.0 0.0 0.0 0.0 0.0 0.0 0.0 0.0 0.0 0.0 0.0 0.0 0.0 0.0 0.0 0.0 0.0 0.0 0.0 0.0 0.0 0.0	0.4000 0.4632 0.5365 0.6213 0.7195 0.8332 0.9649 1.117 1.294 1.499 1.736 2.010 2.328 2.696 3.122 3.615 4.187 4.849 5.615 6.503 7.531 8.721 10.10 11.70 13.54 15.69 18.17 21.04 24.36 28.21 32.67 37.84 43.82 50.75 58.77 68.06 78.82 91.28 105.7 122.4 141.8 164.2 190.1 220.2 255.0 295.3 342.0 396.1 458.7 531.2 615.1 712.4 825.0 955.4 1106 1281 1484 1718 1990 2305 2669 3091 3580 4145 4801 5560 6439 7456 8635 1.000e4
26	Size	DOPC 15 10 24 41 EX 1mg/ml T45 5	15 October 2024 17:10:20	45.0	108.0	0.112	122.9	0.000	0.000	100.0	0.0	0.0	45.15	0.000	0.000	0.0 0.0 0.0 0.0 0.0 0.0 0.0 0.0 0.0 0.0 0.0 0.0 0.0 0.0 0.0 0.0 0.0 0.0 0.0 0.0 0.0 0.0 0.0 0.0 0.0 0.0 0.0 0.0 0.0 0.0 0.0 0.0 0.0 1.1 3.5 6.7 10.1 12.9 14.5 14.6 13.1 10.4 7.2 4.0 1.5 0.2 0.0 0.0 0.0 0.0 0.0 0.0 0.0 0.0 0.0 0.0 0.0 0.0 0.0 0.0 0.0 0.0 0.0 0.0 0.0 0.0 0.0 0.0 0.0 0.0	0.4000 0.4632 0.5365 0.6213 0.7195 0.8332 0.9649 1.117 1.294 1.499 1.736 2.010 2.328 2.696 3.122 3.615 4.187 4.849 5.615 6.503 7.531 8.721 10.10 11.70 13.54 15.69 18.17 21.04 24.36 28.21 32.67 37.84 43.82 50.75 58.77 68.06 78.82 91.28 105.7 122.4 141.8 164.2 190.1 220.2 255.0 295.3 342.0 396.1 458.7 531.2 615.1 712.4 825.0 955.4 1106 1281 1484 1718 1990 2305 2669 3091 3580 4145 4801 5560 6439 7456 8635 1.000e4
27	Size	DOPC 15 10 24 41 EX 1mg/ml T60 1	15 October 2024 17:44:41	60.0	108.9	0.115	124.3	0.000	0.000	100.0	0.0	0.0	47.31	0.000	0.000	0.0 0.0 0.0 0.0 0.0 0.0 0.0 0.0 0.0 0.0 0.0 0.0 0.0 0.0 0.0 0.0 0.0 0.0 0.0 0.0 0.0 0.0 0.0 0.0 0.0 0.0 0.0 0.0 0.0 0.0 0.0 0.0 0.0 0.9 3.4 6.9 10.4 13.0 14.4 14.2 12.6 10.1 7.2 4.3 2.0 0.6 0.0 0.0 0.0 0.0 0.0 0.0 0.0 0.0 0.0 0.0 0.0 0.0 0.0 0.0 0.0 0.0 0.0 0.0 0.0 0.0 0.0 0.0 0.0 0.0	0.4000 0.4632 0.5365 0.6213 0.7195 0.8332 0.9649 1.117 1.294 1.499 1.736 2.010 2.328 2.696 3.122 3.615 4.187 4.849 5.615 6.503 7.531 8.721 10.10 11.70 13.54 15.69 18.17 21.04 24.36 28.21 32.67 37.84 43.82 50.75 58.77 68.06 78.82 91.28 105.7 122.4 141.8 164.2 190.1 220.2 255.0 295.3 342.0 396.1 458.7 531.2 615.1 712.4 825.0 955.4 1106 1281 1484 1718 1990 2305 2669 3091 3580 4145 4801 5560 6439 7456 8635 1.000e4
28	Size	DOPC 15 10 24 41 EX 1mg/ml T60 2	15 October 2024 17:47:03	60.0	108.7	0.100	122.0	0.000	0.000	100.0	0.0	0.0	42.48	0.000	0.000	0.0 0.0 0.0 0.0 0.0 0.0 0.0 0.0 0.0 0.0 0.0 0.0 0.0 0.0 0.0 0.0 0.0 0.0 0.0 0.0 0.0 0.0 0.0 0.0 0.0 0.0 0.0 0.0 0.0 0.0 0.0 0.0 0.0 0.8 3.1 6.4 10.1 13.3 15.2 15.3 13.6 10.6 7.0 3.5 1.1 0.0 0.0 0.0 0.0 0.0 0.0 0.0 0.0 0.0 0.0 0.0 0.0 0.0 0.0 0.0 0.0 0.0 0.0 0.0 0.0 0.0 0.0 0.0 0.0 0.0	0.4000 0.4632 0.5365 0.6213 0.7195 0.8332 0.9649 1.117 1.294 1.499 1.736 2.010 2.328 2.696 3.122 3.615 4.187 4.849 5.615 6.503 7.531 8.721 10.10 11.70 13.54 15.69 18.17 21.04 24.36 28.21 32.67 37.84 43.82 50.75 58.77 68.06 78.82 91.28 105.7 122.4 141.8 164.2 190.1 220.2 255.0 295.3 342.0 396.1 458.7 531.2 615.1 712.4 825.0 955.4 1106 1281 1484 1718 1990 2305 2669 3091 3580 4145 4801 5560 6439 7456 8635 1.000e4
29	Size	DOPC 15 10 24 41 EX 1mg/ml T60 3	15 October 2024 17:49:26	60.0	108.3	0.113	123.2	0.000	0.000	100.0	0.0	0.0	45.29	0.000	0.000	0.0 0.0 0.0 0.0 0.0 0.0 0.0 0.0 0.0 0.0 0.0 0.0 0.0 0.0 0.0 0.0 0.0 0.0 0.0 0.0 0.0 0.0 0.0 0.0 0.0 0.0 0.0 0.0 0.0 0.0 0.0 0.0 0.0 1.0 3.4 6.7 10.2 13.0 14.6 14.6 13.1 10.4 7.2 4.0 1.6 0.3 0.0 0.0 0.0 0.0 0.0 0.0 0.0 0.0 0.0 0.0 0.0 0.0 0.0 0.0 0.0 0.0 0.0 0.0 0.0 0.0 0.0 0.0 0.0 0.0	0.4000 0.4632 0.5365 0.6213 0.7195 0.8332 0.9649 1.117 1.294 1.499 1.736 2.010 2.328 2.696 3.122 3.615 4.187 4.849 5.615 6.503 7.531 8.721 10.10 11.70 13.54 15.69 18.17 21.04 24.36 28.21 32.67 37.84 43.82 50.75 58.77 68.06 78.82 91.28 105.7 122.4 141.8 164.2 190.1 220.2 255.0 295.3 342.0 396.1 458.7 531.2 615.1 712.4 825.0 955.4 1106 1281 1484 1718 1990 2305 2669 3091 3580 4145 4801 5560 6439 7456 8635 1.000e4
30	Size	DOPC 15 10 24 41 EX 1mg/ml T60 4	15 October 2024 17:51:48	60.0	108.7	0.114	124.1	0.000	0.000	100.0	0.0	0.0	44.25	0.000	0.000	0.0 0.0 0.0 0.0 0.0 0.0 0.0 0.0 0.0 0.0 0.0 0.0 0.0 0.0 0.0 0.0 0.0 0.0 0.0 0.0 0.0 0.0 0.0 0.0 0.0 0.0 0.0 0.0 0.0 0.0 0.0 0.0 0.0 0.9 3.0 6.2 9.7 12.8 14.7 15.0 13.6 10.9 7.4 4.0 1.4 0.1 0.0 0.0 0.0 0.0 0.0 0.0 0.0 0.0 0.0 0.0 0.0 0.0 0.0 0.0 0.0 0.0 0.0 0.0 0.0 0.0 0.0 0.0 0.0 0.0	0.4000 0.4632 0.5365 0.6213 0.7195 0.8332 0.9649 1.117 1.294 1.499 1.736 2.010 2.328 2.696 3.122 3.615 4.187 4.849 5.615 6.503 7.531 8.721 10.10 11.70 13.54 15.69 18.17 21.04 24.36 28.21 32.67 37.84 43.82 50.75 58.77 68.06 78.82 91.28 105.7 122.4 141.8 164.2 190.1 220.2 255.0 295.3 342.0 396.1 458.7 531.2 615.1 712.4 825.0 955.4 1106 1281 1484 1718 1990 2305 2669 3091 3580 4145 4801 5560 6439 7456 8635 1.000e4
31	Size	DOPC 15 10 24 41 EX 1mg/ml T60 5	15 October 2024 17:54:11	60.0	109.0	0.120	125.3	0.000	0.000	100.0	0.0	0.0	48.51	0.000	0.000	0.0 0.0 0.0 0.0 0.0 0.0 0.0 0.0 0.0 0.0 0.0 0.0 0.0 0.0 0.0 0.0 0.0 0.0 0.0 0.0 0.0 0.0 0.0 0.0 0.0 0.0 0.0 0.0 0.0 0.0 0.0 0.0 0.2 1.5 3.7 6.7 9.7 12.2 13.7 13.9 12.8 10.5 7.6 4.6 2.2 0.6 0.0 0.0 0.0 0.0 0.0 0.0 0.0 0.0 0.0 0.0 0.0 0.0 0.0 0.0 0.0 0.0 0.0 0.0 0.0 0.0 0.0 0.0 0.0 0.0	0.4000 0.4632 0.5365 0.6213 0.7195 0.8332 0.9649 1.117 1.294 1.499 1.736 2.010 2.328 2.696 3.122 3.615 4.187 4.849 5.615 6.503 7.531 8.721 10.10 11.70 13.54 15.69 18.17 21.04 24.36 28.21 32.67 37.84 43.82 50.75 58.77 68.06 78.82 91.28 105.7 122.4 141.8 164.2 190.1 220.2 255.0 295.3 342.0 396.1 458.7 531.2 615.1 712.4 825.0 955.4 1106 1281 1484 1718 1990 2305 2669 3091 3580 4145 4801 5560 6439 7456 8635 1.000e4

Record	Type	Sample Name	Measurement Date and Time	T	Z-Ave	PdI	Pk 1 Mean Int	Pk 2 Mean Int	Pk 3 Mean Int	Pk 1 Area Int	Pk 2 Area Int	Pk 3 Area Int	Size Peak	Size Peak	Size Peak	Intensities	Sizes
 		 	 	Â°C	d.nm	 	d.nm	d.nm	d.nm	Percent	Percent	Percent	d.nm	d.nm	d.nm	Percent	d.nm
11	Size	DOPC:PI 31EX 1C 1mg/ml 24 10 2024 1	24 October 2024 12:23:19	25.0	101.5	0.104	111.3	0.000	0.000	100.0	0.0	0.0	35.51	0.000	0.000	0.0 0.0 0.0 0.0 0.0 0.0 0.0 0.0 0.0 0.0 0.0 0.0 0.0 0.0 0.0 0.0 0.0 0.0 0.0 0.0 0.0 0.0 0.0 0.0 0.0 0.0 0.0 0.0 0.0 0.0 0.0 0.0 0.0 0.5 3.6 8.4 13.1 16.3 17.1 15.5 12.1 7.9 4.1 1.3 0.1 0.0 0.0 0.0 0.0 0.0 0.0 0.0 0.0 0.0 0.0 0.0 0.0 0.0 0.0 0.0 0.0 0.0 0.0 0.0 0.0 0.0 0.0 0.0 0.0 0.0	0.4000 0.4632 0.5365 0.6213 0.7195 0.8332 0.9649 1.117 1.294 1.499 1.736 2.010 2.328 2.696 3.122 3.615 4.187 4.849 5.615 6.503 7.531 8.721 10.10 11.70 13.54 15.69 18.17 21.04 24.36 28.21 32.67 37.84 43.82 50.75 58.77 68.06 78.82 91.28 105.7 122.4 141.8 164.2 190.1 220.2 255.0 295.3 342.0 396.1 458.7 531.2 615.1 712.4 825.0 955.4 1106 1281 1484 1718 1990 2305 2669 3091 3580 4145 4801 5560 6439 7456 8635 1.000e4
12	Size	DOPC:PI 31EX 1C 1mg/ml 24 10 2024 1	24 October 2024 12:26:01	25.0	99.36	0.096	110.7	0.000	0.000	100.0	0.0	0.0	37.90	0.000	0.000	0.0 0.0 0.0 0.0 0.0 0.0 0.0 0.0 0.0 0.0 0.0 0.0 0.0 0.0 0.0 0.0 0.0 0.0 0.0 0.0 0.0 0.0 0.0 0.0 0.0 0.0 0.0 0.0 0.0 0.0 0.0 0.0 0.0 1.5 4.9 9.1 12.9 15.4 15.9 14.5 11.6 7.9 4.4 1.7 0.3 0.0 0.0 0.0 0.0 0.0 0.0 0.0 0.0 0.0 0.0 0.0 0.0 0.0 0.0 0.0 0.0 0.0 0.0 0.0 0.0 0.0 0.0 0.0 0.0 0.0	0.4000 0.4632 0.5365 0.6213 0.7195 0.8332 0.9649 1.117 1.294 1.499 1.736 2.010 2.328 2.696 3.122 3.615 4.187 4.849 5.615 6.503 7.531 8.721 10.10 11.70 13.54 15.69 18.17 21.04 24.36 28.21 32.67 37.84 43.82 50.75 58.77 68.06 78.82 91.28 105.7 122.4 141.8 164.2 190.1 220.2 255.0 295.3 342.0 396.1 458.7 531.2 615.1 712.4 825.0 955.4 1106 1281 1484 1718 1990 2305 2669 3091 3580 4145 4801 5560 6439 7456 8635 1.000e4
13	Size	DOPC:PI 31EX 1C 1mg/ml 24 10 2024 1	24 October 2024 12:28:44	25.0	99.18	0.092	109.6	0.000	0.000	100.0	0.0	0.0	35.49	0.000	0.000	0.0 0.0 0.0 0.0 0.0 0.0 0.0 0.0 0.0 0.0 0.0 0.0 0.0 0.0 0.0 0.0 0.0 0.0 0.0 0.0 0.0 0.0 0.0 0.0 0.0 0.0 0.0 0.0 0.0 0.0 0.0 0.0 0.0 1.2 4.5 8.9 13.2 16.0 16.6 15.1 11.8 7.7 3.9 1.1 0.0 0.0 0.0 0.0 0.0 0.0 0.0 0.0 0.0 0.0 0.0 0.0 0.0 0.0 0.0 0.0 0.0 0.0 0.0 0.0 0.0 0.0 0.0 0.0 0.0 0.0	0.4000 0.4632 0.5365 0.6213 0.7195 0.8332 0.9649 1.117 1.294 1.499 1.736 2.010 2.328 2.696 3.122 3.615 4.187 4.849 5.615 6.503 7.531 8.721 10.10 11.70 13.54 15.69 18.17 21.04 24.36 28.21 32.67 37.84 43.82 50.75 58.77 68.06 78.82 91.28 105.7 122.4 141.8 164.2 190.1 220.2 255.0 295.3 342.0 396.1 458.7 531.2 615.1 712.4 825.0 955.4 1106 1281 1484 1718 1990 2305 2669 3091 3580 4145 4801 5560 6439 7456 8635 1.000e4
14	Size	DOPC:PI 31EX 1C 1mg/ml 24 10 2024 1	24 October 2024 12:31:27	25.0	99.68	0.072	108.2	0.000	0.000	100.0	0.0	0.0	31.89	0.000	0.000	0.0 0.0 0.0 0.0 0.0 0.0 0.0 0.0 0.0 0.0 0.0 0.0 0.0 0.0 0.0 0.0 0.0 0.0 0.0 0.0 0.0 0.0 0.0 0.0 0.0 0.0 0.0 0.0 0.0 0.0 0.0 0.0 0.0 0.3 3.4 8.6 13.9 17.5 18.3 16.1 11.9 6.9 2.7 0.4 0.0 0.0 0.0 0.0 0.0 0.0 0.0 0.0 0.0 0.0 0.0 0.0 0.0 0.0 0.0 0.0 0.0 0.0 0.0 0.0 0.0 0.0 0.0 0.0 0.0 0.0	0.4000 0.4632 0.5365 0.6213 0.7195 0.8332 0.9649 1.117 1.294 1.499 1.736 2.010 2.328 2.696 3.122 3.615 4.187 4.849 5.615 6.503 7.531 8.721 10.10 11.70 13.54 15.69 18.17 21.04 24.36 28.21 32.67 37.84 43.82 50.75 58.77 68.06 78.82 91.28 105.7 122.4 141.8 164.2 190.1 220.2 255.0 295.3 342.0 396.1 458.7 531.2 615.1 712.4 825.0 955.4 1106 1281 1484 1718 1990 2305 2669 3091 3580 4145 4801 5560 6439 7456 8635 1.000e4
15	Size	DOPC:PI 31EX 1C 1mg/ml 24 10 2024 1	24 October 2024 12:34:10	25.0	99.59	0.088	109.0	0.000	0.000	100.0	0.0	0.0	33.37	0.000	0.000	0.0 0.0 0.0 0.0 0.0 0.0 0.0 0.0 0.0 0.0 0.0 0.0 0.0 0.0 0.0 0.0 0.0 0.0 0.0 0.0 0.0 0.0 0.0 0.0 0.0 0.0 0.0 0.0 0.0 0.0 0.0 0.0 0.0 0.5 3.7 8.7 13.7 17.0 17.7 15.7 11.9 7.2 3.2 0.7 0.0 0.0 0.0 0.0 0.0 0.0 0.0 0.0 0.0 0.0 0.0 0.0 0.0 0.0 0.0 0.0 0.0 0.0 0.0 0.0 0.0 0.0 0.0 0.0 0.0 0.0	0.4000 0.4632 0.5365 0.6213 0.7195 0.8332 0.9649 1.117 1.294 1.499 1.736 2.010 2.328 2.696 3.122 3.615 4.187 4.849 5.615 6.503 7.531 8.721 10.10 11.70 13.54 15.69 18.17 21.04 24.36 28.21 32.67 37.84 43.82 50.75 58.77 68.06 78.82 91.28 105.7 122.4 141.8 164.2 190.1 220.2 255.0 295.3 342.0 396.1 458.7 531.2 615.1 712.4 825.0 955.4 1106 1281 1484 1718 1990 2305 2669 3091 3580 4145 4801 5560 6439 7456 8635 1.000e4
16	Size	DPOC:PI 31EX 1.5C 1mg/ml 24 10 24 1	24 October 2024 13:13:02	25.0	99.40	0.102	111.4	0.000	0.000	100.0	0.0	0.0	38.68	0.000	0.000	0.0 0.0 0.0 0.0 0.0 0.0 0.0 0.0 0.0 0.0 0.0 0.0 0.0 0.0 0.0 0.0 0.0 0.0 0.0 0.0 0.0 0.0 0.0 0.0 0.0 0.0 0.0 0.0 0.0 0.0 0.0 0.0 0.1 1.8 5.0 8.9 12.5 15.0 15.6 14.4 11.7 8.2 4.6 1.8 0.3 0.0 0.0 0.0 0.0 0.0 0.0 0.0 0.0 0.0 0.0 0.0 0.0 0.0 0.0 0.0 0.0 0.0 0.0 0.0 0.0 0.0 0.0 0.0 0.0 0.0	0.4000 0.4632 0.5365 0.6213 0.7195 0.8332 0.9649 1.117 1.294 1.499 1.736 2.010 2.328 2.696 3.122 3.615 4.187 4.849 5.615 6.503 7.531 8.721 10.10 11.70 13.54 15.69 18.17 21.04 24.36 28.21 32.67 37.84 43.82 50.75 58.77 68.06 78.82 91.28 105.7 122.4 141.8 164.2 190.1 220.2 255.0 295.3 342.0 396.1 458.7 531.2 615.1 712.4 825.0 955.4 1106 1281 1484 1718 1990 2305 2669 3091 3580 4145 4801 5560 6439 7456 8635 1.000e4
17	Size	DPOC:PI 31EX 1.5C 1mg/ml 24 10 24 2	24 October 2024 13:15:44	25.0	100.7	0.085	110.2	0.000	0.000	100.0	0.0	0.0	33.81	0.000	0.000	0.0 0.0 0.0 0.0 0.0 0.0 0.0 0.0 0.0 0.0 0.0 0.0 0.0 0.0 0.0 0.0 0.0 0.0 0.0 0.0 0.0 0.0 0.0 0.0 0.0 0.0 0.0 0.0 0.0 0.0 0.0 0.0 0.0 0.4 3.4 8.3 13.4 16.8 17.7 15.9 12.2 7.6 3.5 0.9 0.0 0.0 0.0 0.0 0.0 0.0 0.0 0.0 0.0 0.0 0.0 0.0 0.0 0.0 0.0 0.0 0.0 0.0 0.0 0.0 0.0 0.0 0.0 0.0 0.0 0.0	0.4000 0.4632 0.5365 0.6213 0.7195 0.8332 0.9649 1.117 1.294 1.499 1.736 2.010 2.328 2.696 3.122 3.615 4.187 4.849 5.615 6.503 7.531 8.721 10.10 11.70 13.54 15.69 18.17 21.04 24.36 28.21 32.67 37.84 43.82 50.75 58.77 68.06 78.82 91.28 105.7 122.4 141.8 164.2 190.1 220.2 255.0 295.3 342.0 396.1 458.7 531.2 615.1 712.4 825.0 955.4 1106 1281 1484 1718 1990 2305 2669 3091 3580 4145 4801 5560 6439 7456 8635 1.000e4
18	Size	DPOC:PI 31EX 1.5C 1mg/ml 24 10 24 3	24 October 2024 13:18:27	25.0	100.7	0.110	114.2	0.000	0.000	100.0	0.0	0.0	41.99	0.000	0.000	0.0 0.0 0.0 0.0 0.0 0.0 0.0 0.0 0.0 0.0 0.0 0.0 0.0 0.0 0.0 0.0 0.0 0.0 0.0 0.0 0.0 0.0 0.0 0.0 0.0 0.0 0.0 0.0 0.0 0.0 0.0 0.0 0.2 2.0 5.0 8.7 11.9 14.1 14.8 13.9 11.7 8.7 5.5 2.7 0.8 0.0 0.0 0.0 0.0 0.0 0.0 0.0 0.0 0.0 0.0 0.0 0.0 0.0 0.0 0.0 0.0 0.0 0.0 0.0 0.0 0.0 0.0 0.0 0.0 0.0	0.4000 0.4632 0.5365 0.6213 0.7195 0.8332 0.9649 1.117 1.294 1.499 1.736 2.010 2.328 2.696 3.122 3.615 4.187 4.849 5.615 6.503 7.531 8.721 10.10 11.70 13.54 15.69 18.17 21.04 24.36 28.21 32.67 37.84 43.82 50.75 58.77 68.06 78.82 91.28 105.7 122.4 141.8 164.2 190.1 220.2 255.0 295.3 342.0 396.1 458.7 531.2 615.1 712.4 825.0 955.4 1106 1281 1484 1718 1990 2305 2669 3091 3580 4145 4801 5560 6439 7456 8635 1.000e4
19	Size	DPOC:PI 31EX 1.5C 1mg/ml 24 10 24 4	24 October 2024 13:21:10	25.0	100.1	0.140	114.4	0.000	0.000	100.0	0.0	0.0	44.72	0.000	0.000	0.0 0.0 0.0 0.0 0.0 0.0 0.0 0.0 0.0 0.0 0.0 0.0 0.0 0.0 0.0 0.0 0.0 0.0 0.0 0.0 0.0 0.0 0.0 0.0 0.0 0.0 0.0 0.0 0.0 0.0 0.0 0.0 0.5 2.5 5.5 9.0 11.9 13.7 14.2 13.2 11.1 8.4 5.5 3.0 1.2 0.3 0.0 0.0 0.0 0.0 0.0 0.0 0.0 0.0 0.0 0.0 0.0 0.0 0.0 0.0 0.0 0.0 0.0 0.0 0.0 0.0 0.0 0.0 0.0 0.0	0.4000 0.4632 0.5365 0.6213 0.7195 0.8332 0.9649 1.117 1.294 1.499 1.736 2.010 2.328 2.696 3.122 3.615 4.187 4.849 5.615 6.503 7.531 8.721 10.10 11.70 13.54 15.69 18.17 21.04 24.36 28.21 32.67 37.84 43.82 50.75 58.77 68.06 78.82 91.28 105.7 122.4 141.8 164.2 190.1 220.2 255.0 295.3 342.0 396.1 458.7 531.2 615.1 712.4 825.0 955.4 1106 1281 1484 1718 1990 2305 2669 3091 3580 4145 4801 5560 6439 7456 8635 1.000e4
20	Size	DPOC:PI 31EX 1.5C 1mg/ml 24 10 24 5	24 October 2024 13:23:53	25.0	101.3	0.131	118.0	0.000	0.000	100.0	0.0	0.0	48.24	0.000	0.000	0.0 0.0 0.0 0.0 0.0 0.0 0.0 0.0 0.0 0.0 0.0 0.0 0.0 0.0 0.0 0.0 0.0 0.0 0.0 0.0 0.0 0.0 0.0 0.0 0.0 0.0 0.0 0.0 0.0 0.0 0.0 0.0 0.8 2.7 5.4 8.4 11.0 12.8 13.4 12.8 11.3 9.0 6.3 3.8 1.8 0.5 0.0 0.0 0.0 0.0 0.0 0.0 0.0 0.0 0.0 0.0 0.0 0.0 0.0 0.0 0.0 0.0 0.0 0.0 0.0 0.0 0.0 0.0 0.0 0.0	0.4000 0.4632 0.5365 0.6213 0.7195 0.8332 0.9649 1.117 1.294 1.499 1.736 2.010 2.328 2.696 3.122 3.615 4.187 4.849 5.615 6.503 7.531 8.721 10.10 11.70 13.54 15.69 18.17 21.04 24.36 28.21 32.67 37.84 43.82 50.75 58.77 68.06 78.82 91.28 105.7 122.4 141.8 164.2 190.1 220.2 255.0 295.3 342.0 396.1 458.7 531.2 615.1 712.4 825.0 955.4 1106 1281 1484 1718 1990 2305 2669 3091 3580 4145 4801 5560 6439 7456 8635 1.000e4
26	Size	DOPC:PI 31EX 2C 1mg/ml 24 10 2024 1	24 October 2024 15:04:23	25.0	116.6	0.201	143.5	0.000	0.000	100.0	0.0	0.0	73.25	0.000	0.000	0.0 0.0 0.0 0.0 0.0 0.0 0.0 0.0 0.0 0.0 0.0 0.0 0.0 0.0 0.0 0.0 0.0 0.0 0.0 0.0 0.0 0.0 0.0 0.0 0.0 0.0 0.0 0.0 0.0 0.0 0.0 0.1 1.0 2.6 4.5 6.5 8.2 9.5 10.3 10.7 10.4 9.6 8.4 6.8 5.1 3.4 1.9 0.8 0.2 0.0 0.0 0.0 0.0 0.0 0.0 0.0 0.0 0.0 0.0 0.0 0.0 0.0 0.0 0.0 0.0 0.0 0.0 0.0 0.0 0.0	0.4000 0.4632 0.5365 0.6213 0.7195 0.8332 0.9649 1.117 1.294 1.499 1.736 2.010 2.328 2.696 3.122 3.615 4.187 4.849 5.615 6.503 7.531 8.721 10.10 11.70 13.54 15.69 18.17 21.04 24.36 28.21 32.67 37.84 43.82 50.75 58.77 68.06 78.82 91.28 105.7 122.4 141.8 164.2 190.1 220.2 255.0 295.3 342.0 396.1 458.7 531.2 615.1 712.4 825.0 955.4 1106 1281 1484 1718 1990 2305 2669 3091 3580 4145 4801 5560 6439 7456 8635 1.000e4
27	Size	DOPC:PI 31EX 2C 1mg/ml 24 10 2024 2	24 October 2024 15:06:55	25.0	113.4	0.201	130.6	1872	0.000	95.2	4.8	0.0	62.76	853.3	0.000	0.0 0.0 0.0 0.0 0.0 0.0 0.0 0.0 0.0 0.0 0.0 0.0 0.0 0.0 0.0 0.0 0.0 0.0 0.0 0.0 0.0 0.0 0.0 0.0 0.0 0.0 0.0 0.0 0.0 0.0 0.0 0.0 0.2 1.8 4.5 7.4 9.9 11.4 11.9 11.4 10.2 8.5 6.6 4.8 3.2 1.9 1.0 0.4 0.1 0.0 0.0 0.1 0.2 0.3 0.5 0.5 0.6 0.6 0.5 0.5 0.4 0.3 0.2 0.1 0.0 0.0 0.0 0.0 0.0 0.0	0.4000 0.4632 0.5365 0.6213 0.7195 0.8332 0.9649 1.117 1.294 1.499 1.736 2.010 2.328 2.696 3.122 3.615 4.187 4.849 5.615 6.503 7.531 8.721 10.10 11.70 13.54 15.69 18.17 21.04 24.36 28.21 32.67 37.84 43.82 50.75 58.77 68.06 78.82 91.28 105.7 122.4 141.8 164.2 190.1 220.2 255.0 295.3 342.0 396.1 458.7 531.2 615.1 712.4 825.0 955.4 1106 1281 1484 1718 1990 2305 2669 3091 3580 4145 4801 5560 6439 7456 8635 1.000e4
28	Size	DOPC:PI 31EX 2C 1mg/ml 24 10 2024 3	24 October 2024 15:09:28	25.0	115.5	0.203	146.0	0.000	0.000	100.0	0.0	0.0	77.16	0.000	0.000	0.0 0.0 0.0 0.0 0.0 0.0 0.0 0.0 0.0 0.0 0.0 0.0 0.0 0.0 0.0 0.0 0.0 0.0 0.0 0.0 0.0 0.0 0.0 0.0 0.0 0.0 0.0 0.0 0.0 0.0 0.1 0.4 1.2 2.5 4.2 6.0 7.8 9.2 10.2 10.6 10.4 9.6 8.4 6.8 5.2 3.6 2.2 1.1 0.4 0.1 0.0 0.0 0.0 0.0 0.0 0.0 0.0 0.0 0.0 0.0 0.0 0.0 0.0 0.0 0.0 0.0 0.0 0.0 0.0 0.0	0.4000 0.4632 0.5365 0.6213 0.7195 0.8332 0.9649 1.117 1.294 1.499 1.736 2.010 2.328 2.696 3.122 3.615 4.187 4.849 5.615 6.503 7.531 8.721 10.10 11.70 13.54 15.69 18.17 21.04 24.36 28.21 32.67 37.84 43.82 50.75 58.77 68.06 78.82 91.28 105.7 122.4 141.8 164.2 190.1 220.2 255.0 295.3 342.0 396.1 458.7 531.2 615.1 712.4 825.0 955.4 1106 1281 1484 1718 1990 2305 2669 3091 3580 4145 4801 5560 6439 7456 8635 1.000e4
29	Size	DOPC:PI 31EX 2C 1mg/ml 24 10 2024 4	24 October 2024 15:12:00	25.0	116.5	0.209	142.3	4100	0.000	97.6	2.4	0.0	80.45	1052	0.000	0.0 0.0 0.0 0.0 0.0 0.0 0.0 0.0 0.0 0.0 0.0 0.0 0.0 0.0 0.0 0.0 0.0 0.0 0.0 0.0 0.0 0.0 0.0 0.0 0.0 0.0 0.0 0.0 0.0 0.0 0.0 0.0 0.3 1.9 4.5 7.2 9.4 10.7 11.2 10.8 9.8 8.4 6.9 5.4 4.1 2.9 1.9 1.2 0.6 0.3 0.1 0.0 0.0 0.0 0.0 0.0 0.0 0.0 0.0 0.1 0.2 0.3 0.4 0.4 0.5 0.5 0.0 0.0 0.0 0.0	0.4000 0.4632 0.5365 0.6213 0.7195 0.8332 0.9649 1.117 1.294 1.499 1.736 2.010 2.328 2.696 3.122 3.615 4.187 4.849 5.615 6.503 7.531 8.721 10.10 11.70 13.54 15.69 18.17 21.04 24.36 28.21 32.67 37.84 43.82 50.75 58.77 68.06 78.82 91.28 105.7 122.4 141.8 164.2 190.1 220.2 255.0 295.3 342.0 396.1 458.7 531.2 615.1 712.4 825.0 955.4 1106 1281 1484 1718 1990 2305 2669 3091 3580 4145 4801 5560 6439 7456 8635 1.000e4
30	Size	DOPC:PI 31EX 2C 1mg/ml 24 10 2024 5	24 October 2024 15:14:33	25.0	117.0	0.195	143.1	0.000	0.000	100.0	0.0	0.0	72.03	0.000	0.000	0.0 0.0 0.0 0.0 0.0 0.0 0.0 0.0 0.0 0.0 0.0 0.0 0.0 0.0 0.0 0.0 0.0 0.0 0.0 0.0 0.0 0.0 0.0 0.0 0.0 0.0 0.0 0.0 0.0 0.0 0.0 0.0 0.7 2.2 4.2 6.3 8.3 9.8 10.8 11.1 10.7 9.8 8.3 6.7 4.9 3.2 1.8 0.8 0.2 0.0 0.0 0.0 0.0 0.0 0.0 0.0 0.0 0.0 0.0 0.0 0.0 0.0 0.0 0.0 0.0 0.0 0.0 0.0 0.0 0.0	0.4000 0.4632 0.5365 0.6213 0.7195 0.8332 0.9649 1.117 1.294 1.499 1.736 2.010 2.328 2.696 3.122 3.615 4.187 4.849 5.615 6.503 7.531 8.721 10.10 11.70 13.54 15.69 18.17 21.04 24.36 28.21 32.67 37.84 43.82 50.75 58.77 68.06 78.82 91.28 105.7 122.4 141.8 164.2 190.1 220.2 255.0 295.3 342.0 396.1 458.7 531.2 615.1 712.4 825.0 955.4 1106 1281 1484 1718 1990 2305 2669 3091 3580 4145 4801 5560 6439 7456 8635 1.000e4

Record	Type	Sample Name	Measurement Date and Time	T	Z-Ave	PdI	Pk 1 Mean Int	Pk 2 Mean Int	Pk 3 Mean Int	Pk 1 Area Int	Pk 2 Area Int	Pk 3 Area Int	Size Peak	Size Peak	Size Peak	Intensities	Sizes
 		 	 	Â°C	d.nm	 	d.nm	d.nm	d.nm	Percent	Percent	Percent	d.nm	d.nm	d.nm	Percent	d.nm
1	Size	DOPC:PI 31EX 0.25C 1mg/ml 29 10 24	29 October 2024 15:40:13	25.0	96.03	0.092	97.71	0.000	0.000	100.0	0.0	0.0	21.51	0.000	0.000	0.0 0.0 0.0 0.0 0.0 0.0 0.0 0.0 0.0 0.0 0.0 0.0 0.0 0.0 0.0 0.0 0.0 0.0 0.0 0.0 0.0 0.0 0.0 0.0 0.0 0.0 0.0 0.0 0.0 0.0 0.0 0.0 0.0 0.0 0.0 0.0 0.0 0.0 0.0 0.0 0.0 0.0 0.0 0.0 0.0 0.0 0.0 0.0 0.0 0.0 0.0 0.0 0.0 0.0 0.0 0.0 0.0 0.0 0.0 0.0 0.0 0.0 0.0 0.0 0.0 0.0 0.0 0.0 0.0 0.0 0.0 0.0 0.0 0.0 0.0 0.0 0.0 0.0 0.0 0.0 0.0 0.0 0.0 0.0 0.0 0.0 0.0 0.0 0.0 0.0 0.0 0.0 0.0 0.0 0.0 0.0 0.0 0.0 0.0 0.0 0.0 0.0 0.0 0.0 0.0 0.0 0.0 0.0 0.0 0.0 0.0 0.0 0.0 0.0 0.0 0.0 0.0 0.0 0.0 0.0 0.0 0.0 0.0 0.0 0.0 0.0 0.0 0.0 0.0 0.0 0.0 0.0 0.0 0.0 0.0 0.0 0.0 0.0 0.0 0.0 0.0 0.0 0.0 0.0 0.0 0.0 0.0 0.0 0.0 0.0 0.0 0.0 0.0 0.0 0.0 0.0 0.0 0.0 0.0 0.0 0.0 0.0 0.0 0.0 0.0 0.0 0.0 0.0 0.0 0.0 0.0 0.0 0.0 0.0 0.0 0.0 0.0 0.0 0.0 0.0 0.0 0.0 0.0 0.0 0.0 0.0 0.0 0.0 0.3 1.1 2.2 3.3 4.4 5.4 6.3 7.0 7.4 7.6 7.6 7.4 7.1 6.5 5.9 5.2 4.4 3.6 2.8 2.0 1.3 0.8 0.3 0.1 0.0 0.0 0.0 0.0 0.0 0.0 0.0 0.0 0.0 0.0 0.0 0.0 0.0 0.0 0.0 0.0 0.0 0.0 0.0 0.0 0.0 0.0 0.0 0.0 0.0 0.0 0.0 0.0 0.0 0.0 0.0 0.0 0.0 0.0 0.0 0.0 0.0 0.0 0.0 0.0 0.0 0.0 0.0 0.0 0.0 0.0 0.0 0.0 0.0 0.0 0.0 0.0 0.0 0.0 0.0 0.0 0.0 0.0 0.0 0.0 0.0 0.0 0.0 0.0 0.0 0.0 0.0 0.0 0.0 0.0 0.0 0.0 0.0 0.0 0.0 0.0 0.0 0.0 0.0 0.0 0.0 0.0 0.0 0.0 0.0 0.0 0.0 0.0	0.01000 0.01047 0.01097 0.01149 0.01203 0.01260 0.01319 0.01382 0.01447 0.01516 0.01587 0.01662 0.01741 0.01823 0.01910 0.02000 0.02094 0.02193 0.02297 0.02406 0.02520 0.02639 0.02764 0.02894 0.03031 0.03174 0.03325 0.03482 0.03646 0.03819 0.04000 0.04189 0.04387 0.04594 0.04811 0.05039 0.05277 0.05527 0.05788 0.06062 0.06349 0.06649 0.06963 0.07292 0.07637 0.07999 0.08377 0.08773 0.09188 0.09622 0.1008 0.1055 0.1105 0.1158 0.1212 0.1270 0.1330 0.1393 0.1458 0.1527 0.1600 0.1675 0.1754 0.1837 0.1924 0.2015 0.2111 0.2210 0.2315 0.2424 0.2539 0.2659 0.2785 0.2917 0.3055 0.3199 0.3350 0.3509 0.3675 0.3848 0.4030 0.4221 0.4421 0.4630 0.4849 0.5078 0.5318 0.5570 0.5833 0.6109 0.6398 0.6700 0.7017 0.7349 0.7696 0.8060 0.8442 0.8841 0.9259 0.9697 1.016 1.064 1.114 1.167 1.222 1.279 1.340 1.403 1.470 1.539 1.612 1.688 1.768 1.852 1.939 2.031 2.127 2.228 2.333 2.443 2.559 2.680 2.806 2.939 3.078 3.224 3.376 3.536 3.703 3.878 4.062 4.254 4.455 4.665 4.886 5.117 5.359 5.613 5.878 6.156 6.447 6.752 7.071 7.406 7.756 8.123 8.507 8.909 9.330 9.772 10.23 10.72 11.22 11.76 12.31 12.89 13.50 14.14 14.81 15.51 16.24 17.01 17.82 18.66 19.54 20.47 21.43 22.45 23.51 24.62 25.79 27.00 28.28 29.62 31.02 32.49 34.02 35.63 37.32 39.08 40.93 42.87 44.89 47.02 49.24 51.57 54.01 56.56 59.23 62.04 64.97 68.04 71.26 74.63 78.16 81.85 85.73 89.78 94.03 98.47 103.1 108.0 113.1 118.5 124.1 129.9 136.1 142.5 149.2 156.3 163.7 171.4 179.5 188.0 196.9 206.2 216.0 226.2 236.9 248.1 259.8 272.1 285.0 298.5 312.6 327.4 342.9 359.1 376.1 393.8 412.5 432.0 452.4 473.8 496.2 519.7 544.2 570.0 596.9 625.2 654.7 685.7 718.1 752.1 787.6 824.9 863.9 904.7 947.5 992.3 1039 1088 1140 1194 1250 1309 1371 1436 1504 1575 1650 1728 1809 1895 1985 2078 2177 2280 2387 2500 2619 2742 2872 3008 3150 3299 3455 3618 3790 3969 4157 4353 4559 4775 5000 5237 5484 5744 6015 6300 6598 6910 7237 7579 7937 8313 8706 9117 9548 1.000e4
2	Size	DOPC:PI 31EX 0.25C 1mg/ml 29 10 24	29 October 2024 15:43:06	25.0	95.10	0.098	93.59	0.000	0.000	100.0	0.0	0.0	14.08	0.000	0.000	0.0 0.0 0.0 0.0 0.0 0.0 0.0 0.0 0.0 0.0 0.0 0.0 0.0 0.0 0.0 0.0 0.0 0.0 0.0 0.0 0.0 0.0 0.0 0.0 0.0 0.0 0.0 0.0 0.0 0.0 0.0 0.0 0.0 0.0 0.0 0.0 0.0 0.0 0.0 0.0 0.0 0.0 0.0 0.0 0.0 0.0 0.0 0.0 0.0 0.0 0.0 0.0 0.0 0.0 0.0 0.0 0.0 0.0 0.0 0.0 0.0 0.0 0.0 0.0 0.0 0.0 0.0 0.0 0.0 0.0 0.0 0.0 0.0 0.0 0.0 0.0 0.0 0.0 0.0 0.0 0.0 0.0 0.0 0.0 0.0 0.0 0.0 0.0 0.0 0.0 0.0 0.0 0.0 0.0 0.0 0.0 0.0 0.0 0.0 0.0 0.0 0.0 0.0 0.0 0.0 0.0 0.0 0.0 0.0 0.0 0.0 0.0 0.0 0.0 0.0 0.0 0.0 0.0 0.0 0.0 0.0 0.0 0.0 0.0 0.0 0.0 0.0 0.0 0.0 0.0 0.0 0.0 0.0 0.0 0.0 0.0 0.0 0.0 0.0 0.0 0.0 0.0 0.0 0.0 0.0 0.0 0.0 0.0 0.0 0.0 0.0 0.0 0.0 0.0 0.0 0.0 0.0 0.0 0.0 0.0 0.0 0.0 0.0 0.0 0.0 0.0 0.0 0.0 0.0 0.0 0.0 0.0 0.0 0.0 0.0 0.0 0.0 0.0 0.0 0.0 0.0 0.0 0.0 0.0 0.0 0.0 0.0 0.0 0.0 0.0 0.0 1.4 3.5 5.7 7.7 9.4 10.5 11.0 10.9 10.2 9.0 7.5 5.8 4.0 2.4 1.0 0.2 0.0 0.0 0.0 0.0 0.0 0.0 0.0 0.0 0.0 0.0 0.0 0.0 0.0 0.0 0.0 0.0 0.0 0.0 0.0 0.0 0.0 0.0 0.0 0.0 0.0 0.0 0.0 0.0 0.0 0.0 0.0 0.0 0.0 0.0 0.0 0.0 0.0 0.0 0.0 0.0 0.0 0.0 0.0 0.0 0.0 0.0 0.0 0.0 0.0 0.0 0.0 0.0 0.0 0.0 0.0 0.0 0.0 0.0 0.0 0.0 0.0 0.0 0.0 0.0 0.0 0.0 0.0 0.0 0.0 0.0 0.0 0.0 0.0 0.0 0.0 0.0 0.0 0.0 0.0 0.0 0.0 0.0 0.0 0.0 0.0 0.0 0.0 0.0 0.0 0.0 0.0 0.0 0.0	0.01000 0.01047 0.01097 0.01149 0.01203 0.01260 0.01319 0.01382 0.01447 0.01516 0.01587 0.01662 0.01741 0.01823 0.01910 0.02000 0.02094 0.02193 0.02297 0.02406 0.02520 0.02639 0.02764 0.02894 0.03031 0.03174 0.03325 0.03482 0.03646 0.03819 0.04000 0.04189 0.04387 0.04594 0.04811 0.05039 0.05277 0.05527 0.05788 0.06062 0.06349 0.06649 0.06963 0.07292 0.07637 0.07999 0.08377 0.08773 0.09188 0.09622 0.1008 0.1055 0.1105 0.1158 0.1212 0.1270 0.1330 0.1393 0.1458 0.1527 0.1600 0.1675 0.1754 0.1837 0.1924 0.2015 0.2111 0.2210 0.2315 0.2424 0.2539 0.2659 0.2785 0.2917 0.3055 0.3199 0.3350 0.3509 0.3675 0.3848 0.4030 0.4221 0.4421 0.4630 0.4849 0.5078 0.5318 0.5570 0.5833 0.6109 0.6398 0.6700 0.7017 0.7349 0.7696 0.8060 0.8442 0.8841 0.9259 0.9697 1.016 1.064 1.114 1.167 1.222 1.279 1.340 1.403 1.470 1.539 1.612 1.688 1.768 1.852 1.939 2.031 2.127 2.228 2.333 2.443 2.559 2.680 2.806 2.939 3.078 3.224 3.376 3.536 3.703 3.878 4.062 4.254 4.455 4.665 4.886 5.117 5.359 5.613 5.878 6.156 6.447 6.752 7.071 7.406 7.756 8.123 8.507 8.909 9.330 9.772 10.23 10.72 11.22 11.76 12.31 12.89 13.50 14.14 14.81 15.51 16.24 17.01 17.82 18.66 19.54 20.47 21.43 22.45 23.51 24.62 25.79 27.00 28.28 29.62 31.02 32.49 34.02 35.63 37.32 39.08 40.93 42.87 44.89 47.02 49.24 51.57 54.01 56.56 59.23 62.04 64.97 68.04 71.26 74.63 78.16 81.85 85.73 89.78 94.03 98.47 103.1 108.0 113.1 118.5 124.1 129.9 136.1 142.5 149.2 156.3 163.7 171.4 179.5 188.0 196.9 206.2 216.0 226.2 236.9 248.1 259.8 272.1 285.0 298.5 312.6 327.4 342.9 359.1 376.1 393.8 412.5 432.0 452.4 473.8 496.2 519.7 544.2 570.0 596.9 625.2 654.7 685.7 718.1 752.1 787.6 824.9 863.9 904.7 947.5 992.3 1039 1088 1140 1194 1250 1309 1371 1436 1504 1575 1650 1728 1809 1895 1985 2078 2177 2280 2387 2500 2619 2742 2872 3008 3150 3299 3455 3618 3790 3969 4157 4353 4559 4775 5000 5237 5484 5744 6015 6300 6598 6910 7237 7579 7937 8313 8706 9117 9548 1.000e4
3	Size	DOPC:PI 31EX 0.25C 1mg/ml 29 10 24	29 October 2024 15:45:59	25.0	94.06	0.089	99.33	0.000	0.000	100.0	0.0	0.0	26.75	0.000	0.000	0.0 0.0 0.0 0.0 0.0 0.0 0.0 0.0 0.0 0.0 0.0 0.0 0.0 0.0 0.0 0.0 0.0 0.0 0.0 0.0 0.0 0.0 0.0 0.0 0.0 0.0 0.0 0.0 0.0 0.0 0.0 0.0 0.0 0.0 0.0 0.0 0.0 0.0 0.0 0.0 0.0 0.0 0.0 0.0 0.0 0.0 0.0 0.0 0.0 0.0 0.0 0.0 0.0 0.0 0.0 0.0 0.0 0.0 0.0 0.0 0.0 0.0 0.0 0.0 0.0 0.0 0.0 0.0 0.0 0.0 0.0 0.0 0.0 0.0 0.0 0.0 0.0 0.0 0.0 0.0 0.0 0.0 0.0 0.0 0.0 0.0 0.0 0.0 0.0 0.0 0.0 0.0 0.0 0.0 0.0 0.0 0.0 0.0 0.0 0.0 0.0 0.0 0.0 0.0 0.0 0.0 0.0 0.0 0.0 0.0 0.0 0.0 0.0 0.0 0.0 0.0 0.0 0.0 0.0 0.0 0.0 0.0 0.0 0.0 0.0 0.0 0.0 0.0 0.0 0.0 0.0 0.0 0.0 0.0 0.0 0.0 0.0 0.0 0.0 0.0 0.0 0.0 0.0 0.0 0.0 0.0 0.0 0.0 0.0 0.0 0.0 0.0 0.0 0.0 0.0 0.0 0.0 0.0 0.0 0.0 0.0 0.0 0.0 0.0 0.0 0.0 0.0 0.0 0.0 0.0 0.0 0.0 0.0 0.0 0.0 0.0 0.0 0.0 0.0 0.0 0.0 0.0 0.0 0.0 0.0 0.0 0.1 0.6 1.3 2.2 3.1 3.9 4.7 5.4 5.9 6.2 6.4 6.5 6.4 6.2 5.9 5.6 5.1 4.6 4.1 3.6 3.1 2.6 2.1 1.6 1.2 0.8 0.5 0.3 0.1 0.0 0.0 0.0 0.0 0.0 0.0 0.0 0.0 0.0 0.0 0.0 0.0 0.0 0.0 0.0 0.0 0.0 0.0 0.0 0.0 0.0 0.0 0.0 0.0 0.0 0.0 0.0 0.0 0.0 0.0 0.0 0.0 0.0 0.0 0.0 0.0 0.0 0.0 0.0 0.0 0.0 0.0 0.0 0.0 0.0 0.0 0.0 0.0 0.0 0.0 0.0 0.0 0.0 0.0 0.0 0.0 0.0 0.0 0.0 0.0 0.0 0.0 0.0 0.0 0.0 0.0 0.0 0.0 0.0 0.0 0.0 0.0 0.0 0.0 0.0 0.0 0.0 0.0 0.0 0.0 0.0 0.0 0.0 0.0 0.0	0.01000 0.01047 0.01097 0.01149 0.01203 0.01260 0.01319 0.01382 0.01447 0.01516 0.01587 0.01662 0.01741 0.01823 0.01910 0.02000 0.02094 0.02193 0.02297 0.02406 0.02520 0.02639 0.02764 0.02894 0.03031 0.03174 0.03325 0.03482 0.03646 0.03819 0.04000 0.04189 0.04387 0.04594 0.04811 0.05039 0.05277 0.05527 0.05788 0.06062 0.06349 0.06649 0.06963 0.07292 0.07637 0.07999 0.08377 0.08773 0.09188 0.09622 0.1008 0.1055 0.1105 0.1158 0.1212 0.1270 0.1330 0.1393 0.1458 0.1527 0.1600 0.1675 0.1754 0.1837 0.1924 0.2015 0.2111 0.2210 0.2315 0.2424 0.2539 0.2659 0.2785 0.2917 0.3055 0.3199 0.3350 0.3509 0.3675 0.3848 0.4030 0.4221 0.4421 0.4630 0.4849 0.5078 0.5318 0.5570 0.5833 0.6109 0.6398 0.6700 0.7017 0.7349 0.7696 0.8060 0.8442 0.8841 0.9259 0.9697 1.016 1.064 1.114 1.167 1.222 1.279 1.340 1.403 1.470 1.539 1.612 1.688 1.768 1.852 1.939 2.031 2.127 2.228 2.333 2.443 2.559 2.680 2.806 2.939 3.078 3.224 3.376 3.536 3.703 3.878 4.062 4.254 4.455 4.665 4.886 5.117 5.359 5.613 5.878 6.156 6.447 6.752 7.071 7.406 7.756 8.123 8.507 8.909 9.330 9.772 10.23 10.72 11.22 11.76 12.31 12.89 13.50 14.14 14.81 15.51 16.24 17.01 17.82 18.66 19.54 20.47 21.43 22.45 23.51 24.62 25.79 27.00 28.28 29.62 31.02 32.49 34.02 35.63 37.32 39.08 40.93 42.87 44.89 47.02 49.24 51.57 54.01 56.56 59.23 62.04 64.97 68.04 71.26 74.63 78.16 81.85 85.73 89.78 94.03 98.47 103.1 108.0 113.1 118.5 124.1 129.9 136.1 142.5 149.2 156.3 163.7 171.4 179.5 188.0 196.9 206.2 216.0 226.2 236.9 248.1 259.8 272.1 285.0 298.5 312.6 327.4 342.9 359.1 376.1 393.8 412.5 432.0 452.4 473.8 496.2 519.7 544.2 570.0 596.9 625.2 654.7 685.7 718.1 752.1 787.6 824.9 863.9 904.7 947.5 992.3 1039 1088 1140 1194 1250 1309 1371 1436 1504 1575 1650 1728 1809 1895 1985 2078 2177 2280 2387 2500 2619 2742 2872 3008 3150 3299 3455 3618 3790 3969 4157 4353 4559 4775 5000 5237 5484 5744 6015 6300 6598 6910 7237 7579 7937 8313 8706 9117 9548 1.000e4
4	Size	DOPC:PI 31EX 0.25C 1mg/ml 29 10 24	29 October 2024 15:48:52	25.0	94.73	0.081	96.70	724.6	0.000	96.5	3.5	0.0	22.66	160.2	0.000	0.0 0.0 0.0 0.0 0.0 0.0 0.0 0.0 0.0 0.0 0.0 0.0 0.0 0.0 0.0 0.0 0.0 0.0 0.0 0.0 0.0 0.0 0.0 0.0 0.0 0.0 0.0 0.0 0.0 0.0 0.0 0.0 0.0 0.0 0.0 0.0 0.0 0.0 0.0 0.0 0.0 0.0 0.0 0.0 0.0 0.0 0.0 0.0 0.0 0.0 0.0 0.0 0.0 0.0 0.0 0.0 0.0 0.0 0.0 0.0 0.0 0.0 0.0 0.0 0.0 0.0 0.0 0.0 0.0 0.0 0.0 0.0 0.0 0.0 0.0 0.0 0.0 0.0 0.0 0.0 0.0 0.0 0.0 0.0 0.0 0.0 0.0 0.0 0.0 0.0 0.0 0.0 0.0 0.0 0.0 0.0 0.0 0.0 0.0 0.0 0.0 0.0 0.0 0.0 0.0 0.0 0.0 0.0 0.0 0.0 0.0 0.0 0.0 0.0 0.0 0.0 0.0 0.0 0.0 0.0 0.0 0.0 0.0 0.0 0.0 0.0 0.0 0.0 0.0 0.0 0.0 0.0 0.0 0.0 0.0 0.0 0.0 0.0 0.0 0.0 0.0 0.0 0.0 0.0 0.0 0.0 0.0 0.0 0.0 0.0 0.0 0.0 0.0 0.0 0.0 0.0 0.0 0.0 0.0 0.0 0.0 0.0 0.0 0.0 0.0 0.0 0.0 0.0 0.0 0.0 0.0 0.0 0.0 0.0 0.0 0.0 0.0 0.0 0.0 0.0 0.0 0.0 0.0 0.0 0.0 0.0 0.0 0.0 0.6 1.5 2.6 3.8 4.8 5.7 6.4 6.9 7.1 7.2 7.0 6.7 6.3 5.7 5.1 4.5 3.8 3.1 2.5 1.9 1.4 0.9 0.6 0.3 0.1 0.0 0.0 0.0 0.0 0.0 0.0 0.0 0.0 0.0 0.0 0.0 0.0 0.0 0.0 0.0 0.0 0.0 0.0 0.0 0.0 0.1 0.1 0.1 0.2 0.2 0.2 0.2 0.3 0.3 0.3 0.3 0.2 0.2 0.2 0.2 0.1 0.1 0.1 0.1 0.0 0.0 0.0 0.0 0.0 0.0 0.0 0.0 0.0 0.0 0.0 0.0 0.0 0.0 0.0 0.0 0.0 0.0 0.0 0.0 0.0 0.0 0.0 0.0 0.0 0.0 0.0 0.0 0.0 0.0 0.0 0.0 0.0 0.0 0.0 0.0 0.0 0.0 0.0 0.0 0.0 0.0 0.0 0.0 0.0 0.0 0.0 0.0	0.01000 0.01047 0.01097 0.01149 0.01203 0.01260 0.01319 0.01382 0.01447 0.01516 0.01587 0.01662 0.01741 0.01823 0.01910 0.02000 0.02094 0.02193 0.02297 0.02406 0.02520 0.02639 0.02764 0.02894 0.03031 0.03174 0.03325 0.03482 0.03646 0.03819 0.04000 0.04189 0.04387 0.04594 0.04811 0.05039 0.05277 0.05527 0.05788 0.06062 0.06349 0.06649 0.06963 0.07292 0.07637 0.07999 0.08377 0.08773 0.09188 0.09622 0.1008 0.1055 0.1105 0.1158 0.1212 0.1270 0.1330 0.1393 0.1458 0.1527 0.1600 0.1675 0.1754 0.1837 0.1924 0.2015 0.2111 0.2210 0.2315 0.2424 0.2539 0.2659 0.2785 0.2917 0.3055 0.3199 0.3350 0.3509 0.3675 0.3848 0.4030 0.4221 0.4421 0.4630 0.4849 0.5078 0.5318 0.5570 0.5833 0.6109 0.6398 0.6700 0.7017 0.7349 0.7696 0.8060 0.8442 0.8841 0.9259 0.9697 1.016 1.064 1.114 1.167 1.222 1.279 1.340 1.403 1.470 1.539 1.612 1.688 1.768 1.852 1.939 2.031 2.127 2.228 2.333 2.443 2.559 2.680 2.806 2.939 3.078 3.224 3.376 3.536 3.703 3.878 4.062 4.254 4.455 4.665 4.886 5.117 5.359 5.613 5.878 6.156 6.447 6.752 7.071 7.406 7.756 8.123 8.507 8.909 9.330 9.772 10.23 10.72 11.22 11.76 12.31 12.89 13.50 14.14 14.81 15.51 16.24 17.01 17.82 18.66 19.54 20.47 21.43 22.45 23.51 24.62 25.79 27.00 28.28 29.62 31.02 32.49 34.02 35.63 37.32 39.08 40.93 42.87 44.89 47.02 49.24 51.57 54.01 56.56 59.23 62.04 64.97 68.04 71.26 74.63 78.16 81.85 85.73 89.78 94.03 98.47 103.1 108.0 113.1 118.5 124.1 129.9 136.1 142.5 149.2 156.3 163.7 171.4 179.5 188.0 196.9 206.2 216.0 226.2 236.9 248.1 259.8 272.1 285.0 298.5 312.6 327.4 342.9 359.1 376.1 393.8 412.5 432.0 452.4 473.8 496.2 519.7 544.2 570.0 596.9 625.2 654.7 685.7 718.1 752.1 787.6 824.9 863.9 904.7 947.5 992.3 1039 1088 1140 1194 1250 1309 1371 1436 1504 1575 1650 1728 1809 1895 1985 2078 2177 2280 2387 2500 2619 2742 2872 3008 3150 3299 3455 3618 3790 3969 4157 4353 4559 4775 5000 5237 5484 5744 6015 6300 6598 6910 7237 7579 7937 8313 8706 9117 9548 1.000e4
5	Size	DOPC:PI 31EX 0.25C 1mg/ml 29 10 24	29 October 2024 15:51:45	25.0	93.58	0.092	98.83	0.000	0.000	100.0	0.0	0.0	26.93	0.000	0.000	0.0 0.0 0.0 0.0 0.0 0.0 0.0 0.0 0.0 0.0 0.0 0.0 0.0 0.0 0.0 0.0 0.0 0.0 0.0 0.0 0.0 0.0 0.0 0.0 0.0 0.0 0.0 0.0 0.0 0.0 0.0 0.0 0.0 0.0 0.0 0.0 0.0 0.0 0.0 0.0 0.0 0.0 0.0 0.0 0.0 0.0 0.0 0.0 0.0 0.0 0.0 0.0 0.0 0.0 0.0 0.0 0.0 0.0 0.0 0.0 0.0 0.0 0.0 0.0 0.0 0.0 0.0 0.0 0.0 0.0 0.0 0.0 0.0 0.0 0.0 0.0 0.0 0.0 0.0 0.0 0.0 0.0 0.0 0.0 0.0 0.0 0.0 0.0 0.0 0.0 0.0 0.0 0.0 0.0 0.0 0.0 0.0 0.0 0.0 0.0 0.0 0.0 0.0 0.0 0.0 0.0 0.0 0.0 0.0 0.0 0.0 0.0 0.0 0.0 0.0 0.0 0.0 0.0 0.0 0.0 0.0 0.0 0.0 0.0 0.0 0.0 0.0 0.0 0.0 0.0 0.0 0.0 0.0 0.0 0.0 0.0 0.0 0.0 0.0 0.0 0.0 0.0 0.0 0.0 0.0 0.0 0.0 0.0 0.0 0.0 0.0 0.0 0.0 0.0 0.0 0.0 0.0 0.0 0.0 0.0 0.0 0.0 0.0 0.0 0.0 0.0 0.0 0.0 0.0 0.0 0.0 0.0 0.0 0.0 0.0 0.0 0.0 0.0 0.0 0.0 0.0 0.0 0.0 0.0 0.0 0.2 0.6 1.2 1.8 2.5 3.2 3.8 4.5 5.0 5.4 5.8 6.0 6.1 6.1 6.0 5.9 5.6 5.2 4.8 4.3 3.8 3.3 2.7 2.2 1.6 1.2 0.7 0.4 0.2 0.0 0.0 0.0 0.0 0.0 0.0 0.0 0.0 0.0 0.0 0.0 0.0 0.0 0.0 0.0 0.0 0.0 0.0 0.0 0.0 0.0 0.0 0.0 0.0 0.0 0.0 0.0 0.0 0.0 0.0 0.0 0.0 0.0 0.0 0.0 0.0 0.0 0.0 0.0 0.0 0.0 0.0 0.0 0.0 0.0 0.0 0.0 0.0 0.0 0.0 0.0 0.0 0.0 0.0 0.0 0.0 0.0 0.0 0.0 0.0 0.0 0.0 0.0 0.0 0.0 0.0 0.0 0.0 0.0 0.0 0.0 0.0 0.0 0.0 0.0 0.0 0.0 0.0 0.0 0.0 0.0 0.0 0.0 0.0 0.0 0.0	0.01000 0.01047 0.01097 0.01149 0.01203 0.01260 0.01319 0.01382 0.01447 0.01516 0.01587 0.01662 0.01741 0.01823 0.01910 0.02000 0.02094 0.02193 0.02297 0.02406 0.02520 0.02639 0.02764 0.02894 0.03031 0.03174 0.03325 0.03482 0.03646 0.03819 0.04000 0.04189 0.04387 0.04594 0.04811 0.05039 0.05277 0.05527 0.05788 0.06062 0.06349 0.06649 0.06963 0.07292 0.07637 0.07999 0.08377 0.08773 0.09188 0.09622 0.1008 0.1055 0.1105 0.1158 0.1212 0.1270 0.1330 0.1393 0.1458 0.1527 0.1600 0.1675 0.1754 0.1837 0.1924 0.2015 0.2111 0.2210 0.2315 0.2424 0.2539 0.2659 0.2785 0.2917 0.3055 0.3199 0.3350 0.3509 0.3675 0.3848 0.4030 0.4221 0.4421 0.4630 0.4849 0.5078 0.5318 0.5570 0.5833 0.6109 0.6398 0.6700 0.7017 0.7349 0.7696 0.8060 0.8442 0.8841 0.9259 0.9697 1.016 1.064 1.114 1.167 1.222 1.279 1.340 1.403 1.470 1.539 1.612 1.688 1.768 1.852 1.939 2.031 2.127 2.228 2.333 2.443 2.559 2.680 2.806 2.939 3.078 3.224 3.376 3.536 3.703 3.878 4.062 4.254 4.455 4.665 4.886 5.117 5.359 5.613 5.878 6.156 6.447 6.752 7.071 7.406 7.756 8.123 8.507 8.909 9.330 9.772 10.23 10.72 11.22 11.76 12.31 12.89 13.50 14.14 14.81 15.51 16.24 17.01 17.82 18.66 19.54 20.47 21.43 22.45 23.51 24.62 25.79 27.00 28.28 29.62 31.02 32.49 34.02 35.63 37.32 39.08 40.93 42.87 44.89 47.02 49.24 51.57 54.01 56.56 59.23 62.04 64.97 68.04 71.26 74.63 78.16 81.85 85.73 89.78 94.03 98.47 103.1 108.0 113.1 118.5 124.1 129.9 136.1 142.5 149.2 156.3 163.7 171.4 179.5 188.0 196.9 206.2 216.0 226.2 236.9 248.1 259.8 272.1 285.0 298.5 312.6 327.4 342.9 359.1 376.1 393.8 412.5 432.0 452.4 473.8 496.2 519.7 544.2 570.0 596.9 625.2 654.7 685.7 718.1 752.1 787.6 824.9 863.9 904.7 947.5 992.3 1039 1088 1140 1194 1250 1309 1371 1436 1504 1575 1650 1728 1809 1895 1985 2078 2177 2280 2387 2500 2619 2742 2872 3008 3150 3299 3455 3618 3790 3969 4157 4353 4559 4775 5000 5237 5484 5744 6015 6300 6598 6910 7237 7579 7937 8313 8706 9117 9548 1.000e4
9	Size	DOPC:PI 31EX 0.5C 1mg/ml 29 10 24 1	29 October 2024 16:19:14	25.0	98.03	0.100	107.9	0.000	0.000	100.0	0.0	0.0	34.78	0.000	0.000	0.0 0.0 0.0 0.0 0.0 0.0 0.0 0.0 0.0 0.0 0.0 0.0 0.0 0.0 0.0 0.0 0.0 0.0 0.0 0.0 0.0 0.0 0.0 0.0 0.0 0.0 0.0 0.0 0.0 0.0 0.0 0.0 0.0 1.1 4.7 9.6 14.0 16.6 16.8 14.7 11.1 7.1 3.5 1.0 0.0 0.0 0.0 0.0 0.0 0.0 0.0 0.0 0.0 0.0 0.0 0.0 0.0 0.0 0.0 0.0 0.0 0.0 0.0 0.0 0.0 0.0 0.0 0.0 0.0 0.0	0.4000 0.4632 0.5365 0.6213 0.7195 0.8332 0.9649 1.117 1.294 1.499 1.736 2.010 2.328 2.696 3.122 3.615 4.187 4.849 5.615 6.503 7.531 8.721 10.10 11.70 13.54 15.69 18.17 21.04 24.36 28.21 32.67 37.84 43.82 50.75 58.77 68.06 78.82 91.28 105.7 122.4 141.8 164.2 190.1 220.2 255.0 295.3 342.0 396.1 458.7 531.2 615.1 712.4 825.0 955.4 1106 1281 1484 1718 1990 2305 2669 3091 3580 4145 4801 5560 6439 7456 8635 1.000e4
10	Size	DOPC:PI 31EX 0.5C 1mg/ml 29 10 24 2	29 October 2024 16:22:07	25.0	97.18	0.120	112.0	0.000	0.000	100.0	0.0	0.0	44.44	0.000	0.000	0.0 0.0 0.0 0.0 0.0 0.0 0.0 0.0 0.0 0.0 0.0 0.0 0.0 0.0 0.0 0.0 0.0 0.0 0.0 0.0 0.0 0.0 0.0 0.0 0.0 0.0 0.0 0.0 0.0 0.0 0.0 0.0 0.9 3.2 6.2 9.4 12.0 13.6 13.8 12.8 10.7 8.1 5.3 2.8 1.1 0.2 0.0 0.0 0.0 0.0 0.0 0.0 0.0 0.0 0.0 0.0 0.0 0.0 0.0 0.0 0.0 0.0 0.0 0.0 0.0 0.0 0.0 0.0 0.0 0.0	0.4000 0.4632 0.5365 0.6213 0.7195 0.8332 0.9649 1.117 1.294 1.499 1.736 2.010 2.328 2.696 3.122 3.615 4.187 4.849 5.615 6.503 7.531 8.721 10.10 11.70 13.54 15.69 18.17 21.04 24.36 28.21 32.67 37.84 43.82 50.75 58.77 68.06 78.82 91.28 105.7 122.4 141.8 164.2 190.1 220.2 255.0 295.3 342.0 396.1 458.7 531.2 615.1 712.4 825.0 955.4 1106 1281 1484 1718 1990 2305 2669 3091 3580 4145 4801 5560 6439 7456 8635 1.000e4
11	Size	DOPC:PI 31EX 0.5C 1mg/ml 29 10 24 3	29 October 2024 16:24:59	25.0	97.64	0.090	107.4	0.000	0.000	100.0	0.0	0.0	34.17	0.000	0.000	0.0 0.0 0.0 0.0 0.0 0.0 0.0 0.0 0.0 0.0 0.0 0.0 0.0 0.0 0.0 0.0 0.0 0.0 0.0 0.0 0.0 0.0 0.0 0.0 0.0 0.0 0.0 0.0 0.0 0.0 0.0 0.0 0.0 1.0 4.6 9.6 14.1 16.8 17.0 14.8 11.1 6.9 3.2 0.9 0.0 0.0 0.0 0.0 0.0 0.0 0.0 0.0 0.0 0.0 0.0 0.0 0.0 0.0 0.0 0.0 0.0 0.0 0.0 0.0 0.0 0.0 0.0 0.0 0.0 0.0	0.4000 0.4632 0.5365 0.6213 0.7195 0.8332 0.9649 1.117 1.294 1.499 1.736 2.010 2.328 2.696 3.122 3.615 4.187 4.849 5.615 6.503 7.531 8.721 10.10 11.70 13.54 15.69 18.17 21.04 24.36 28.21 32.67 37.84 43.82 50.75 58.77 68.06 78.82 91.28 105.7 122.4 141.8 164.2 190.1 220.2 255.0 295.3 342.0 396.1 458.7 531.2 615.1 712.4 825.0 955.4 1106 1281 1484 1718 1990 2305 2669 3091 3580 4145 4801 5560 6439 7456 8635 1.000e4
12	Size	DOPC:PI 31EX 0.5C 1mg/ml 29 10 24 4	29 October 2024 16:27:52	25.0	96.92	0.119	106.5	0.000	0.000	100.0	0.0	0.0	34.83	0.000	0.000	0.0 0.0 0.0 0.0 0.0 0.0 0.0 0.0 0.0 0.0 0.0 0.0 0.0 0.0 0.0 0.0 0.0 0.0 0.0 0.0 0.0 0.0 0.0 0.0 0.0 0.0 0.0 0.0 0.0 0.0 0.0 0.0 0.0 1.5 5.3 10.1 14.2 16.5 16.4 14.3 10.7 6.8 3.3 1.0 0.0 0.0 0.0 0.0 0.0 0.0 0.0 0.0 0.0 0.0 0.0 0.0 0.0 0.0 0.0 0.0 0.0 0.0 0.0 0.0 0.0 0.0 0.0 0.0 0.0 0.0	0.4000 0.4632 0.5365 0.6213 0.7195 0.8332 0.9649 1.117 1.294 1.499 1.736 2.010 2.328 2.696 3.122 3.615 4.187 4.849 5.615 6.503 7.531 8.721 10.10 11.70 13.54 15.69 18.17 21.04 24.36 28.21 32.67 37.84 43.82 50.75 58.77 68.06 78.82 91.28 105.7 122.4 141.8 164.2 190.1 220.2 255.0 295.3 342.0 396.1 458.7 531.2 615.1 712.4 825.0 955.4 1106 1281 1484 1718 1990 2305 2669 3091 3580 4145 4801 5560 6439 7456 8635 1.000e4
13	Size	DOPC:PI 31EX 0.5C 1mg/ml 29 10 24 5	29 October 2024 16:30:45	25.0	97.69	0.116	107.8	0.000	0.000	100.0	0.0	0.0	36.33	0.000	0.000	0.0 0.0 0.0 0.0 0.0 0.0 0.0 0.0 0.0 0.0 0.0 0.0 0.0 0.0 0.0 0.0 0.0 0.0 0.0 0.0 0.0 0.0 0.0 0.0 0.0 0.0 0.0 0.0 0.0 0.0 0.0 0.0 0.0 1.7 5.4 9.8 13.7 15.9 16.0 14.2 10.9 7.2 3.7 1.3 0.1 0.0 0.0 0.0 0.0 0.0 0.0 0.0 0.0 0.0 0.0 0.0 0.0 0.0 0.0 0.0 0.0 0.0 0.0 0.0 0.0 0.0 0.0 0.0 0.0 0.0	0.4000 0.4632 0.5365 0.6213 0.7195 0.8332 0.9649 1.117 1.294 1.499 1.736 2.010 2.328 2.696 3.122 3.615 4.187 4.849 5.615 6.503 7.531 8.721 10.10 11.70 13.54 15.69 18.17 21.04 24.36 28.21 32.67 37.84 43.82 50.75 58.77 68.06 78.82 91.28 105.7 122.4 141.8 164.2 190.1 220.2 255.0 295.3 342.0 396.1 458.7 531.2 615.1 712.4 825.0 955.4 1106 1281 1484 1718 1990 2305 2669 3091 3580 4145 4801 5560 6439 7456 8635 1.000e4
17	Size	DOPC:PI 31EX 3C 1mg/ml 29 10 24 1	29 October 2024 17:06:25	25.0	101.6	0.090	112.8	0.000	0.000	100.0	0.0	0.0	37.22	0.000	0.000	0.0 0.0 0.0 0.0 0.0 0.0 0.0 0.0 0.0 0.0 0.0 0.0 0.0 0.0 0.0 0.0 0.0 0.0 0.0 0.0 0.0 0.0 0.0 0.0 0.0 0.0 0.0 0.0 0.0 0.0 0.0 0.0 0.0 1.2 4.1 8.1 12.2 15.2 16.3 15.3 12.5 8.7 4.7 1.6 0.1 0.0 0.0 0.0 0.0 0.0 0.0 0.0 0.0 0.0 0.0 0.0 0.0 0.0 0.0 0.0 0.0 0.0 0.0 0.0 0.0 0.0 0.0 0.0 0.0 0.0	0.4000 0.4632 0.5365 0.6213 0.7195 0.8332 0.9649 1.117 1.294 1.499 1.736 2.010 2.328 2.696 3.122 3.615 4.187 4.849 5.615 6.503 7.531 8.721 10.10 11.70 13.54 15.69 18.17 21.04 24.36 28.21 32.67 37.84 43.82 50.75 58.77 68.06 78.82 91.28 105.7 122.4 141.8 164.2 190.1 220.2 255.0 295.3 342.0 396.1 458.7 531.2 615.1 712.4 825.0 955.4 1106 1281 1484 1718 1990 2305 2669 3091 3580 4145 4801 5560 6439 7456 8635 1.000e4
18	Size	DOPC:PI 31EX 3C 1mg/ml 29 10 24 2	29 October 2024 17:08:37	25.0	102.6	0.097	114.7	0.000	0.000	100.0	0.0	0.0	39.64	0.000	0.000	0.0 0.0 0.0 0.0 0.0 0.0 0.0 0.0 0.0 0.0 0.0 0.0 0.0 0.0 0.0 0.0 0.0 0.0 0.0 0.0 0.0 0.0 0.0 0.0 0.0 0.0 0.0 0.0 0.0 0.0 0.0 0.0 0.0 1.2 4.1 8.1 12.0 14.8 15.8 14.9 12.4 8.9 5.2 2.3 0.5 0.0 0.0 0.0 0.0 0.0 0.0 0.0 0.0 0.0 0.0 0.0 0.0 0.0 0.0 0.0 0.0 0.0 0.0 0.0 0.0 0.0 0.0 0.0 0.0 0.0	0.4000 0.4632 0.5365 0.6213 0.7195 0.8332 0.9649 1.117 1.294 1.499 1.736 2.010 2.328 2.696 3.122 3.615 4.187 4.849 5.615 6.503 7.531 8.721 10.10 11.70 13.54 15.69 18.17 21.04 24.36 28.21 32.67 37.84 43.82 50.75 58.77 68.06 78.82 91.28 105.7 122.4 141.8 164.2 190.1 220.2 255.0 295.3 342.0 396.1 458.7 531.2 615.1 712.4 825.0 955.4 1106 1281 1484 1718 1990 2305 2669 3091 3580 4145 4801 5560 6439 7456 8635 1.000e4
19	Size	DOPC:PI 31EX 3C 1mg/ml 29 10 24 3	29 October 2024 17:10:49	25.0	102.8	0.103	115.8	0.000	0.000	100.0	0.0	0.0	41.55	0.000	0.000	0.0 0.0 0.0 0.0 0.0 0.0 0.0 0.0 0.0 0.0 0.0 0.0 0.0 0.0 0.0 0.0 0.0 0.0 0.0 0.0 0.0 0.0 0.0 0.0 0.0 0.0 0.0 0.0 0.0 0.0 0.0 0.0 0.0 1.4 4.4 8.2 11.8 14.2 15.1 14.4 12.1 9.0 5.7 2.8 0.8 0.0 0.0 0.0 0.0 0.0 0.0 0.0 0.0 0.0 0.0 0.0 0.0 0.0 0.0 0.0 0.0 0.0 0.0 0.0 0.0 0.0 0.0 0.0 0.0 0.0	0.4000 0.4632 0.5365 0.6213 0.7195 0.8332 0.9649 1.117 1.294 1.499 1.736 2.010 2.328 2.696 3.122 3.615 4.187 4.849 5.615 6.503 7.531 8.721 10.10 11.70 13.54 15.69 18.17 21.04 24.36 28.21 32.67 37.84 43.82 50.75 58.77 68.06 78.82 91.28 105.7 122.4 141.8 164.2 190.1 220.2 255.0 295.3 342.0 396.1 458.7 531.2 615.1 712.4 825.0 955.4 1106 1281 1484 1718 1990 2305 2669 3091 3580 4145 4801 5560 6439 7456 8635 1.000e4
20	Size	DOPC:PI 31EX 3C 1mg/ml 29 10 24 4	29 October 2024 17:13:02	25.0	103.2	0.112	116.3	0.000	0.000	100.0	0.0	0.0	41.30	0.000	0.000	0.0 0.0 0.0 0.0 0.0 0.0 0.0 0.0 0.0 0.0 0.0 0.0 0.0 0.0 0.0 0.0 0.0 0.0 0.0 0.0 0.0 0.0 0.0 0.0 0.0 0.0 0.0 0.0 0.0 0.0 0.0 0.0 0.0 1.2 4.1 8.0 11.8 14.4 15.4 14.6 12.3 9.1 5.7 2.8 0.8 0.0 0.0 0.0 0.0 0.0 0.0 0.0 0.0 0.0 0.0 0.0 0.0 0.0 0.0 0.0 0.0 0.0 0.0 0.0 0.0 0.0 0.0 0.0 0.0 0.0	0.4000 0.4632 0.5365 0.6213 0.7195 0.8332 0.9649 1.117 1.294 1.499 1.736 2.010 2.328 2.696 3.122 3.615 4.187 4.849 5.615 6.503 7.531 8.721 10.10 11.70 13.54 15.69 18.17 21.04 24.36 28.21 32.67 37.84 43.82 50.75 58.77 68.06 78.82 91.28 105.7 122.4 141.8 164.2 190.1 220.2 255.0 295.3 342.0 396.1 458.7 531.2 615.1 712.4 825.0 955.4 1106 1281 1484 1718 1990 2305 2669 3091 3580 4145 4801 5560 6439 7456 8635 1.000e4
21	Size	DOPC:PI 31EX 3C 1mg/ml 29 10 24 5	29 October 2024 17:15:14	25.0	102.4	0.093	114.5	0.000	0.000	100.0	0.0	0.0	39.88	0.000	0.000	0.0 0.0 0.0 0.0 0.0 0.0 0.0 0.0 0.0 0.0 0.0 0.0 0.0 0.0 0.0 0.0 0.0 0.0 0.0 0.0 0.0 0.0 0.0 0.0 0.0 0.0 0.0 0.0 0.0 0.0 0.0 0.0 0.0 1.3 4.3 8.2 12.0 14.7 15.6 14.7 12.3 8.8 5.3 2.3 0.5 0.0 0.0 0.0 0.0 0.0 0.0 0.0 0.0 0.0 0.0 0.0 0.0 0.0 0.0 0.0 0.0 0.0 0.0 0.0 0.0 0.0 0.0 0.0 0.0 0.0	0.4000 0.4632 0.5365 0.6213 0.7195 0.8332 0.9649 1.117 1.294 1.499 1.736 2.010 2.328 2.696 3.122 3.615 4.187 4.849 5.615 6.503 7.531 8.721 10.10 11.70 13.54 15.69 18.17 21.04 24.36 28.21 32.67 37.84 43.82 50.75 58.77 68.06 78.82 91.28 105.7 122.4 141.8 164.2 190.1 220.2 255.0 295.3 342.0 396.1 458.7 531.2 615.1 712.4 825.0 955.4 1106 1281 1484 1718 1990 2305 2669 3091 3580 4145 4801 5560 6439 7456 8635 1.000e4

Record	Type	Sample Name	Measurement Date and Time	T	Z-Ave	PdI	Pk 1 Mean Int	Pk 2 Mean Int	Pk 3 Mean Int	Pk 1 Area Int	Pk 2 Area Int	Pk 3 Area Int	Size Peak	Size Peak	Size Peak	Intensities	Sizes
 		 	 	Â°C	d.nm	 	d.nm	d.nm	d.nm	Percent	Percent	Percent	d.nm	d.nm	d.nm	Percent	d.nm
1	Size	DPOC:PI 9:1 Surfactant(C12E6):Lipid 1:1 31EX 100uM 05 11 24 1	05 November 2024 10:54:27	25.0	148.8	0.201	187.0	4227	0.000	98.9	1.1	0.0	104.9	994.9	0.000	0.0 0.0 0.0 0.0 0.0 0.0 0.0 0.0 0.0 0.0 0.0 0.0 0.0 0.0 0.0 0.0 0.0 0.0 0.0 0.0 0.0 0.0 0.0 0.0 0.0 0.0 0.0 0.0 0.0 0.0 0.0 0.0 0.0 0.0 1.0 2.9 5.3 7.5 9.2 10.3 10.7 10.4 9.6 8.4 7.1 5.6 4.2 3.0 1.9 1.1 0.5 0.2 0.0 0.0 0.0 0.0 0.0 0.0 0.0 0.0 0.1 0.1 0.2 0.2 0.2 0.2 0.0 0.0 0.0 0.0	0.4000 0.4632 0.5365 0.6213 0.7195 0.8332 0.9649 1.117 1.294 1.499 1.736 2.010 2.328 2.696 3.122 3.615 4.187 4.849 5.615 6.503 7.531 8.721 10.10 11.70 13.54 15.69 18.17 21.04 24.36 28.21 32.67 37.84 43.82 50.75 58.77 68.06 78.82 91.28 105.7 122.4 141.8 164.2 190.1 220.2 255.0 295.3 342.0 396.1 458.7 531.2 615.1 712.4 825.0 955.4 1106 1281 1484 1718 1990 2305 2669 3091 3580 4145 4801 5560 6439 7456 8635 1.000e4
2	Size	DPOC:PI 9:1 Surfactant(C12E6):Lipid 1:1 31EX 100uM 05 11 24 2	05 November 2024 10:56:59	25.0	132.7	0.113	151.3	0.000	0.000	100.0	0.0	0.0	55.53	0.000	0.000	0.0 0.0 0.0 0.0 0.0 0.0 0.0 0.0 0.0 0.0 0.0 0.0 0.0 0.0 0.0 0.0 0.0 0.0 0.0 0.0 0.0 0.0 0.0 0.0 0.0 0.0 0.0 0.0 0.0 0.0 0.0 0.0 0.0 0.0 0.7 2.5 5.3 8.6 11.7 13.9 14.7 14.0 11.7 8.6 5.3 2.4 0.6 0.0 0.0 0.0 0.0 0.0 0.0 0.0 0.0 0.0 0.0 0.0 0.0 0.0 0.0 0.0 0.0 0.0 0.0 0.0 0.0 0.0 0.0 0.0	0.4000 0.4632 0.5365 0.6213 0.7195 0.8332 0.9649 1.117 1.294 1.499 1.736 2.010 2.328 2.696 3.122 3.615 4.187 4.849 5.615 6.503 7.531 8.721 10.10 11.70 13.54 15.69 18.17 21.04 24.36 28.21 32.67 37.84 43.82 50.75 58.77 68.06 78.82 91.28 105.7 122.4 141.8 164.2 190.1 220.2 255.0 295.3 342.0 396.1 458.7 531.2 615.1 712.4 825.0 955.4 1106 1281 1484 1718 1990 2305 2669 3091 3580 4145 4801 5560 6439 7456 8635 1.000e4
3	Size	DPOC:PI 9:1 Surfactant(C12E6):Lipid 1:1 31EX 100uM 05 11 24 3	05 November 2024 10:59:32	25.0	136.3	0.135	160.0	0.000	0.000	100.0	0.0	0.0	67.43	0.000	0.000	0.0 0.0 0.0 0.0 0.0 0.0 0.0 0.0 0.0 0.0 0.0 0.0 0.0 0.0 0.0 0.0 0.0 0.0 0.0 0.0 0.0 0.0 0.0 0.0 0.0 0.0 0.0 0.0 0.0 0.0 0.0 0.0 0.0 0.0 0.9 2.9 5.6 8.3 10.7 12.3 13.0 12.5 11.1 9.0 6.6 4.1 2.1 0.7 0.1 0.0 0.0 0.0 0.0 0.0 0.0 0.0 0.0 0.0 0.0 0.0 0.0 0.0 0.0 0.0 0.0 0.0 0.0 0.0 0.0 0.0	0.4000 0.4632 0.5365 0.6213 0.7195 0.8332 0.9649 1.117 1.294 1.499 1.736 2.010 2.328 2.696 3.122 3.615 4.187 4.849 5.615 6.503 7.531 8.721 10.10 11.70 13.54 15.69 18.17 21.04 24.36 28.21 32.67 37.84 43.82 50.75 58.77 68.06 78.82 91.28 105.7 122.4 141.8 164.2 190.1 220.2 255.0 295.3 342.0 396.1 458.7 531.2 615.1 712.4 825.0 955.4 1106 1281 1484 1718 1990 2305 2669 3091 3580 4145 4801 5560 6439 7456 8635 1.000e4
4	Size	DPOC:PI 9:1 Surfactant(C12E6):Lipid 1:1 31EX 100uM 05 11 24 4	05 November 2024 11:02:05	25.0	139.1	0.181	150.4	4764	0.000	97.5	2.5	0.0	56.03	739.5	0.000	0.0 0.0 0.0 0.0 0.0 0.0 0.0 0.0 0.0 0.0 0.0 0.0 0.0 0.0 0.0 0.0 0.0 0.0 0.0 0.0 0.0 0.0 0.0 0.0 0.0 0.0 0.0 0.0 0.0 0.0 0.0 0.0 0.0 0.0 0.1 2.0 5.4 9.2 12.4 14.2 14.4 13.1 10.7 7.8 4.8 2.4 0.8 0.1 0.0 0.0 0.0 0.0 0.0 0.0 0.0 0.0 0.0 0.0 0.0 0.0 0.0 0.1 0.3 0.5 0.7 0.9 0.0 0.0 0.0 0.0	0.4000 0.4632 0.5365 0.6213 0.7195 0.8332 0.9649 1.117 1.294 1.499 1.736 2.010 2.328 2.696 3.122 3.615 4.187 4.849 5.615 6.503 7.531 8.721 10.10 11.70 13.54 15.69 18.17 21.04 24.36 28.21 32.67 37.84 43.82 50.75 58.77 68.06 78.82 91.28 105.7 122.4 141.8 164.2 190.1 220.2 255.0 295.3 342.0 396.1 458.7 531.2 615.1 712.4 825.0 955.4 1106 1281 1484 1718 1990 2305 2669 3091 3580 4145 4801 5560 6439 7456 8635 1.000e4
5	Size	DPOC:PI 9:1 Surfactant(C12E6):Lipid 1:1 31EX 100uM 05 11 24 5	05 November 2024 11:04:37	25.0	141.3	0.195	166.5	2708	0.000	96.6	3.4	0.0	83.01	1176	0.000	0.0 0.0 0.0 0.0 0.0 0.0 0.0 0.0 0.0 0.0 0.0 0.0 0.0 0.0 0.0 0.0 0.0 0.0 0.0 0.0 0.0 0.0 0.0 0.0 0.0 0.0 0.0 0.0 0.0 0.0 0.0 0.0 0.0 0.0 1.0 3.1 5.9 8.6 10.5 11.6 11.6 10.8 9.5 7.8 6.0 4.3 2.8 1.7 0.9 0.4 0.1 0.0 0.0 0.0 0.1 0.2 0.3 0.3 0.4 0.4 0.4 0.4 0.3 0.3 0.2 0.1 0.0 0.0 0.0 0.0	0.4000 0.4632 0.5365 0.6213 0.7195 0.8332 0.9649 1.117 1.294 1.499 1.736 2.010 2.328 2.696 3.122 3.615 4.187 4.849 5.615 6.503 7.531 8.721 10.10 11.70 13.54 15.69 18.17 21.04 24.36 28.21 32.67 37.84 43.82 50.75 58.77 68.06 78.82 91.28 105.7 122.4 141.8 164.2 190.1 220.2 255.0 295.3 342.0 396.1 458.7 531.2 615.1 712.4 825.0 955.4 1106 1281 1484 1718 1990 2305 2669 3091 3580 4145 4801 5560 6439 7456 8635 1.000e4
9	Size	DOPC:PI 9:1 Surfactant(C12E6):Lipid 1:1 31EX 50uM 05 11 24 1	05 November 2024 11:27:05	25.0	179.1	0.229	230.5	40.34	0.000	97.9	2.1	0.0	115.2	7.474	0.000	0.0 0.0 0.0 0.0 0.0 0.0 0.0 0.0 0.0 0.0 0.0 0.0 0.0 0.0 0.0 0.0 0.0 0.0 0.0 0.0 0.0 0.0 0.0 0.0 0.0 0.0 0.0 0.0 0.0 0.2 0.4 0.5 0.5 0.5 0.6 1.1 2.0 3.3 5.0 6.8 8.6 9.9 10.7 10.8 10.3 9.0 7.4 5.5 3.6 2.0 0.9 0.2 0.0 0.0 0.0 0.0 0.0 0.0 0.0 0.0 0.0 0.0 0.0 0.0 0.0 0.0 0.0 0.0 0.0 0.0	0.4000 0.4632 0.5365 0.6213 0.7195 0.8332 0.9649 1.117 1.294 1.499 1.736 2.010 2.328 2.696 3.122 3.615 4.187 4.849 5.615 6.503 7.531 8.721 10.10 11.70 13.54 15.69 18.17 21.04 24.36 28.21 32.67 37.84 43.82 50.75 58.77 68.06 78.82 91.28 105.7 122.4 141.8 164.2 190.1 220.2 255.0 295.3 342.0 396.1 458.7 531.2 615.1 712.4 825.0 955.4 1106 1281 1484 1718 1990 2305 2669 3091 3580 4145 4801 5560 6439 7456 8635 1.000e4
10	Size	DOPC:PI 9:1 Surfactant(C12E6):Lipid 1:1 31EX 50uM 05 11 24 2	05 November 2024 11:29:17	25.0	131.7	0.169	146.3	4528	0.000	97.9	2.1	0.0	57.79	862.5	0.000	0.0 0.0 0.0 0.0 0.0 0.0 0.0 0.0 0.0 0.0 0.0 0.0 0.0 0.0 0.0 0.0 0.0 0.0 0.0 0.0 0.0 0.0 0.0 0.0 0.0 0.0 0.0 0.0 0.0 0.0 0.0 0.0 0.0 0.0 0.8 3.2 6.6 10.1 12.7 13.9 13.7 12.2 9.8 7.1 4.5 2.3 0.9 0.2 0.0 0.0 0.0 0.0 0.0 0.0 0.0 0.0 0.0 0.0 0.0 0.0 0.1 0.2 0.3 0.4 0.5 0.6 0.0 0.0 0.0 0.0	0.4000 0.4632 0.5365 0.6213 0.7195 0.8332 0.9649 1.117 1.294 1.499 1.736 2.010 2.328 2.696 3.122 3.615 4.187 4.849 5.615 6.503 7.531 8.721 10.10 11.70 13.54 15.69 18.17 21.04 24.36 28.21 32.67 37.84 43.82 50.75 58.77 68.06 78.82 91.28 105.7 122.4 141.8 164.2 190.1 220.2 255.0 295.3 342.0 396.1 458.7 531.2 615.1 712.4 825.0 955.4 1106 1281 1484 1718 1990 2305 2669 3091 3580 4145 4801 5560 6439 7456 8635 1.000e4
11	Size	DOPC:PI 9:1 Surfactant(C12E6):Lipid 1:1 31EX 50uM 05 11 24 3	05 November 2024 11:31:29	25.0	126.8	0.149	135.6	0.000	0.000	100.0	0.0	0.0	43.84	0.000	0.000	0.0 0.0 0.0 0.0 0.0 0.0 0.0 0.0 0.0 0.0 0.0 0.0 0.0 0.0 0.0 0.0 0.0 0.0 0.0 0.0 0.0 0.0 0.0 0.0 0.0 0.0 0.0 0.0 0.0 0.0 0.0 0.0 0.0 0.0 0.0 2.4 6.9 11.7 15.4 17.0 16.1 13.2 9.3 5.3 2.2 0.4 0.0 0.0 0.0 0.0 0.0 0.0 0.0 0.0 0.0 0.0 0.0 0.0 0.0 0.0 0.0 0.0 0.0 0.0 0.0 0.0 0.0 0.0 0.0 0.0	0.4000 0.4632 0.5365 0.6213 0.7195 0.8332 0.9649 1.117 1.294 1.499 1.736 2.010 2.328 2.696 3.122 3.615 4.187 4.849 5.615 6.503 7.531 8.721 10.10 11.70 13.54 15.69 18.17 21.04 24.36 28.21 32.67 37.84 43.82 50.75 58.77 68.06 78.82 91.28 105.7 122.4 141.8 164.2 190.1 220.2 255.0 295.3 342.0 396.1 458.7 531.2 615.1 712.4 825.0 955.4 1106 1281 1484 1718 1990 2305 2669 3091 3580 4145 4801 5560 6439 7456 8635 1.000e4
12	Size	DOPC:PI 9:1 Surfactant(C12E6):Lipid 1:1 31EX 50uM 05 11 24 4	05 November 2024 11:33:41	25.0	139.4	0.217	149.9	4410	0.000	95.5	4.5	0.0	59.56	916.4	0.000	0.0 0.0 0.0 0.0 0.0 0.0 0.0 0.0 0.0 0.0 0.0 0.0 0.0 0.0 0.0 0.0 0.0 0.0 0.0 0.0 0.0 0.0 0.0 0.0 0.0 0.0 0.0 0.0 0.0 0.0 0.0 0.0 0.0 0.0 0.7 2.8 5.9 9.2 11.9 13.3 13.3 12.1 10.0 7.4 4.8 2.6 1.1 0.2 0.0 0.0 0.0 0.0 0.0 0.0 0.0 0.0 0.0 0.0 0.0 0.1 0.2 0.4 0.7 0.9 1.1 1.2 0.0 0.0 0.0 0.0	0.4000 0.4632 0.5365 0.6213 0.7195 0.8332 0.9649 1.117 1.294 1.499 1.736 2.010 2.328 2.696 3.122 3.615 4.187 4.849 5.615 6.503 7.531 8.721 10.10 11.70 13.54 15.69 18.17 21.04 24.36 28.21 32.67 37.84 43.82 50.75 58.77 68.06 78.82 91.28 105.7 122.4 141.8 164.2 190.1 220.2 255.0 295.3 342.0 396.1 458.7 531.2 615.1 712.4 825.0 955.4 1106 1281 1484 1718 1990 2305 2669 3091 3580 4145 4801 5560 6439 7456 8635 1.000e4
13	Size	DOPC:PI 9:1 Surfactant(C12E6):Lipid 1:1 31EX 50uM 05 11 24 5	05 November 2024 11:35:54	25.0	143.8	0.226	151.1	4923	0.000	96.4	3.6	0.0	57.59	655.7	0.000	0.0 0.0 0.0 0.0 0.0 0.0 0.0 0.0 0.0 0.0 0.0 0.0 0.0 0.0 0.0 0.0 0.0 0.0 0.0 0.0 0.0 0.0 0.0 0.0 0.0 0.0 0.0 0.0 0.0 0.0 0.0 0.0 0.0 0.0 0.4 2.3 5.5 8.9 11.9 13.6 13.9 12.8 10.6 7.9 5.0 2.6 0.9 0.1 0.0 0.0 0.0 0.0 0.0 0.0 0.0 0.0 0.0 0.0 0.0 0.0 0.0 0.0 0.2 0.6 1.1 1.6 0.0 0.0 0.0 0.0	0.4000 0.4632 0.5365 0.6213 0.7195 0.8332 0.9649 1.117 1.294 1.499 1.736 2.010 2.328 2.696 3.122 3.615 4.187 4.849 5.615 6.503 7.531 8.721 10.10 11.70 13.54 15.69 18.17 21.04 24.36 28.21 32.67 37.84 43.82 50.75 58.77 68.06 78.82 91.28 105.7 122.4 141.8 164.2 190.1 220.2 255.0 295.3 342.0 396.1 458.7 531.2 615.1 712.4 825.0 955.4 1106 1281 1484 1718 1990 2305 2669 3091 3580 4145 4801 5560 6439 7456 8635 1.000e4
14	Size	DOPC:PI 9:1 Surfactant(C12E6):Lipid 1:1 31EX 50uM 05 11 24 1	05 November 2024 11:47:42	25.0	150.5	0.215	157.8	4993	0.000	97.0	3.0	0.0	59.02	612.9	0.000	0.0 0.0 0.0 0.0 0.0 0.0 0.0 0.0 0.0 0.0 0.0 0.0 0.0 0.0 0.0 0.0 0.0 0.0 0.0 0.0 0.0 0.0 0.0 0.0 0.0 0.0 0.0 0.0 0.0 0.0 0.0 0.0 0.0 0.0 0.0 1.1 4.0 7.9 11.5 13.8 14.5 13.6 11.5 8.6 5.7 3.1 1.3 0.3 0.0 0.0 0.0 0.0 0.0 0.0 0.0 0.0 0.0 0.0 0.0 0.0 0.0 0.0 0.1 0.5 1.0 1.4 0.0 0.0 0.0 0.0	0.4000 0.4632 0.5365 0.6213 0.7195 0.8332 0.9649 1.117 1.294 1.499 1.736 2.010 2.328 2.696 3.122 3.615 4.187 4.849 5.615 6.503 7.531 8.721 10.10 11.70 13.54 15.69 18.17 21.04 24.36 28.21 32.67 37.84 43.82 50.75 58.77 68.06 78.82 91.28 105.7 122.4 141.8 164.2 190.1 220.2 255.0 295.3 342.0 396.1 458.7 531.2 615.1 712.4 825.0 955.4 1106 1281 1484 1718 1990 2305 2669 3091 3580 4145 4801 5560 6439 7456 8635 1.000e4
15	Size	DOPC:PI 9:1 Surfactant(C12E6):Lipid 1:1 31EX 50uM 05 11 24 2	05 November 2024 11:50:35	25.0	193.6	0.213	233.1	5093	0.000	98.8	1.2	0.0	118.3	552.7	0.000	0.0 0.0 0.0 0.0 0.0 0.0 0.0 0.0 0.0 0.0 0.0 0.0 0.0 0.0 0.0 0.0 0.0 0.0 0.0 0.0 0.0 0.0 0.0 0.0 0.0 0.0 0.0 0.0 0.0 0.0 0.0 0.0 0.0 0.0 0.0 0.7 2.1 3.8 5.7 7.4 8.9 9.9 10.5 10.5 9.9 8.8 7.3 5.6 3.9 2.3 1.1 0.3 0.0 0.0 0.0 0.0 0.0 0.0 0.0 0.0 0.0 0.0 0.0 0.2 0.4 0.7 0.0 0.0 0.0 0.0	0.4000 0.4632 0.5365 0.6213 0.7195 0.8332 0.9649 1.117 1.294 1.499 1.736 2.010 2.328 2.696 3.122 3.615 4.187 4.849 5.615 6.503 7.531 8.721 10.10 11.70 13.54 15.69 18.17 21.04 24.36 28.21 32.67 37.84 43.82 50.75 58.77 68.06 78.82 91.28 105.7 122.4 141.8 164.2 190.1 220.2 255.0 295.3 342.0 396.1 458.7 531.2 615.1 712.4 825.0 955.4 1106 1281 1484 1718 1990 2305 2669 3091 3580 4145 4801 5560 6439 7456 8635 1.000e4
16	Size	DOPC:PI 9:1 Surfactant(C12E6):Lipid 1:1 31EX 50uM 05 11 24 3	05 November 2024 11:53:27	25.0	187.8	0.217	227.6	5097	0.000	98.9	1.1	0.0	113.7	548.6	0.000	0.0 0.0 0.0 0.0 0.0 0.0 0.0 0.0 0.0 0.0 0.0 0.0 0.0 0.0 0.0 0.0 0.0 0.0 0.0 0.0 0.0 0.0 0.0 0.0 0.0 0.0 0.0 0.0 0.0 0.0 0.0 0.0 0.0 0.1 0.5 1.2 2.4 3.8 5.4 7.2 8.7 10.0 10.7 10.7 10.1 8.9 7.3 5.4 3.5 1.9 0.8 0.2 0.0 0.0 0.0 0.0 0.0 0.0 0.0 0.0 0.0 0.0 0.0 0.1 0.4 0.6 0.0 0.0 0.0 0.0	0.4000 0.4632 0.5365 0.6213 0.7195 0.8332 0.9649 1.117 1.294 1.499 1.736 2.010 2.328 2.696 3.122 3.615 4.187 4.849 5.615 6.503 7.531 8.721 10.10 11.70 13.54 15.69 18.17 21.04 24.36 28.21 32.67 37.84 43.82 50.75 58.77 68.06 78.82 91.28 105.7 122.4 141.8 164.2 190.1 220.2 255.0 295.3 342.0 396.1 458.7 531.2 615.1 712.4 825.0 955.4 1106 1281 1484 1718 1990 2305 2669 3091 3580 4145 4801 5560 6439 7456 8635 1.000e4
17	Size	DOPC:PI 9:1 Surfactant(C12E6):Lipid 1:1 31EX 50uM 05 11 24 4	05 November 2024 11:56:20	25.0	180.8	0.242	213.5	3608	0.000	94.0	6.0	0.0	135.7	1271	0.000	0.0 0.0 0.0 0.0 0.0 0.0 0.0 0.0 0.0 0.0 0.0 0.0 0.0 0.0 0.0 0.0 0.0 0.0 0.0 0.0 0.0 0.0 0.0 0.0 0.0 0.0 0.0 0.0 0.0 0.0 0.0 0.0 0.0 0.0 0.0 0.5 2.3 5.0 7.8 9.9 11.0 11.1 10.4 9.1 7.6 5.9 4.4 3.2 2.2 1.4 0.9 0.6 0.3 0.2 0.2 0.2 0.2 0.2 0.3 0.4 0.6 0.7 0.8 0.9 0.9 0.9 0.0 0.0 0.0 0.0	0.4000 0.4632 0.5365 0.6213 0.7195 0.8332 0.9649 1.117 1.294 1.499 1.736 2.010 2.328 2.696 3.122 3.615 4.187 4.849 5.615 6.503 7.531 8.721 10.10 11.70 13.54 15.69 18.17 21.04 24.36 28.21 32.67 37.84 43.82 50.75 58.77 68.06 78.82 91.28 105.7 122.4 141.8 164.2 190.1 220.2 255.0 295.3 342.0 396.1 458.7 531.2 615.1 712.4 825.0 955.4 1106 1281 1484 1718 1990 2305 2669 3091 3580 4145 4801 5560 6439 7456 8635 1.000e4
18	Size	DOPC:PI 9:1 Surfactant(C12E6):Lipid 1:1 31EX 50uM 05 11 24 5	05 November 2024 11:59:13	25.0	177.9	0.230	195.9	3234	0.000	93.1	6.9	0.0	89.54	1252	0.000	0.0 0.0 0.0 0.0 0.0 0.0 0.0 0.0 0.0 0.0 0.0 0.0 0.0 0.0 0.0 0.0 0.0 0.0 0.0 0.0 0.0 0.0 0.0 0.0 0.0 0.0 0.0 0.0 0.0 0.0 0.0 0.0 0.0 0.0 0.0 0.3 1.9 4.6 7.5 10.0 11.5 11.9 11.4 10.0 8.3 6.3 4.4 2.7 1.5 0.6 0.2 0.0 0.0 0.0 0.1 0.2 0.3 0.4 0.6 0.7 0.8 0.8 0.8 0.8 0.7 0.6 0.0 0.0 0.0 0.0	0.4000 0.4632 0.5365 0.6213 0.7195 0.8332 0.9649 1.117 1.294 1.499 1.736 2.010 2.328 2.696 3.122 3.615 4.187 4.849 5.615 6.503 7.531 8.721 10.10 11.70 13.54 15.69 18.17 21.04 24.36 28.21 32.67 37.84 43.82 50.75 58.77 68.06 78.82 91.28 105.7 122.4 141.8 164.2 190.1 220.2 255.0 295.3 342.0 396.1 458.7 531.2 615.1 712.4 825.0 955.4 1106 1281 1484 1718 1990 2305 2669 3091 3580 4145 4801 5560 6439 7456 8635 1.000e4
22	Size	DOPC:PI 9:1 Surfactant(C12E6):Lipid 1:1 31EX 10uM 05 11 24 1	05 November 2024 14:30:57	25.0	207.6	0.219	225.9	4793	0.000	96.7	3.3	0.0	91.82	728.3	0.000	0.0 0.0 0.0 0.0 0.0 0.0 0.0 0.0 0.0 0.0 0.0 0.0 0.0 0.0 0.0 0.0 0.0 0.0 0.0 0.0 0.0 0.0 0.0 0.0 0.0 0.0 0.0 0.0 0.0 0.0 0.0 0.0 0.0 0.0 0.0 0.0 0.1 1.4 3.9 6.9 9.8 12.1 13.1 13.0 11.7 9.6 7.0 4.5 2.4 0.9 0.2 0.0 0.0 0.0 0.0 0.0 0.0 0.0 0.0 0.0 0.0 0.1 0.3 0.7 1.0 1.3 0.0 0.0 0.0 0.0	0.4000 0.4632 0.5365 0.6213 0.7195 0.8332 0.9649 1.117 1.294 1.499 1.736 2.010 2.328 2.696 3.122 3.615 4.187 4.849 5.615 6.503 7.531 8.721 10.10 11.70 13.54 15.69 18.17 21.04 24.36 28.21 32.67 37.84 43.82 50.75 58.77 68.06 78.82 91.28 105.7 122.4 141.8 164.2 190.1 220.2 255.0 295.3 342.0 396.1 458.7 531.2 615.1 712.4 825.0 955.4 1106 1281 1484 1718 1990 2305 2669 3091 3580 4145 4801 5560 6439 7456 8635 1.000e4
23	Size	DOPC:PI 9:1 Surfactant(C12E6):Lipid 1:1 31EX 10uM 05 11 24 2	05 November 2024 14:33:20	25.0	204.9	0.228	221.2	5027	0.000	97.2	2.8	0.0	90.67	594.7	0.000	0.0 0.0 0.0 0.0 0.0 0.0 0.0 0.0 0.0 0.0 0.0 0.0 0.0 0.0 0.0 0.0 0.0 0.0 0.0 0.0 0.0 0.0 0.0 0.0 0.0 0.0 0.0 0.0 0.0 0.0 0.0 0.0 0.0 0.0 0.0 0.0 0.4 2.0 4.4 7.3 10.1 12.1 13.0 12.8 11.5 9.4 6.8 4.3 2.2 0.8 0.1 0.0 0.0 0.0 0.0 0.0 0.0 0.0 0.0 0.0 0.0 0.0 0.1 0.4 0.9 1.4 0.0 0.0 0.0 0.0	0.4000 0.4632 0.5365 0.6213 0.7195 0.8332 0.9649 1.117 1.294 1.499 1.736 2.010 2.328 2.696 3.122 3.615 4.187 4.849 5.615 6.503 7.531 8.721 10.10 11.70 13.54 15.69 18.17 21.04 24.36 28.21 32.67 37.84 43.82 50.75 58.77 68.06 78.82 91.28 105.7 122.4 141.8 164.2 190.1 220.2 255.0 295.3 342.0 396.1 458.7 531.2 615.1 712.4 825.0 955.4 1106 1281 1484 1718 1990 2305 2669 3091 3580 4145 4801 5560 6439 7456 8635 1.000e4
24	Size	DOPC:PI 9:1 Surfactant(C12E6):Lipid 1:1 31EX 10uM 05 11 24 3	05 November 2024 14:35:42	25.0	201.9	0.270	201.0	5032	0.000	95.4	4.6	0.0	71.27	592.3	0.000	0.0 0.0 0.0 0.0 0.0 0.0 0.0 0.0 0.0 0.0 0.0 0.0 0.0 0.0 0.0 0.0 0.0 0.0 0.0 0.0 0.0 0.0 0.0 0.0 0.0 0.0 0.0 0.0 0.0 0.0 0.0 0.0 0.0 0.0 0.0 0.0 0.0 1.7 4.9 8.7 12.0 14.2 14.7 13.5 11.0 7.7 4.5 2.0 0.5 0.0 0.0 0.0 0.0 0.0 0.0 0.0 0.0 0.0 0.0 0.0 0.0 0.0 0.2 0.7 1.5 2.3 0.0 0.0 0.0 0.0	0.4000 0.4632 0.5365 0.6213 0.7195 0.8332 0.9649 1.117 1.294 1.499 1.736 2.010 2.328 2.696 3.122 3.615 4.187 4.849 5.615 6.503 7.531 8.721 10.10 11.70 13.54 15.69 18.17 21.04 24.36 28.21 32.67 37.84 43.82 50.75 58.77 68.06 78.82 91.28 105.7 122.4 141.8 164.2 190.1 220.2 255.0 295.3 342.0 396.1 458.7 531.2 615.1 712.4 825.0 955.4 1106 1281 1484 1718 1990 2305 2669 3091 3580 4145 4801 5560 6439 7456 8635 1.000e4
25	Size	DOPC:PI 9:1 Surfactant(C12E6):Lipid 1:1 31EX 10uM 05 11 24 4	05 November 2024 14:38:04	25.0	203.4	0.268	207.0	4903	0.000	95.2	4.8	0.0	74.21	671.3	0.000	0.0 0.0 0.0 0.0 0.0 0.0 0.0 0.0 0.0 0.0 0.0 0.0 0.0 0.0 0.0 0.0 0.0 0.0 0.0 0.0 0.0 0.0 0.0 0.0 0.0 0.0 0.0 0.0 0.0 0.0 0.0 0.0 0.0 0.0 0.0 0.0 0.0 1.4 4.3 7.9 11.4 13.7 14.5 13.6 11.4 8.4 5.2 2.5 0.7 0.0 0.0 0.0 0.0 0.0 0.0 0.0 0.0 0.0 0.0 0.0 0.0 0.1 0.3 0.9 1.5 2.1 0.0 0.0 0.0 0.0	0.4000 0.4632 0.5365 0.6213 0.7195 0.8332 0.9649 1.117 1.294 1.499 1.736 2.010 2.328 2.696 3.122 3.615 4.187 4.849 5.615 6.503 7.531 8.721 10.10 11.70 13.54 15.69 18.17 21.04 24.36 28.21 32.67 37.84 43.82 50.75 58.77 68.06 78.82 91.28 105.7 122.4 141.8 164.2 190.1 220.2 255.0 295.3 342.0 396.1 458.7 531.2 615.1 712.4 825.0 955.4 1106 1281 1484 1718 1990 2305 2669 3091 3580 4145 4801 5560 6439 7456 8635 1.000e4
26	Size	DOPC:PI 9:1 Surfactant(C12E6):Lipid 1:1 31EX 10uM 05 11 24 5	05 November 2024 14:40:27	25.0	204.7	0.236	205.1	5175	0.000	96.7	3.3	0.0	74.23	487.9	0.000	0.0 0.0 0.0 0.0 0.0 0.0 0.0 0.0 0.0 0.0 0.0 0.0 0.0 0.0 0.0 0.0 0.0 0.0 0.0 0.0 0.0 0.0 0.0 0.0 0.0 0.0 0.0 0.0 0.0 0.0 0.0 0.0 0.0 0.0 0.0 0.0 0.2 1.8 4.7 8.2 11.5 13.8 14.5 13.7 11.5 8.4 5.2 2.5 0.7 0.0 0.0 0.0 0.0 0.0 0.0 0.0 0.0 0.0 0.0 0.0 0.0 0.0 0.0 0.3 1.0 1.9 0.0 0.0 0.0 0.0	0.4000 0.4632 0.5365 0.6213 0.7195 0.8332 0.9649 1.117 1.294 1.499 1.736 2.010 2.328 2.696 3.122 3.615 4.187 4.849 5.615 6.503 7.531 8.721 10.10 11.70 13.54 15.69 18.17 21.04 24.36 28.21 32.67 37.84 43.82 50.75 58.77 68.06 78.82 91.28 105.7 122.4 141.8 164.2 190.1 220.2 255.0 295.3 342.0 396.1 458.7 531.2 615.1 712.4 825.0 955.4 1106 1281 1484 1718 1990 2305 2669 3091 3580 4145 4801 5560 6439 7456 8635 1.000e4
30	Size	DOPC:PI 9:1 Surfactant(C12E6):Lipid 1:1 31EX 5uM 05 11 24 1	05 November 2024 15:12:43	25.0	318.4	0.363	90.30	0.000	0.000	100.0	0.0	0.0	13.51	0.000	0.000	0.0 0.0 0.0 0.0 0.0 0.0 0.0 0.0 0.0 0.0 0.0 0.0 0.0 0.0 0.0 0.0 0.0 0.0 0.0 0.0 0.0 0.0 0.0 0.0 0.0 0.0 0.0 0.0 0.0 0.0 0.0 0.0 0.0 0.0 0.0 9.3 28.0 35.4 23.0 4.3 0.0 0.0 0.0 0.0 0.0 0.0 0.0 0.0 0.0 0.0 0.0 0.0 0.0 0.0 0.0 0.0 0.0 0.0 0.0 0.0 0.0 0.0 0.0 0.0 0.0 0.0 0.0 0.0 0.0 0.0	0.4000 0.4632 0.5365 0.6213 0.7195 0.8332 0.9649 1.117 1.294 1.499 1.736 2.010 2.328 2.696 3.122 3.615 4.187 4.849 5.615 6.503 7.531 8.721 10.10 11.70 13.54 15.69 18.17 21.04 24.36 28.21 32.67 37.84 43.82 50.75 58.77 68.06 78.82 91.28 105.7 122.4 141.8 164.2 190.1 220.2 255.0 295.3 342.0 396.1 458.7 531.2 615.1 712.4 825.0 955.4 1106 1281 1484 1718 1990 2305 2669 3091 3580 4145 4801 5560 6439 7456 8635 1.000e4
31	Size	DOPC:PI 9:1 Surfactant(C12E6):Lipid 1:1 31EX 5uM 05 11 24 2	05 November 2024 15:14:55	25.0	258.1	0.341	153.9	438.5	5560	75.6	23.3	1.1	58.27	119.8	8.632e-5	0.0 0.0 0.0 0.0 0.0 0.0 0.0 0.0 0.0 0.0 0.0 0.0 0.0 0.0 0.0 0.0 0.0 0.0 0.0 0.0 0.0 0.0 0.0 0.0 0.0 0.0 0.0 0.0 0.0 0.0 0.0 0.0 0.0 0.0 0.0 1.1 3.9 7.4 10.3 11.7 11.4 9.9 7.9 6.0 4.7 4.2 4.2 4.4 4.2 3.6 2.4 1.1 0.2 0.0 0.0 0.0 0.0 0.0 0.0 0.0 0.0 0.0 0.0 0.0 0.0 1.2 0.0 0.0 0.0 0.0	0.4000 0.4632 0.5365 0.6213 0.7195 0.8332 0.9649 1.117 1.294 1.499 1.736 2.010 2.328 2.696 3.122 3.615 4.187 4.849 5.615 6.503 7.531 8.721 10.10 11.70 13.54 15.69 18.17 21.04 24.36 28.21 32.67 37.84 43.82 50.75 58.77 68.06 78.82 91.28 105.7 122.4 141.8 164.2 190.1 220.2 255.0 295.3 342.0 396.1 458.7 531.2 615.1 712.4 825.0 955.4 1106 1281 1484 1718 1990 2305 2669 3091 3580 4145 4801 5560 6439 7456 8635 1.000e4
32	Size	DOPC:PI 9:1 Surfactant(C12E6):Lipid 1:1 31EX 5uM 05 11 24 3	05 November 2024 15:17:08	25.0	282.3	0.312	173.1	0.000	0.000	100.0	0.0	0.0	65.59	0.000	0.000	0.0 0.0 0.0 0.0 0.0 0.0 0.0 0.0 0.0 0.0 0.0 0.0 0.0 0.0 0.0 0.0 0.0 0.0 0.0 0.0 0.0 0.0 0.0 0.0 0.0 0.0 0.0 0.0 0.0 0.0 0.0 0.0 0.0 0.1 0.7 1.8 3.5 5.6 8.1 10.5 12.6 13.8 13.7 12.1 9.2 5.5 2.2 0.3 0.0 0.0 0.0 0.0 0.0 0.0 0.0 0.0 0.0 0.0 0.0 0.0 0.0 0.0 0.0 0.0 0.0 0.0 0.0 0.0 0.0 0.0	0.4000 0.4632 0.5365 0.6213 0.7195 0.8332 0.9649 1.117 1.294 1.499 1.736 2.010 2.328 2.696 3.122 3.615 4.187 4.849 5.615 6.503 7.531 8.721 10.10 11.70 13.54 15.69 18.17 21.04 24.36 28.21 32.67 37.84 43.82 50.75 58.77 68.06 78.82 91.28 105.7 122.4 141.8 164.2 190.1 220.2 255.0 295.3 342.0 396.1 458.7 531.2 615.1 712.4 825.0 955.4 1106 1281 1484 1718 1990 2305 2669 3091 3580 4145 4801 5560 6439 7456 8635 1.000e4
33	Size	DOPC:PI 9:1 Surfactant(C12E6):Lipid 1:1 31EX 5uM 05 11 24 4	05 November 2024 15:19:20	25.0	234.5	0.359	173.8	47.47	0.000	98.1	1.9	0.0	58.92	7.492	0.000	0.0 0.0 0.0 0.0 0.0 0.0 0.0 0.0 0.0 0.0 0.0 0.0 0.0 0.0 0.0 0.0 0.0 0.0 0.0 0.0 0.0 0.0 0.0 0.0 0.0 0.0 0.0 0.0 0.0 0.0 0.0 0.4 0.6 0.5 0.4 0.7 2.0 4.4 7.6 11.1 14.0 15.5 15.0 12.6 8.8 4.7 1.5 0.0 0.0 0.0 0.0 0.0 0.0 0.0 0.0 0.0 0.0 0.0 0.0 0.0 0.0 0.0 0.0 0.0 0.0 0.0 0.0 0.0 0.0 0.0	0.4000 0.4632 0.5365 0.6213 0.7195 0.8332 0.9649 1.117 1.294 1.499 1.736 2.010 2.328 2.696 3.122 3.615 4.187 4.849 5.615 6.503 7.531 8.721 10.10 11.70 13.54 15.69 18.17 21.04 24.36 28.21 32.67 37.84 43.82 50.75 58.77 68.06 78.82 91.28 105.7 122.4 141.8 164.2 190.1 220.2 255.0 295.3 342.0 396.1 458.7 531.2 615.1 712.4 825.0 955.4 1106 1281 1484 1718 1990 2305 2669 3091 3580 4145 4801 5560 6439 7456 8635 1.000e4
34	Size	DOPC:PI 9:1 Surfactant(C12E6):Lipid 1:1 31EX 5uM 05 11 24 5	05 November 2024 15:21:32	25.0	244.3	0.370	186.5	0.000	0.000	100.0	0.0	0.0	78.12	0.000	0.000	0.0 0.0 0.0 0.0 0.0 0.0 0.0 0.0 0.0 0.0 0.0 0.0 0.0 0.0 0.0 0.0 0.0 0.0 0.0 0.0 0.0 0.0 0.0 0.0 0.0 0.0 0.0 0.0 0.0 0.0 0.0 0.0 0.0 0.0 0.0 0.9 2.9 5.5 8.2 10.6 12.1 12.7 12.4 11.2 9.3 6.9 4.4 2.2 0.6 0.0 0.0 0.0 0.0 0.0 0.0 0.0 0.0 0.0 0.0 0.0 0.0 0.0 0.0 0.0 0.0 0.0 0.0 0.0 0.0 0.0	0.4000 0.4632 0.5365 0.6213 0.7195 0.8332 0.9649 1.117 1.294 1.499 1.736 2.010 2.328 2.696 3.122 3.615 4.187 4.849 5.615 6.503 7.531 8.721 10.10 11.70 13.54 15.69 18.17 21.04 24.36 28.21 32.67 37.84 43.82 50.75 58.77 68.06 78.82 91.28 105.7 122.4 141.8 164.2 190.1 220.2 255.0 295.3 342.0 396.1 458.7 531.2 615.1 712.4 825.0 955.4 1106 1281 1484 1718 1990 2305 2669 3091 3580 4145 4801 5560 6439 7456 8635 1.000e4
38	Size	DOPC:PI 9:1 Surfactant(C12BAC):Lipid 1:1 31EX 100uM 05 11 24 1	05 November 2024 15:50:39	25.0	112.6	0.160	128.6	4788	0.000	98.8	1.2	0.0	54.50	729.9	0.000	0.0 0.0 0.0 0.0 0.0 0.0 0.0 0.0 0.0 0.0 0.0 0.0 0.0 0.0 0.0 0.0 0.0 0.0 0.0 0.0 0.0 0.0 0.0 0.0 0.0 0.0 0.0 0.0 0.0 0.0 0.0 0.0 0.0 1.2 3.8 7.0 10.0 12.1 13.1 12.9 11.7 9.7 7.4 5.0 3.0 1.4 0.4 0.0 0.0 0.0 0.0 0.0 0.0 0.0 0.0 0.0 0.0 0.0 0.0 0.0 0.0 0.0 0.1 0.2 0.3 0.4 0.0 0.0 0.0 0.0	0.4000 0.4632 0.5365 0.6213 0.7195 0.8332 0.9649 1.117 1.294 1.499 1.736 2.010 2.328 2.696 3.122 3.615 4.187 4.849 5.615 6.503 7.531 8.721 10.10 11.70 13.54 15.69 18.17 21.04 24.36 28.21 32.67 37.84 43.82 50.75 58.77 68.06 78.82 91.28 105.7 122.4 141.8 164.2 190.1 220.2 255.0 295.3 342.0 396.1 458.7 531.2 615.1 712.4 825.0 955.4 1106 1281 1484 1718 1990 2305 2669 3091 3580 4145 4801 5560 6439 7456 8635 1.000e4
39	Size	DOPC:PI 9:1 Surfactant(C12BAC):Lipid 1:1 31EX 100uM 05 11 24 2	05 November 2024 15:53:42	25.0	129.1	0.231	161.5	4236	0.000	97.4	2.6	0.0	98.62	1004	0.000	0.0 0.0 0.0 0.0 0.0 0.0 0.0 0.0 0.0 0.0 0.0 0.0 0.0 0.0 0.0 0.0 0.0 0.0 0.0 0.0 0.0 0.0 0.0 0.0 0.0 0.0 0.0 0.0 0.0 0.0 0.0 0.0 0.0 1.1 3.2 5.7 7.9 9.6 10.4 10.5 9.9 8.9 7.7 6.3 5.0 3.8 2.8 1.9 1.3 0.7 0.4 0.2 0.0 0.0 0.0 0.0 0.0 0.0 0.0 0.1 0.2 0.3 0.4 0.5 0.6 0.6 0.0 0.0 0.0 0.0	0.4000 0.4632 0.5365 0.6213 0.7195 0.8332 0.9649 1.117 1.294 1.499 1.736 2.010 2.328 2.696 3.122 3.615 4.187 4.849 5.615 6.503 7.531 8.721 10.10 11.70 13.54 15.69 18.17 21.04 24.36 28.21 32.67 37.84 43.82 50.75 58.77 68.06 78.82 91.28 105.7 122.4 141.8 164.2 190.1 220.2 255.0 295.3 342.0 396.1 458.7 531.2 615.1 712.4 825.0 955.4 1106 1281 1484 1718 1990 2305 2669 3091 3580 4145 4801 5560 6439 7456 8635 1.000e4
40	Size	DOPC:PI 9:1 Surfactant(C12BAC):Lipid 1:1 31EX 100uM 05 11 24 3	05 November 2024 15:56:45	25.0	135.6	0.235	191.4	0.000	0.000	100.0	0.0	0.0	128.8	0.000	0.000	0.0 0.0 0.0 0.0 0.0 0.0 0.0 0.0 0.0 0.0 0.0 0.0 0.0 0.0 0.0 0.0 0.0 0.0 0.0 0.0 0.0 0.0 0.0 0.0 0.0 0.0 0.0 0.0 0.0 0.0 0.0 0.0 0.4 1.6 3.3 5.0 6.5 7.7 8.4 8.7 8.7 8.4 7.9 7.2 6.4 5.5 4.5 3.6 2.6 1.8 1.1 0.6 0.2 0.0 0.0 0.0 0.0 0.0 0.0 0.0 0.0 0.0 0.0 0.0 0.0 0.0 0.0 0.0 0.0 0.0	0.4000 0.4632 0.5365 0.6213 0.7195 0.8332 0.9649 1.117 1.294 1.499 1.736 2.010 2.328 2.696 3.122 3.615 4.187 4.849 5.615 6.503 7.531 8.721 10.10 11.70 13.54 15.69 18.17 21.04 24.36 28.21 32.67 37.84 43.82 50.75 58.77 68.06 78.82 91.28 105.7 122.4 141.8 164.2 190.1 220.2 255.0 295.3 342.0 396.1 458.7 531.2 615.1 712.4 825.0 955.4 1106 1281 1484 1718 1990 2305 2669 3091 3580 4145 4801 5560 6439 7456 8635 1.000e4
41	Size	DOPC:PI 9:1 Surfactant(C12BAC):Lipid 1:1 31EX 100uM 05 11 24 4	05 November 2024 15:59:48	25.0	138.0	0.238	188.8	0.000	0.000	100.0	0.0	0.0	109.8	0.000	0.000	0.0 0.0 0.0 0.0 0.0 0.0 0.0 0.0 0.0 0.0 0.0 0.0 0.0 0.0 0.0 0.0 0.0 0.0 0.0 0.0 0.0 0.0 0.0 0.0 0.0 0.0 0.0 0.0 0.0 0.0 0.0 0.3 1.1 2.1 3.2 4.3 5.2 6.1 7.0 7.8 8.5 8.9 9.0 8.7 7.9 6.7 5.3 3.8 2.3 1.2 0.4 0.0 0.0 0.0 0.0 0.0 0.0 0.0 0.0 0.0 0.0 0.0 0.0 0.0 0.0 0.0 0.0 0.0 0.0 0.0	0.4000 0.4632 0.5365 0.6213 0.7195 0.8332 0.9649 1.117 1.294 1.499 1.736 2.010 2.328 2.696 3.122 3.615 4.187 4.849 5.615 6.503 7.531 8.721 10.10 11.70 13.54 15.69 18.17 21.04 24.36 28.21 32.67 37.84 43.82 50.75 58.77 68.06 78.82 91.28 105.7 122.4 141.8 164.2 190.1 220.2 255.0 295.3 342.0 396.1 458.7 531.2 615.1 712.4 825.0 955.4 1106 1281 1484 1718 1990 2305 2669 3091 3580 4145 4801 5560 6439 7456 8635 1.000e4
42	Size	DOPC:PI 9:1 Surfactant(C12BAC):Lipid 1:1 31EX 100uM 05 11 24 5	05 November 2024 16:02:50	25.0	138.2	0.237	194.5	0.000	0.000	100.0	0.0	0.0	127.0	0.000	0.000	0.0 0.0 0.0 0.0 0.0 0.0 0.0 0.0 0.0 0.0 0.0 0.0 0.0 0.0 0.0 0.0 0.0 0.0 0.0 0.0 0.0 0.0 0.0 0.0 0.0 0.0 0.0 0.0 0.0 0.0 0.0 0.0 0.3 1.5 3.2 5.0 6.4 7.5 8.1 8.3 8.3 8.2 7.8 7.3 6.7 5.9 5.0 4.0 2.9 1.9 1.1 0.5 0.1 0.0 0.0 0.0 0.0 0.0 0.0 0.0 0.0 0.0 0.0 0.0 0.0 0.0 0.0 0.0 0.0 0.0	0.4000 0.4632 0.5365 0.6213 0.7195 0.8332 0.9649 1.117 1.294 1.499 1.736 2.010 2.328 2.696 3.122 3.615 4.187 4.849 5.615 6.503 7.531 8.721 10.10 11.70 13.54 15.69 18.17 21.04 24.36 28.21 32.67 37.84 43.82 50.75 58.77 68.06 78.82 91.28 105.7 122.4 141.8 164.2 190.1 220.2 255.0 295.3 342.0 396.1 458.7 531.2 615.1 712.4 825.0 955.4 1106 1281 1484 1718 1990 2305 2669 3091 3580 4145 4801 5560 6439 7456 8635 1.000e4
46	Size	DOPC:PI 9:1 Surfactant(C12BAC):Lipid 1:1 31EX 50uM 05 11 24 1	05 November 2024 16:34:23	25.0	152.5	0.244	190.7	4731	0.000	97.9	2.1	0.0	105.9	764.0	0.000	0.0 0.0 0.0 0.0 0.0 0.0 0.0 0.0 0.0 0.0 0.0 0.0 0.0 0.0 0.0 0.0 0.0 0.0 0.0 0.0 0.0 0.0 0.0 0.0 0.0 0.0 0.0 0.0 0.0 0.0 0.0 0.1 0.4 1.0 2.0 3.3 4.7 6.2 7.6 8.7 9.5 9.8 9.5 8.8 7.8 6.4 4.9 3.4 2.1 1.1 0.4 0.1 0.0 0.0 0.0 0.0 0.0 0.0 0.0 0.0 0.0 0.1 0.2 0.4 0.6 0.8 0.0 0.0 0.0 0.0	0.4000 0.4632 0.5365 0.6213 0.7195 0.8332 0.9649 1.117 1.294 1.499 1.736 2.010 2.328 2.696 3.122 3.615 4.187 4.849 5.615 6.503 7.531 8.721 10.10 11.70 13.54 15.69 18.17 21.04 24.36 28.21 32.67 37.84 43.82 50.75 58.77 68.06 78.82 91.28 105.7 122.4 141.8 164.2 190.1 220.2 255.0 295.3 342.0 396.1 458.7 531.2 615.1 712.4 825.0 955.4 1106 1281 1484 1718 1990 2305 2669 3091 3580 4145 4801 5560 6439 7456 8635 1.000e4
47	Size	DOPC:PI 9:1 Surfactant(C12BAC):Lipid 1:1 31EX 50uM 05 11 24 2	05 November 2024 16:37:06	25.0	179.9	0.225	226.9	4799	0.000	98.8	1.2	0.0	121.1	726.1	0.000	0.0 0.0 0.0 0.0 0.0 0.0 0.0 0.0 0.0 0.0 0.0 0.0 0.0 0.0 0.0 0.0 0.0 0.0 0.0 0.0 0.0 0.0 0.0 0.0 0.0 0.0 0.0 0.0 0.0 0.0 0.0 0.0 0.0 0.1 0.5 1.4 2.6 4.2 5.9 7.6 9.0 10.0 10.4 10.2 9.4 8.2 6.7 5.1 3.5 2.2 1.1 0.4 0.1 0.0 0.0 0.0 0.0 0.0 0.0 0.0 0.0 0.0 0.1 0.2 0.4 0.5 0.0 0.0 0.0 0.0	0.4000 0.4632 0.5365 0.6213 0.7195 0.8332 0.9649 1.117 1.294 1.499 1.736 2.010 2.328 2.696 3.122 3.615 4.187 4.849 5.615 6.503 7.531 8.721 10.10 11.70 13.54 15.69 18.17 21.04 24.36 28.21 32.67 37.84 43.82 50.75 58.77 68.06 78.82 91.28 105.7 122.4 141.8 164.2 190.1 220.2 255.0 295.3 342.0 396.1 458.7 531.2 615.1 712.4 825.0 955.4 1106 1281 1484 1718 1990 2305 2669 3091 3580 4145 4801 5560 6439 7456 8635 1.000e4
48	Size	DOPC:PI 9:1 Surfactant(C12BAC):Lipid 1:1 31EX 50uM 05 11 24 3	05 November 2024 16:39:48	25.0	184.4	0.206	235.9	0.000	0.000	100.0	0.0	0.0	117.0	0.000	0.000	0.0 0.0 0.0 0.0 0.0 0.0 0.0 0.0 0.0 0.0 0.0 0.0 0.0 0.0 0.0 0.0 0.0 0.0 0.0 0.0 0.0 0.0 0.0 0.0 0.0 0.0 0.0 0.0 0.0 0.0 0.2 0.4 0.6 0.7 0.7 0.9 1.5 2.7 4.2 6.1 8.0 9.7 10.8 11.2 10.9 9.8 8.1 6.1 4.0 2.2 0.9 0.2 0.0 0.0 0.0 0.0 0.0 0.0 0.0 0.0 0.0 0.0 0.0 0.0 0.0 0.0 0.0 0.0 0.0 0.0	0.4000 0.4632 0.5365 0.6213 0.7195 0.8332 0.9649 1.117 1.294 1.499 1.736 2.010 2.328 2.696 3.122 3.615 4.187 4.849 5.615 6.503 7.531 8.721 10.10 11.70 13.54 15.69 18.17 21.04 24.36 28.21 32.67 37.84 43.82 50.75 58.77 68.06 78.82 91.28 105.7 122.4 141.8 164.2 190.1 220.2 255.0 295.3 342.0 396.1 458.7 531.2 615.1 712.4 825.0 955.4 1106 1281 1484 1718 1990 2305 2669 3091 3580 4145 4801 5560 6439 7456 8635 1.000e4
49	Size	DOPC:PI 9:1 Surfactant(C12BAC):Lipid 1:1 31EX 50uM 05 11 24 4	05 November 2024 16:42:31	25.0	183.8	0.217	243.8	0.000	0.000	100.0	0.0	0.0	136.5	0.000	0.000	0.0 0.0 0.0 0.0 0.0 0.0 0.0 0.0 0.0 0.0 0.0 0.0 0.0 0.0 0.0 0.0 0.0 0.0 0.0 0.0 0.0 0.0 0.0 0.0 0.0 0.0 0.0 0.0 0.0 0.0 0.0 0.0 0.2 0.4 0.9 1.6 2.6 3.8 5.1 6.6 7.9 9.0 9.6 9.8 9.5 8.7 7.6 6.1 4.6 3.1 1.8 0.8 0.3 0.0 0.0 0.0 0.0 0.0 0.0 0.0 0.0 0.0 0.0 0.0 0.0 0.0 0.0 0.0 0.0 0.0	0.4000 0.4632 0.5365 0.6213 0.7195 0.8332 0.9649 1.117 1.294 1.499 1.736 2.010 2.328 2.696 3.122 3.615 4.187 4.849 5.615 6.503 7.531 8.721 10.10 11.70 13.54 15.69 18.17 21.04 24.36 28.21 32.67 37.84 43.82 50.75 58.77 68.06 78.82 91.28 105.7 122.4 141.8 164.2 190.1 220.2 255.0 295.3 342.0 396.1 458.7 531.2 615.1 712.4 825.0 955.4 1106 1281 1484 1718 1990 2305 2669 3091 3580 4145 4801 5560 6439 7456 8635 1.000e4
50	Size	DOPC:PI 9:1 Surfactant(C12BAC):Lipid 1:1 31EX 50uM 05 11 24 5	05 November 2024 16:45:14	25.0	181.8	0.210	232.8	0.000	0.000	100.0	0.0	0.0	128.5	0.000	0.000	0.0 0.0 0.0 0.0 0.0 0.0 0.0 0.0 0.0 0.0 0.0 0.0 0.0 0.0 0.0 0.0 0.0 0.0 0.0 0.0 0.0 0.0 0.0 0.0 0.0 0.0 0.0 0.0 0.0 0.0 0.0 0.0 0.0 0.0 0.4 1.4 2.8 4.5 6.1 7.6 8.8 9.7 10.0 9.9 9.3 8.3 7.0 5.5 4.0 2.6 1.4 0.6 0.2 0.0 0.0 0.0 0.0 0.0 0.0 0.0 0.0 0.0 0.0 0.0 0.0 0.0 0.0 0.0 0.0 0.0	0.4000 0.4632 0.5365 0.6213 0.7195 0.8332 0.9649 1.117 1.294 1.499 1.736 2.010 2.328 2.696 3.122 3.615 4.187 4.849 5.615 6.503 7.531 8.721 10.10 11.70 13.54 15.69 18.17 21.04 24.36 28.21 32.67 37.84 43.82 50.75 58.77 68.06 78.82 91.28 105.7 122.4 141.8 164.2 190.1 220.2 255.0 295.3 342.0 396.1 458.7 531.2 615.1 712.4 825.0 955.4 1106 1281 1484 1718 1990 2305 2669 3091 3580 4145 4801 5560 6439 7456 8635 1.000e4

Record	Type	Sample Name	Measurement Date and Time	T	Z-Ave	PdI	Pk 1 Mean Int	Pk 2 Mean Int	Pk 3 Mean Int	Pk 1 Area Int	Pk 2 Area Int	Pk 3 Area Int	Size Peak	Size Peak	Size Peak	Intensities	Sizes
 		 	 	Â°C	d.nm	 	d.nm	d.nm	d.nm	Percent	Percent	Percent	d.nm	d.nm	d.nm	Percent	d.nm
1	Size	DOPC:PI 9:1 Surfactant(C12BAC):Lipid 1:1 31EX 10uM 07 11 24 1	07 November 2024 10:05:33	25.0	322.0	0.746	146.6	3445	0.000	51.7	48.3	0.0	32.53	1239	0.000	0.0 0.0 0.0 0.0 0.0 0.0 0.0 0.0 0.0 0.0 0.0 0.0 0.0 0.0 0.0 0.0 0.0 0.0 0.0 0.0 0.0 0.0 0.0 0.0 0.0 0.0 0.0 0.0 0.0 0.0 0.0 0.0 0.0 0.0 0.0 0.0 0.0 1.9 6.4 10.7 12.4 10.8 6.8 2.6 0.1 0.0 0.0 0.0 0.0 0.0 0.0 0.0 0.0 0.0 0.0 0.4 1.4 2.6 3.9 4.8 5.4 5.8 6.0 6.0 6.0 5.9 0.0 0.0 0.0 0.0	0.4000 0.4632 0.5365 0.6213 0.7195 0.8332 0.9649 1.117 1.294 1.499 1.736 2.010 2.328 2.696 3.122 3.615 4.187 4.849 5.615 6.503 7.531 8.721 10.10 11.70 13.54 15.69 18.17 21.04 24.36 28.21 32.67 37.84 43.82 50.75 58.77 68.06 78.82 91.28 105.7 122.4 141.8 164.2 190.1 220.2 255.0 295.3 342.0 396.1 458.7 531.2 615.1 712.4 825.0 955.4 1106 1281 1484 1718 1990 2305 2669 3091 3580 4145 4801 5560 6439 7456 8635 1.000e4
2	Size	DOPC:PI 9:1 Surfactant(C12BAC):Lipid 1:1 31EX 10uM 07 11 24 2	07 November 2024 10:09:36	25.0	314.2	0.538	194.9	5389	0.000	91.4	8.6	0.0	100.7	316.9	0.000	0.0 0.0 0.0 0.0 0.0 0.0 0.0 0.0 0.0 0.0 0.0 0.0 0.0 0.0 0.0 0.0 0.0 0.0 0.0 0.0 0.0 0.0 0.0 0.0 0.0 0.0 0.0 0.0 0.0 0.0 0.0 0.0 0.0 0.0 0.0 0.0 1.2 4.3 8.1 11.3 13.0 12.9 11.3 9.0 6.5 4.5 3.1 2.2 1.7 1.2 0.7 0.3 0.0 0.0 0.0 0.0 0.0 0.0 0.0 0.0 0.0 0.0 0.0 0.0 1.9 6.7 0.0 0.0 0.0 0.0	0.4000 0.4632 0.5365 0.6213 0.7195 0.8332 0.9649 1.117 1.294 1.499 1.736 2.010 2.328 2.696 3.122 3.615 4.187 4.849 5.615 6.503 7.531 8.721 10.10 11.70 13.54 15.69 18.17 21.04 24.36 28.21 32.67 37.84 43.82 50.75 58.77 68.06 78.82 91.28 105.7 122.4 141.8 164.2 190.1 220.2 255.0 295.3 342.0 396.1 458.7 531.2 615.1 712.4 825.0 955.4 1106 1281 1484 1718 1990 2305 2669 3091 3580 4145 4801 5560 6439 7456 8635 1.000e4
3	Size	DOPC:PI 9:1 Surfactant(C12BAC):Lipid 1:1 31EX 10uM 07 11 24 3	07 November 2024 10:13:40	25.0	325.8	0.493	179.6	5560	0.000	96.3	3.7	0.0	68.24	0.000	0.000	0.0 0.0 0.0 0.0 0.0 0.0 0.0 0.0 0.0 0.0 0.0 0.0 0.0 0.0 0.0 0.0 0.0 0.0 0.0 0.0 0.0 0.0 0.0 0.0 0.0 0.0 0.0 0.0 0.0 0.0 0.0 0.0 0.0 0.0 0.0 0.0 0.5 3.5 8.2 12.6 15.2 15.6 13.9 10.8 7.5 4.5 2.3 1.1 0.4 0.2 0.1 0.0 0.0 0.0 0.0 0.0 0.0 0.0 0.0 0.0 0.0 0.0 0.0 0.0 0.0 3.7 0.0 0.0 0.0 0.0	0.4000 0.4632 0.5365 0.6213 0.7195 0.8332 0.9649 1.117 1.294 1.499 1.736 2.010 2.328 2.696 3.122 3.615 4.187 4.849 5.615 6.503 7.531 8.721 10.10 11.70 13.54 15.69 18.17 21.04 24.36 28.21 32.67 37.84 43.82 50.75 58.77 68.06 78.82 91.28 105.7 122.4 141.8 164.2 190.1 220.2 255.0 295.3 342.0 396.1 458.7 531.2 615.1 712.4 825.0 955.4 1106 1281 1484 1718 1990 2305 2669 3091 3580 4145 4801 5560 6439 7456 8635 1.000e4
4	Size	DOPC:PI 9:1 Surfactant(C12BAC):Lipid 1:1 31EX 10uM 07 11 24 4	07 November 2024 10:17:44	25.0	302.6	0.391	173.0	5560	0.000	98.8	1.2	0.0	43.30	0.000	0.000	0.0 0.0 0.0 0.0 0.0 0.0 0.0 0.0 0.0 0.0 0.0 0.0 0.0 0.0 0.0 0.0 0.0 0.0 0.0 0.0 0.0 0.0 0.0 0.0 0.0 0.0 0.0 0.0 0.0 0.0 0.0 0.0 0.0 0.0 0.0 0.0 0.0 0.3 5.0 12.3 18.6 21.2 19.2 13.5 6.8 1.8 0.0 0.0 0.0 0.0 0.0 0.0 0.0 0.0 0.0 0.0 0.0 0.0 0.0 0.0 0.0 0.0 0.0 0.0 0.0 1.2 0.0 0.0 0.0 0.0	0.4000 0.4632 0.5365 0.6213 0.7195 0.8332 0.9649 1.117 1.294 1.499 1.736 2.010 2.328 2.696 3.122 3.615 4.187 4.849 5.615 6.503 7.531 8.721 10.10 11.70 13.54 15.69 18.17 21.04 24.36 28.21 32.67 37.84 43.82 50.75 58.77 68.06 78.82 91.28 105.7 122.4 141.8 164.2 190.1 220.2 255.0 295.3 342.0 396.1 458.7 531.2 615.1 712.4 825.0 955.4 1106 1281 1484 1718 1990 2305 2669 3091 3580 4145 4801 5560 6439 7456 8635 1.000e4
5	Size	DOPC:PI 9:1 Surfactant(C12BAC):Lipid 1:1 31EX 10uM 07 11 24 5	07 November 2024 10:21:48	25.0	344.6	0.441	165.2	5366	741.9	81.9	9.2	8.9	48.82	331.4	160.9	0.0 0.0 0.0 0.0 0.0 0.0 0.0 0.0 0.0 0.0 0.0 0.0 0.0 0.0 0.0 0.0 0.0 0.0 0.0 0.0 0.0 0.0 0.0 0.0 0.0 0.0 0.0 0.0 0.0 0.0 0.0 0.0 0.0 0.0 0.0 0.0 0.1 3.0 7.7 12.2 14.9 14.9 12.6 9.0 5.1 2.0 0.3 0.0 0.3 1.0 1.8 2.2 1.9 1.2 0.5 0.0 0.0 0.0 0.0 0.0 0.0 0.0 0.0 0.0 2.3 6.9 0.0 0.0 0.0 0.0	0.4000 0.4632 0.5365 0.6213 0.7195 0.8332 0.9649 1.117 1.294 1.499 1.736 2.010 2.328 2.696 3.122 3.615 4.187 4.849 5.615 6.503 7.531 8.721 10.10 11.70 13.54 15.69 18.17 21.04 24.36 28.21 32.67 37.84 43.82 50.75 58.77 68.06 78.82 91.28 105.7 122.4 141.8 164.2 190.1 220.2 255.0 295.3 342.0 396.1 458.7 531.2 615.1 712.4 825.0 955.4 1106 1281 1484 1718 1990 2305 2669 3091 3580 4145 4801 5560 6439 7456 8635 1.000e4
9	Size	DOPC:PI 9:1 Surfactant(C12BAC):Lipid 1:1 31EX 5uM 07 11 24 1	07 November 2024 10:38:12	25.0	417.6	0.789	541.9	130.5	5145	44.3	37.6	18.1	167.7	40.56	513.2	0.0 0.0 0.0 0.0 0.0 0.0 0.0 0.0 0.0 0.0 0.0 0.0 0.0 0.0 0.0 0.0 0.0 0.0 0.0 0.0 0.0 0.0 0.0 0.0 0.0 0.0 0.0 0.0 0.0 0.0 0.0 0.0 0.0 0.0 0.0 0.7 2.7 5.1 6.8 7.2 6.3 4.4 2.5 1.2 1.0 1.9 3.7 5.7 7.2 7.8 7.2 5.5 3.3 1.3 0.2 0.0 0.0 0.0 0.0 0.0 0.0 0.0 0.1 2.1 5.8 10.3 0.0 0.0 0.0 0.0	0.4000 0.4632 0.5365 0.6213 0.7195 0.8332 0.9649 1.117 1.294 1.499 1.736 2.010 2.328 2.696 3.122 3.615 4.187 4.849 5.615 6.503 7.531 8.721 10.10 11.70 13.54 15.69 18.17 21.04 24.36 28.21 32.67 37.84 43.82 50.75 58.77 68.06 78.82 91.28 105.7 122.4 141.8 164.2 190.1 220.2 255.0 295.3 342.0 396.1 458.7 531.2 615.1 712.4 825.0 955.4 1106 1281 1484 1718 1990 2305 2669 3091 3580 4145 4801 5560 6439 7456 8635 1.000e4
10	Size	DOPC:PI 9:1 Surfactant(C12BAC):Lipid 1:1 31EX 5uM 07 11 24 2	07 November 2024 10:41:04	25.0	363.8	0.725	151.6	379.4	5480	60.0	33.5	6.6	50.17	98.10	232.9	0.0 0.0 0.0 0.0 0.0 0.0 0.0 0.0 0.0 0.0 0.0 0.0 0.0 0.0 0.0 0.0 0.0 0.0 0.0 0.0 0.0 0.0 0.0 0.0 0.0 0.0 0.0 0.0 0.0 0.0 0.0 0.0 0.0 0.0 0.0 0.1 2.4 5.8 8.7 10.1 9.8 8.4 6.7 5.7 5.5 6.0 6.6 6.6 5.5 3.6 1.4 0.1 0.0 0.0 0.0 0.0 0.0 0.0 0.0 0.0 0.0 0.0 0.0 0.0 0.7 6.2 0.0 0.0 0.0 0.0	0.4000 0.4632 0.5365 0.6213 0.7195 0.8332 0.9649 1.117 1.294 1.499 1.736 2.010 2.328 2.696 3.122 3.615 4.187 4.849 5.615 6.503 7.531 8.721 10.10 11.70 13.54 15.69 18.17 21.04 24.36 28.21 32.67 37.84 43.82 50.75 58.77 68.06 78.82 91.28 105.7 122.4 141.8 164.2 190.1 220.2 255.0 295.3 342.0 396.1 458.7 531.2 615.1 712.4 825.0 955.4 1106 1281 1484 1718 1990 2305 2669 3091 3580 4145 4801 5560 6439 7456 8635 1.000e4
11	Size	DOPC:PI 9:1 Surfactant(C12BAC):Lipid 1:1 31EX 5uM 07 11 24 3	07 November 2024 10:43:57	25.0	356.6	0.798	154.5	765.9	5366	62.6	26.4	11.1	35.32	177.1	330.6	0.0 0.0 0.0 0.0 0.0 0.0 0.0 0.0 0.0 0.0 0.0 0.0 0.0 0.0 0.0 0.0 0.0 0.0 0.0 0.0 0.0 0.0 0.0 0.0 0.0 0.0 0.0 0.0 0.0 0.0 0.0 0.0 0.0 0.0 0.0 0.0 0.0 1.0 5.9 11.6 14.7 13.8 9.7 4.7 1.2 0.0 0.0 0.0 0.8 2.7 4.8 6.0 5.7 4.1 1.9 0.3 0.0 0.0 0.0 0.0 0.0 0.0 0.0 0.0 2.8 8.2 0.0 0.0 0.0 0.0	0.4000 0.4632 0.5365 0.6213 0.7195 0.8332 0.9649 1.117 1.294 1.499 1.736 2.010 2.328 2.696 3.122 3.615 4.187 4.849 5.615 6.503 7.531 8.721 10.10 11.70 13.54 15.69 18.17 21.04 24.36 28.21 32.67 37.84 43.82 50.75 58.77 68.06 78.82 91.28 105.7 122.4 141.8 164.2 190.1 220.2 255.0 295.3 342.0 396.1 458.7 531.2 615.1 712.4 825.0 955.4 1106 1281 1484 1718 1990 2305 2669 3091 3580 4145 4801 5560 6439 7456 8635 1.000e4
12	Size	DOPC:PI 9:1 Surfactant(C12BAC):Lipid 1:1 31EX 5uM 07 11 24 4	07 November 2024 10:46:50	25.0	299.1	0.685	167.1	5560	0.000	95.3	4.7	0.0	47.68	6.104e-5	0.000	0.0 0.0 0.0 0.0 0.0 0.0 0.0 0.0 0.0 0.0 0.0 0.0 0.0 0.0 0.0 0.0 0.0 0.0 0.0 0.0 0.0 0.0 0.0 0.0 0.0 0.0 0.0 0.0 0.0 0.0 0.0 0.0 0.0 0.0 0.0 0.0 0.0 2.5 8.0 13.9 17.8 18.2 15.5 10.8 6.0 2.3 0.4 0.0 0.0 0.0 0.0 0.0 0.0 0.0 0.0 0.0 0.0 0.0 0.0 0.0 0.0 0.0 0.0 0.0 0.0 4.7 0.0 0.0 0.0 0.0	0.4000 0.4632 0.5365 0.6213 0.7195 0.8332 0.9649 1.117 1.294 1.499 1.736 2.010 2.328 2.696 3.122 3.615 4.187 4.849 5.615 6.503 7.531 8.721 10.10 11.70 13.54 15.69 18.17 21.04 24.36 28.21 32.67 37.84 43.82 50.75 58.77 68.06 78.82 91.28 105.7 122.4 141.8 164.2 190.1 220.2 255.0 295.3 342.0 396.1 458.7 531.2 615.1 712.4 825.0 955.4 1106 1281 1484 1718 1990 2305 2669 3091 3580 4145 4801 5560 6439 7456 8635 1.000e4
13	Size	DOPC:PI 9:1 Surfactant(C12BAC):Lipid 1:1 31EX 5uM 07 11 24 5	07 November 2024 10:49:43	25.0	338.4	0.689	195.2	5560	0.000	96.3	3.7	0.0	101.3	0.000	0.000	0.0 0.0 0.0 0.0 0.0 0.0 0.0 0.0 0.0 0.0 0.0 0.0 0.0 0.0 0.0 0.0 0.0 0.0 0.0 0.0 0.0 0.0 0.0 0.0 0.0 0.0 0.0 0.0 0.0 0.0 0.0 0.0 0.0 0.0 0.0 0.0 1.7 5.7 10.0 12.8 13.4 12.0 9.7 7.4 5.9 5.1 4.6 3.9 2.7 1.3 0.2 0.0 0.0 0.0 0.0 0.0 0.0 0.0 0.0 0.0 0.0 0.0 0.0 0.0 0.0 3.7 0.0 0.0 0.0 0.0	0.4000 0.4632 0.5365 0.6213 0.7195 0.8332 0.9649 1.117 1.294 1.499 1.736 2.010 2.328 2.696 3.122 3.615 4.187 4.849 5.615 6.503 7.531 8.721 10.10 11.70 13.54 15.69 18.17 21.04 24.36 28.21 32.67 37.84 43.82 50.75 58.77 68.06 78.82 91.28 105.7 122.4 141.8 164.2 190.1 220.2 255.0 295.3 342.0 396.1 458.7 531.2 615.1 712.4 825.0 955.4 1106 1281 1484 1718 1990 2305 2669 3091 3580 4145 4801 5560 6439 7456 8635 1.000e4
17	Size	DOPC:PI 9:1 Surfactant(C12E6):Lipid 1:1 31EX 100uM 07 11 24 1	07 November 2024 11:06:06	25.0	654.4	0.693	95.23	0.000	0.000	100.0	0.0	0.0	9.152	0.000	0.000	0.0 0.0 0.0 0.0 0.0 0.0 0.0 0.0 0.0 0.0 0.0 0.0 0.0 0.0 0.0 0.0 0.0 0.0 0.0 0.0 0.0 0.0 0.0 0.0 0.0 0.0 0.0 0.0 0.0 0.0 0.0 0.0 0.0 0.0 0.0 0.0 12.6 49.1 38.3 0.0 0.0 0.0 0.0 0.0 0.0 0.0 0.0 0.0 0.0 0.0 0.0 0.0 0.0 0.0 0.0 0.0 0.0 0.0 0.0 0.0 0.0 0.0 0.0 0.0 0.0 0.0 0.0 0.0 0.0 0.0	0.4000 0.4632 0.5365 0.6213 0.7195 0.8332 0.9649 1.117 1.294 1.499 1.736 2.010 2.328 2.696 3.122 3.615 4.187 4.849 5.615 6.503 7.531 8.721 10.10 11.70 13.54 15.69 18.17 21.04 24.36 28.21 32.67 37.84 43.82 50.75 58.77 68.06 78.82 91.28 105.7 122.4 141.8 164.2 190.1 220.2 255.0 295.3 342.0 396.1 458.7 531.2 615.1 712.4 825.0 955.4 1106 1281 1484 1718 1990 2305 2669 3091 3580 4145 4801 5560 6439 7456 8635 1.000e4
18	Size	DOPC:PI 9:1 Surfactant(C12E6):Lipid 1:1 31EX 100uM 07 11 24 1	07 November 2024 11:14:43	25.0	113.2	0.158	126.7	0.000	0.000	100.0	0.0	0.0	46.19	0.000	0.000	0.0 0.0 0.0 0.0 0.0 0.0 0.0 0.0 0.0 0.0 0.0 0.0 0.0 0.0 0.0 0.0 0.0 0.0 0.0 0.0 0.0 0.0 0.0 0.0 0.0 0.0 0.0 0.0 0.0 0.0 0.0 0.0 0.0 0.6 2.6 5.9 9.6 12.8 14.7 14.9 13.6 10.9 7.7 4.5 1.9 0.5 0.0 0.0 0.0 0.0 0.0 0.0 0.0 0.0 0.0 0.0 0.0 0.0 0.0 0.0 0.0 0.0 0.0 0.0 0.0 0.0 0.0 0.0 0.0 0.0	0.4000 0.4632 0.5365 0.6213 0.7195 0.8332 0.9649 1.117 1.294 1.499 1.736 2.010 2.328 2.696 3.122 3.615 4.187 4.849 5.615 6.503 7.531 8.721 10.10 11.70 13.54 15.69 18.17 21.04 24.36 28.21 32.67 37.84 43.82 50.75 58.77 68.06 78.82 91.28 105.7 122.4 141.8 164.2 190.1 220.2 255.0 295.3 342.0 396.1 458.7 531.2 615.1 712.4 825.0 955.4 1106 1281 1484 1718 1990 2305 2669 3091 3580 4145 4801 5560 6439 7456 8635 1.000e4
19	Size	DOPC:PI 9:1 Surfactant(C12E6):Lipid 1:1 31EX 100uM 07 11 24 2	07 November 2024 11:17:05	25.0	109.7	0.157	133.8	0.000	0.000	100.0	0.0	0.0	64.77	0.000	0.000	0.0 0.0 0.0 0.0 0.0 0.0 0.0 0.0 0.0 0.0 0.0 0.0 0.0 0.0 0.0 0.0 0.0 0.0 0.0 0.0 0.0 0.0 0.0 0.0 0.0 0.0 0.0 0.0 0.0 0.0 0.0 0.0 0.6 2.3 4.7 7.2 9.5 11.0 11.7 11.6 10.8 9.4 7.6 5.7 3.9 2.3 1.2 0.4 0.1 0.0 0.0 0.0 0.0 0.0 0.0 0.0 0.0 0.0 0.0 0.0 0.0 0.0 0.0 0.0 0.0 0.0 0.0 0.0 0.0 0.0	0.4000 0.4632 0.5365 0.6213 0.7195 0.8332 0.9649 1.117 1.294 1.499 1.736 2.010 2.328 2.696 3.122 3.615 4.187 4.849 5.615 6.503 7.531 8.721 10.10 11.70 13.54 15.69 18.17 21.04 24.36 28.21 32.67 37.84 43.82 50.75 58.77 68.06 78.82 91.28 105.7 122.4 141.8 164.2 190.1 220.2 255.0 295.3 342.0 396.1 458.7 531.2 615.1 712.4 825.0 955.4 1106 1281 1484 1718 1990 2305 2669 3091 3580 4145 4801 5560 6439 7456 8635 1.000e4
20	Size	DOPC:PI 9:1 Surfactant(C12E6):Lipid 1:1 31EX 100uM 07 11 24 3	07 November 2024 11:19:28	25.0	110.4	0.160	124.9	4782	0.000	98.8	1.2	0.0	50.53	732.2	0.000	0.0 0.0 0.0 0.0 0.0 0.0 0.0 0.0 0.0 0.0 0.0 0.0 0.0 0.0 0.0 0.0 0.0 0.0 0.0 0.0 0.0 0.0 0.0 0.0 0.0 0.0 0.0 0.0 0.0 0.0 0.0 0.0 0.0 1.3 3.9 7.2 10.4 12.6 13.7 13.3 11.9 9.6 7.0 4.5 2.4 0.9 0.2 0.0 0.0 0.0 0.0 0.0 0.0 0.0 0.0 0.0 0.0 0.0 0.0 0.0 0.0 0.0 0.1 0.2 0.3 0.4 0.0 0.0 0.0 0.0	0.4000 0.4632 0.5365 0.6213 0.7195 0.8332 0.9649 1.117 1.294 1.499 1.736 2.010 2.328 2.696 3.122 3.615 4.187 4.849 5.615 6.503 7.531 8.721 10.10 11.70 13.54 15.69 18.17 21.04 24.36 28.21 32.67 37.84 43.82 50.75 58.77 68.06 78.82 91.28 105.7 122.4 141.8 164.2 190.1 220.2 255.0 295.3 342.0 396.1 458.7 531.2 615.1 712.4 825.0 955.4 1106 1281 1484 1718 1990 2305 2669 3091 3580 4145 4801 5560 6439 7456 8635 1.000e4
24	Size	DOPC:PI 9:1 Surfactant(C12E6):Lipid 1:1 31EX 200uM 07 11 24 1	07 November 2024 15:41:49	25.0	152.5	0.229	188.0	4803	0.000	98.4	1.6	0.0	102.3	725.4	0.000	0.0 0.0 0.0 0.0 0.0 0.0 0.0 0.0 0.0 0.0 0.0 0.0 0.0 0.0 0.0 0.0 0.0 0.0 0.0 0.0 0.0 0.0 0.0 0.0 0.0 0.0 0.0 0.0 0.0 0.0 0.0 0.0 0.0 0.2 1.2 2.9 5.0 7.0 8.7 9.8 10.4 10.3 9.7 8.7 7.4 5.9 4.5 3.1 1.9 1.0 0.4 0.1 0.0 0.0 0.0 0.0 0.0 0.0 0.0 0.0 0.0 0.0 0.2 0.3 0.5 0.6 0.0 0.0 0.0 0.0	0.4000 0.4632 0.5365 0.6213 0.7195 0.8332 0.9649 1.117 1.294 1.499 1.736 2.010 2.328 2.696 3.122 3.615 4.187 4.849 5.615 6.503 7.531 8.721 10.10 11.70 13.54 15.69 18.17 21.04 24.36 28.21 32.67 37.84 43.82 50.75 58.77 68.06 78.82 91.28 105.7 122.4 141.8 164.2 190.1 220.2 255.0 295.3 342.0 396.1 458.7 531.2 615.1 712.4 825.0 955.4 1106 1281 1484 1718 1990 2305 2669 3091 3580 4145 4801 5560 6439 7456 8635 1.000e4
25	Size	DOPC:PI 9:1 Surfactant(C12E6):Lipid 1:1 31EX 200uM 07 11 24 2	07 November 2024 15:44:21	25.0	146.3	0.220	179.5	4740	0.000	98.1	1.9	0.0	102.6	759.6	0.000	0.0 0.0 0.0 0.0 0.0 0.0 0.0 0.0 0.0 0.0 0.0 0.0 0.0 0.0 0.0 0.0 0.0 0.0 0.0 0.0 0.0 0.0 0.0 0.0 0.0 0.0 0.0 0.0 0.0 0.0 0.0 0.0 0.0 0.0 1.2 3.4 6.0 8.3 10.0 10.7 10.7 10.1 9.0 7.7 6.3 5.0 3.7 2.6 1.7 1.0 0.5 0.2 0.0 0.0 0.0 0.0 0.0 0.0 0.0 0.0 0.0 0.1 0.2 0.4 0.6 0.7 0.0 0.0 0.0 0.0	0.4000 0.4632 0.5365 0.6213 0.7195 0.8332 0.9649 1.117 1.294 1.499 1.736 2.010 2.328 2.696 3.122 3.615 4.187 4.849 5.615 6.503 7.531 8.721 10.10 11.70 13.54 15.69 18.17 21.04 24.36 28.21 32.67 37.84 43.82 50.75 58.77 68.06 78.82 91.28 105.7 122.4 141.8 164.2 190.1 220.2 255.0 295.3 342.0 396.1 458.7 531.2 615.1 712.4 825.0 955.4 1106 1281 1484 1718 1990 2305 2669 3091 3580 4145 4801 5560 6439 7456 8635 1.000e4
26	Size	DOPC:PI 9:1 Surfactant(C12E6):Lipid 1:1 31EX 200uM 07 11 24 3	07 November 2024 15:46:54	25.0	137.3	0.210	145.8	2734	0.000	92.6	7.4	0.0	57.68	1207	0.000	0.0 0.0 0.0 0.0 0.0 0.0 0.0 0.0 0.0 0.0 0.0 0.0 0.0 0.0 0.0 0.0 0.0 0.0 0.0 0.0 0.0 0.0 0.0 0.0 0.0 0.0 0.0 0.0 0.0 0.0 0.0 0.0 0.0 0.0 0.5 2.9 6.4 9.8 12.3 13.4 13.0 11.4 9.1 6.5 4.1 2.2 0.9 0.2 0.0 0.0 0.0 0.0 0.0 0.1 0.3 0.4 0.6 0.7 0.8 0.8 0.8 0.8 0.7 0.6 0.5 0.3 0.0 0.0 0.0 0.0	0.4000 0.4632 0.5365 0.6213 0.7195 0.8332 0.9649 1.117 1.294 1.499 1.736 2.010 2.328 2.696 3.122 3.615 4.187 4.849 5.615 6.503 7.531 8.721 10.10 11.70 13.54 15.69 18.17 21.04 24.36 28.21 32.67 37.84 43.82 50.75 58.77 68.06 78.82 91.28 105.7 122.4 141.8 164.2 190.1 220.2 255.0 295.3 342.0 396.1 458.7 531.2 615.1 712.4 825.0 955.4 1106 1281 1484 1718 1990 2305 2669 3091 3580 4145 4801 5560 6439 7456 8635 1.000e4
27	Size	DOPC:PI 9:1 Surfactant(C12E6):Lipid 1:1 31EX 200uM 07 11 24 4	07 November 2024 15:49:27	25.0	141.2	0.212	169.8	4467	0.000	97.9	2.1	0.0	87.43	894.3	0.000	0.0 0.0 0.0 0.0 0.0 0.0 0.0 0.0 0.0 0.0 0.0 0.0 0.0 0.0 0.0 0.0 0.0 0.0 0.0 0.0 0.0 0.0 0.0 0.0 0.0 0.0 0.0 0.0 0.0 0.0 0.0 0.0 0.0 0.4 1.8 3.8 6.0 8.1 9.7 10.6 10.9 10.5 9.5 8.2 6.6 4.9 3.4 2.0 1.0 0.4 0.1 0.0 0.0 0.0 0.0 0.0 0.0 0.0 0.0 0.0 0.1 0.2 0.3 0.4 0.5 0.6 0.0 0.0 0.0 0.0	0.4000 0.4632 0.5365 0.6213 0.7195 0.8332 0.9649 1.117 1.294 1.499 1.736 2.010 2.328 2.696 3.122 3.615 4.187 4.849 5.615 6.503 7.531 8.721 10.10 11.70 13.54 15.69 18.17 21.04 24.36 28.21 32.67 37.84 43.82 50.75 58.77 68.06 78.82 91.28 105.7 122.4 141.8 164.2 190.1 220.2 255.0 295.3 342.0 396.1 458.7 531.2 615.1 712.4 825.0 955.4 1106 1281 1484 1718 1990 2305 2669 3091 3580 4145 4801 5560 6439 7456 8635 1.000e4
28	Size	DOPC:PI 9:1 Surfactant(C12E6):Lipid 1:1 31EX 200uM 07 11 24 5	07 November 2024 15:51:59	25.0	138.5	0.208	158.1	4511	0.000	97.2	2.8	0.0	71.65	872.7	0.000	0.0 0.0 0.0 0.0 0.0 0.0 0.0 0.0 0.0 0.0 0.0 0.0 0.0 0.0 0.0 0.0 0.0 0.0 0.0 0.0 0.0 0.0 0.0 0.0 0.0 0.0 0.0 0.0 0.0 0.0 0.0 0.0 0.0 0.2 1.4 3.6 6.2 8.7 10.7 11.8 12.0 11.3 9.9 8.0 5.9 3.9 2.2 1.0 0.3 0.0 0.0 0.0 0.0 0.0 0.0 0.0 0.0 0.0 0.0 0.0 0.1 0.2 0.4 0.6 0.7 0.8 0.0 0.0 0.0 0.0	0.4000 0.4632 0.5365 0.6213 0.7195 0.8332 0.9649 1.117 1.294 1.499 1.736 2.010 2.328 2.696 3.122 3.615 4.187 4.849 5.615 6.503 7.531 8.721 10.10 11.70 13.54 15.69 18.17 21.04 24.36 28.21 32.67 37.84 43.82 50.75 58.77 68.06 78.82 91.28 105.7 122.4 141.8 164.2 190.1 220.2 255.0 295.3 342.0 396.1 458.7 531.2 615.1 712.4 825.0 955.4 1106 1281 1484 1718 1990 2305 2669 3091 3580 4145 4801 5560 6439 7456 8635 1.000e4
32	Size	DOPC:PI 9:1 Surfactant(C12BAC):Lipid 1:1 31EX 200uM 07 11 24 1	07 November 2024 16:07:21	25.0	106.3	0.119	121.9	0.000	0.000	100.0	0.0	0.0	47.37	0.000	0.000	0.0 0.0 0.0 0.0 0.0 0.0 0.0 0.0 0.0 0.0 0.0 0.0 0.0 0.0 0.0 0.0 0.0 0.0 0.0 0.0 0.0 0.0 0.0 0.0 0.0 0.0 0.0 0.0 0.0 0.0 0.0 0.0 0.0 1.3 4.1 7.6 10.9 13.3 14.2 13.8 12.1 9.6 6.7 4.0 1.9 0.6 0.0 0.0 0.0 0.0 0.0 0.0 0.0 0.0 0.0 0.0 0.0 0.0 0.0 0.0 0.0 0.0 0.0 0.0 0.0 0.0 0.0 0.0 0.0 0.0	0.4000 0.4632 0.5365 0.6213 0.7195 0.8332 0.9649 1.117 1.294 1.499 1.736 2.010 2.328 2.696 3.122 3.615 4.187 4.849 5.615 6.503 7.531 8.721 10.10 11.70 13.54 15.69 18.17 21.04 24.36 28.21 32.67 37.84 43.82 50.75 58.77 68.06 78.82 91.28 105.7 122.4 141.8 164.2 190.1 220.2 255.0 295.3 342.0 396.1 458.7 531.2 615.1 712.4 825.0 955.4 1106 1281 1484 1718 1990 2305 2669 3091 3580 4145 4801 5560 6439 7456 8635 1.000e4
33	Size	DOPC:PI 9:1 Surfactant(C12BAC):Lipid 1:1 31EX 200uM 07 11 24 2	07 November 2024 16:10:14	25.0	111.7	0.166	138.4	0.000	0.000	100.0	0.0	0.0	71.46	0.000	0.000	0.0 0.0 0.0 0.0 0.0 0.0 0.0 0.0 0.0 0.0 0.0 0.0 0.0 0.0 0.0 0.0 0.0 0.0 0.0 0.0 0.0 0.0 0.0 0.0 0.0 0.0 0.0 0.0 0.0 0.0 0.0 0.0 0.4 2.1 4.5 7.2 9.4 10.9 11.5 11.3 10.5 9.1 7.5 5.8 4.2 2.8 1.6 0.8 0.3 0.1 0.0 0.0 0.0 0.0 0.0 0.0 0.0 0.0 0.0 0.0 0.0 0.0 0.0 0.0 0.0 0.0 0.0 0.0 0.0 0.0	0.4000 0.4632 0.5365 0.6213 0.7195 0.8332 0.9649 1.117 1.294 1.499 1.736 2.010 2.328 2.696 3.122 3.615 4.187 4.849 5.615 6.503 7.531 8.721 10.10 11.70 13.54 15.69 18.17 21.04 24.36 28.21 32.67 37.84 43.82 50.75 58.77 68.06 78.82 91.28 105.7 122.4 141.8 164.2 190.1 220.2 255.0 295.3 342.0 396.1 458.7 531.2 615.1 712.4 825.0 955.4 1106 1281 1484 1718 1990 2305 2669 3091 3580 4145 4801 5560 6439 7456 8635 1.000e4
34	Size	DOPC:PI 9:1 Surfactant(C12BAC):Lipid 1:1 31EX 200uM 07 11 24 3	07 November 2024 16:13:07	25.0	113.2	0.195	124.4	4434	0.000	96.7	3.3	0.0	50.38	907.8	0.000	0.0 0.0 0.0 0.0 0.0 0.0 0.0 0.0 0.0 0.0 0.0 0.0 0.0 0.0 0.0 0.0 0.0 0.0 0.0 0.0 0.0 0.0 0.0 0.0 0.0 0.0 0.0 0.0 0.0 0.0 0.0 0.0 0.0 1.2 3.8 7.2 10.4 12.6 13.5 13.1 11.5 9.2 6.7 4.2 2.3 0.9 0.2 0.0 0.0 0.0 0.0 0.0 0.0 0.0 0.0 0.0 0.0 0.0 0.0 0.0 0.1 0.3 0.5 0.7 0.8 0.9 0.0 0.0 0.0 0.0	0.4000 0.4632 0.5365 0.6213 0.7195 0.8332 0.9649 1.117 1.294 1.499 1.736 2.010 2.328 2.696 3.122 3.615 4.187 4.849 5.615 6.503 7.531 8.721 10.10 11.70 13.54 15.69 18.17 21.04 24.36 28.21 32.67 37.84 43.82 50.75 58.77 68.06 78.82 91.28 105.7 122.4 141.8 164.2 190.1 220.2 255.0 295.3 342.0 396.1 458.7 531.2 615.1 712.4 825.0 955.4 1106 1281 1484 1718 1990 2305 2669 3091 3580 4145 4801 5560 6439 7456 8635 1.000e4
35	Size	DOPC:PI 9:1 Surfactant(C12BAC):Lipid 1:1 31EX 200uM 07 11 24 4	07 November 2024 16:16:00	25.0	117.8	0.190	144.8	0.000	0.000	100.0	0.0	0.0	74.57	0.000	0.000	0.0 0.0 0.0 0.0 0.0 0.0 0.0 0.0 0.0 0.0 0.0 0.0 0.0 0.0 0.0 0.0 0.0 0.0 0.0 0.0 0.0 0.0 0.0 0.0 0.0 0.0 0.0 0.0 0.0 0.0 0.0 0.0 0.4 1.8 3.9 6.3 8.5 10.2 11.1 11.3 10.7 9.6 8.1 6.5 4.8 3.3 2.0 1.0 0.4 0.1 0.0 0.0 0.0 0.0 0.0 0.0 0.0 0.0 0.0 0.0 0.0 0.0 0.0 0.0 0.0 0.0 0.0 0.0 0.0 0.0	0.4000 0.4632 0.5365 0.6213 0.7195 0.8332 0.9649 1.117 1.294 1.499 1.736 2.010 2.328 2.696 3.122 3.615 4.187 4.849 5.615 6.503 7.531 8.721 10.10 11.70 13.54 15.69 18.17 21.04 24.36 28.21 32.67 37.84 43.82 50.75 58.77 68.06 78.82 91.28 105.7 122.4 141.8 164.2 190.1 220.2 255.0 295.3 342.0 396.1 458.7 531.2 615.1 712.4 825.0 955.4 1106 1281 1484 1718 1990 2305 2669 3091 3580 4145 4801 5560 6439 7456 8635 1.000e4
36	Size	DOPC:PI 9:1 Surfactant(C12BAC):Lipid 1:1 31EX 200uM 07 11 24 5	07 November 2024 16:18:52	25.0	116.3	0.220	128.7	3594	0.000	94.9	5.1	0.0	58.70	1399	0.000	0.0 0.0 0.0 0.0 0.0 0.0 0.0 0.0 0.0 0.0 0.0 0.0 0.0 0.0 0.0 0.0 0.0 0.0 0.0 0.0 0.0 0.0 0.0 0.0 0.0 0.0 0.0 0.0 0.0 0.0 0.0 0.0 0.0 1.3 4.0 7.3 10.1 11.9 12.5 12.0 10.5 8.6 6.5 4.6 2.9 1.6 0.8 0.3 0.0 0.0 0.0 0.0 0.1 0.1 0.1 0.1 0.1 0.2 0.2 0.3 0.4 0.5 0.6 0.7 0.8 0.8 0.0 0.0 0.0 0.0	0.4000 0.4632 0.5365 0.6213 0.7195 0.8332 0.9649 1.117 1.294 1.499 1.736 2.010 2.328 2.696 3.122 3.615 4.187 4.849 5.615 6.503 7.531 8.721 10.10 11.70 13.54 15.69 18.17 21.04 24.36 28.21 32.67 37.84 43.82 50.75 58.77 68.06 78.82 91.28 105.7 122.4 141.8 164.2 190.1 220.2 255.0 295.3 342.0 396.1 458.7 531.2 615.1 712.4 825.0 955.4 1106 1281 1484 1718 1990 2305 2669 3091 3580 4145 4801 5560 6439 7456 8635 1.000e4

Record	Type	Sample Name	Measurement Date and Time	T	Z-Ave	PdI	Pk 1 Mean Int	Pk 2 Mean Int	Pk 3 Mean Int	Pk 1 Area Int	Pk 2 Area Int	Pk 3 Area Int	Size Peak	Size Peak	Size Peak	Intensities	Sizes
 		 	 	Â°C	d.nm	 	d.nm	d.nm	d.nm	Percent	Percent	Percent	d.nm	d.nm	d.nm	Percent	d.nm
1	Size	DOPC 41EX 1mg/ml 1C 12 11 24 1	12 November 2024 12:36:58	25.0	112.7	0.168	135.1	0.000	0.000	100.0	0.0	0.0	61.71	0.000	0.000	0.0 0.0 0.0 0.0 0.0 0.0 0.0 0.0 0.0 0.0 0.0 0.0 0.0 0.0 0.0 0.0 0.0 0.0 0.0 0.0 0.0 0.0 0.0 0.0 0.0 0.0 0.0 0.0 0.0 0.0 0.0 0.1 0.7 2.1 4.1 6.4 8.6 10.5 11.7 12.0 11.5 10.2 8.4 6.2 4.1 2.2 0.9 0.2 0.0 0.0 0.0 0.0 0.0 0.0 0.0 0.0 0.0 0.0 0.0 0.0 0.0 0.0 0.0 0.0 0.0 0.0 0.0 0.0 0.0 0.0	0.4000 0.4632 0.5365 0.6213 0.7195 0.8332 0.9649 1.117 1.294 1.499 1.736 2.010 2.328 2.696 3.122 3.615 4.187 4.849 5.615 6.503 7.531 8.721 10.10 11.70 13.54 15.69 18.17 21.04 24.36 28.21 32.67 37.84 43.82 50.75 58.77 68.06 78.82 91.28 105.7 122.4 141.8 164.2 190.1 220.2 255.0 295.3 342.0 396.1 458.7 531.2 615.1 712.4 825.0 955.4 1106 1281 1484 1718 1990 2305 2669 3091 3580 4145 4801 5560 6439 7456 8635 1.000e4
2	Size	DOPC 41EX 1mg/ml 1C 12 11 24 2	12 November 2024 12:39:30	25.0	111.1	0.113	126.8	0.000	0.000	100.0	0.0	0.0	47.79	0.000	0.000	0.0 0.0 0.0 0.0 0.0 0.0 0.0 0.0 0.0 0.0 0.0 0.0 0.0 0.0 0.0 0.0 0.0 0.0 0.0 0.0 0.0 0.0 0.0 0.0 0.0 0.0 0.0 0.0 0.0 0.0 0.0 0.0 0.0 1.0 3.2 6.3 9.5 12.3 14.0 14.3 13.2 10.9 7.9 4.7 2.2 0.5 0.0 0.0 0.0 0.0 0.0 0.0 0.0 0.0 0.0 0.0 0.0 0.0 0.0 0.0 0.0 0.0 0.0 0.0 0.0 0.0 0.0 0.0 0.0 0.0	0.4000 0.4632 0.5365 0.6213 0.7195 0.8332 0.9649 1.117 1.294 1.499 1.736 2.010 2.328 2.696 3.122 3.615 4.187 4.849 5.615 6.503 7.531 8.721 10.10 11.70 13.54 15.69 18.17 21.04 24.36 28.21 32.67 37.84 43.82 50.75 58.77 68.06 78.82 91.28 105.7 122.4 141.8 164.2 190.1 220.2 255.0 295.3 342.0 396.1 458.7 531.2 615.1 712.4 825.0 955.4 1106 1281 1484 1718 1990 2305 2669 3091 3580 4145 4801 5560 6439 7456 8635 1.000e4
3	Size	DOPC 41EX 1mg/ml 1C 12 11 24 3	12 November 2024 12:42:03	25.0	111.1	0.161	130.7	0.000	0.000	100.0	0.0	0.0	56.66	0.000	0.000	0.0 0.0 0.0 0.0 0.0 0.0 0.0 0.0 0.0 0.0 0.0 0.0 0.0 0.0 0.0 0.0 0.0 0.0 0.0 0.0 0.0 0.0 0.0 0.0 0.0 0.0 0.0 0.0 0.0 0.0 0.0 0.0 0.7 2.1 4.2 6.6 9.1 11.0 12.3 12.5 11.8 10.3 8.1 5.7 3.4 1.6 0.5 0.0 0.0 0.0 0.0 0.0 0.0 0.0 0.0 0.0 0.0 0.0 0.0 0.0 0.0 0.0 0.0 0.0 0.0 0.0 0.0 0.0 0.0 0.0	0.4000 0.4632 0.5365 0.6213 0.7195 0.8332 0.9649 1.117 1.294 1.499 1.736 2.010 2.328 2.696 3.122 3.615 4.187 4.849 5.615 6.503 7.531 8.721 10.10 11.70 13.54 15.69 18.17 21.04 24.36 28.21 32.67 37.84 43.82 50.75 58.77 68.06 78.82 91.28 105.7 122.4 141.8 164.2 190.1 220.2 255.0 295.3 342.0 396.1 458.7 531.2 615.1 712.4 825.0 955.4 1106 1281 1484 1718 1990 2305 2669 3091 3580 4145 4801 5560 6439 7456 8635 1.000e4
4	Size	DOPC 41EX 1mg/ml 1C 12 11 24 4	12 November 2024 12:44:35	25.0	111.1	0.147	132.1	0.000	0.000	100.0	0.0	0.0	57.02	0.000	0.000	0.0 0.0 0.0 0.0 0.0 0.0 0.0 0.0 0.0 0.0 0.0 0.0 0.0 0.0 0.0 0.0 0.0 0.0 0.0 0.0 0.0 0.0 0.0 0.0 0.0 0.0 0.0 0.0 0.0 0.0 0.0 0.1 0.8 2.1 4.0 6.3 8.6 10.6 12.0 12.5 12.0 10.6 8.5 6.0 3.6 1.6 0.4 0.0 0.0 0.0 0.0 0.0 0.0 0.0 0.0 0.0 0.0 0.0 0.0 0.0 0.0 0.0 0.0 0.0 0.0 0.0 0.0 0.0 0.0 0.0	0.4000 0.4632 0.5365 0.6213 0.7195 0.8332 0.9649 1.117 1.294 1.499 1.736 2.010 2.328 2.696 3.122 3.615 4.187 4.849 5.615 6.503 7.531 8.721 10.10 11.70 13.54 15.69 18.17 21.04 24.36 28.21 32.67 37.84 43.82 50.75 58.77 68.06 78.82 91.28 105.7 122.4 141.8 164.2 190.1 220.2 255.0 295.3 342.0 396.1 458.7 531.2 615.1 712.4 825.0 955.4 1106 1281 1484 1718 1990 2305 2669 3091 3580 4145 4801 5560 6439 7456 8635 1.000e4
5	Size	DOPC 41EX 1mg/ml 1C 12 11 24 5	12 November 2024 12:47:08	25.0	110.2	0.145	126.7	0.000	0.000	100.0	0.0	0.0	51.12	0.000	0.000	0.0 0.0 0.0 0.0 0.0 0.0 0.0 0.0 0.0 0.0 0.0 0.0 0.0 0.0 0.0 0.0 0.0 0.0 0.0 0.0 0.0 0.0 0.0 0.0 0.0 0.0 0.0 0.0 0.0 0.0 0.0 0.0 0.1 1.3 3.8 6.9 9.9 12.3 13.6 13.5 12.3 10.2 7.5 4.9 2.6 1.0 0.2 0.0 0.0 0.0 0.0 0.0 0.0 0.0 0.0 0.0 0.0 0.0 0.0 0.0 0.0 0.0 0.0 0.0 0.0 0.0 0.0 0.0 0.0 0.0	0.4000 0.4632 0.5365 0.6213 0.7195 0.8332 0.9649 1.117 1.294 1.499 1.736 2.010 2.328 2.696 3.122 3.615 4.187 4.849 5.615 6.503 7.531 8.721 10.10 11.70 13.54 15.69 18.17 21.04 24.36 28.21 32.67 37.84 43.82 50.75 58.77 68.06 78.82 91.28 105.7 122.4 141.8 164.2 190.1 220.2 255.0 295.3 342.0 396.1 458.7 531.2 615.1 712.4 825.0 955.4 1106 1281 1484 1718 1990 2305 2669 3091 3580 4145 4801 5560 6439 7456 8635 1.000e4
6	Size	DOPC 11EX 1mg/ml 1C 12 11 24 1	12 November 2024 13:20:12	25.0	144.9	0.261	157.8	4427	0.000	93.9	6.1	0.0	72.16	910.9	0.000	0.0 0.0 0.0 0.0 0.0 0.0 0.0 0.0 0.0 0.0 0.0 0.0 0.0 0.0 0.0 0.0 0.0 0.0 0.0 0.0 0.0 0.0 0.0 0.0 0.0 0.0 0.0 0.0 0.0 0.0 0.0 0.1 0.3 0.8 1.9 3.6 5.6 7.8 9.6 10.9 11.4 11.0 9.8 8.0 6.0 3.9 2.2 0.9 0.2 0.0 0.0 0.0 0.0 0.0 0.0 0.0 0.0 0.0 0.0 0.1 0.3 0.5 0.9 1.2 1.5 1.6 0.0 0.0 0.0 0.0	0.4000 0.4632 0.5365 0.6213 0.7195 0.8332 0.9649 1.117 1.294 1.499 1.736 2.010 2.328 2.696 3.122 3.615 4.187 4.849 5.615 6.503 7.531 8.721 10.10 11.70 13.54 15.69 18.17 21.04 24.36 28.21 32.67 37.84 43.82 50.75 58.77 68.06 78.82 91.28 105.7 122.4 141.8 164.2 190.1 220.2 255.0 295.3 342.0 396.1 458.7 531.2 615.1 712.4 825.0 955.4 1106 1281 1484 1718 1990 2305 2669 3091 3580 4145 4801 5560 6439 7456 8635 1.000e4
7	Size	DOPC 11EX 1mg/ml 1C 12 11 24 2	12 November 2024 13:22:24	25.0	140.6	0.286	152.4	4678	0.000	94.4	5.6	0.0	68.32	793.6	0.000	0.0 0.0 0.0 0.0 0.0 0.0 0.0 0.0 0.0 0.0 0.0 0.0 0.0 0.0 0.0 0.0 0.0 0.0 0.0 0.0 0.0 0.0 0.0 0.0 0.0 0.0 0.0 0.0 0.0 0.0 0.0 0.1 0.4 1.2 2.4 4.0 5.9 8.0 9.7 11.0 11.5 11.0 9.8 7.9 5.7 3.5 1.7 0.5 0.0 0.0 0.0 0.0 0.0 0.0 0.0 0.0 0.0 0.0 0.0 0.0 0.1 0.3 0.7 1.1 1.6 1.9 0.0 0.0 0.0 0.0	0.4000 0.4632 0.5365 0.6213 0.7195 0.8332 0.9649 1.117 1.294 1.499 1.736 2.010 2.328 2.696 3.122 3.615 4.187 4.849 5.615 6.503 7.531 8.721 10.10 11.70 13.54 15.69 18.17 21.04 24.36 28.21 32.67 37.84 43.82 50.75 58.77 68.06 78.82 91.28 105.7 122.4 141.8 164.2 190.1 220.2 255.0 295.3 342.0 396.1 458.7 531.2 615.1 712.4 825.0 955.4 1106 1281 1484 1718 1990 2305 2669 3091 3580 4145 4801 5560 6439 7456 8635 1.000e4
8	Size	DOPC 11EX 1mg/ml 1C 12 11 24 3	12 November 2024 13:24:37	25.0	138.3	0.274	149.5	4776	30.67	94.3	5.0	0.7	62.53	734.8	4.237	0.0 0.0 0.0 0.0 0.0 0.0 0.0 0.0 0.0 0.0 0.0 0.0 0.0 0.0 0.0 0.0 0.0 0.0 0.0 0.0 0.0 0.0 0.0 0.0 0.0 0.0 0.0 0.0 0.1 0.3 0.2 0.1 0.1 0.6 1.8 3.7 6.0 8.5 10.6 12.0 12.3 11.6 10.0 7.7 5.1 2.9 1.2 0.2 0.0 0.0 0.0 0.0 0.0 0.0 0.0 0.0 0.0 0.0 0.0 0.0 0.0 0.2 0.5 1.0 1.5 1.8 0.0 0.0 0.0 0.0	0.4000 0.4632 0.5365 0.6213 0.7195 0.8332 0.9649 1.117 1.294 1.499 1.736 2.010 2.328 2.696 3.122 3.615 4.187 4.849 5.615 6.503 7.531 8.721 10.10 11.70 13.54 15.69 18.17 21.04 24.36 28.21 32.67 37.84 43.82 50.75 58.77 68.06 78.82 91.28 105.7 122.4 141.8 164.2 190.1 220.2 255.0 295.3 342.0 396.1 458.7 531.2 615.1 712.4 825.0 955.4 1106 1281 1484 1718 1990 2305 2669 3091 3580 4145 4801 5560 6439 7456 8635 1.000e4
9	Size	DOPC 11EX 1mg/ml 1C 12 11 24 4	12 November 2024 13:26:49	25.0	139.4	0.312	140.5	1042	4160	85.0	10.3	4.7	67.10	459.1	1059	0.0 0.0 0.0 0.0 0.0 0.0 0.0 0.0 0.0 0.0 0.0 0.0 0.0 0.0 0.0 0.0 0.0 0.0 0.0 0.0 0.0 0.0 0.0 0.0 0.0 0.0 0.0 0.0 0.0 0.0 0.0 0.0 0.0 0.2 1.9 4.7 7.8 10.2 11.5 11.6 10.5 8.8 6.8 4.8 3.0 1.8 1.0 0.6 0.6 0.7 1.0 1.2 1.3 1.3 1.2 1.0 0.8 0.6 0.4 0.4 0.4 0.5 0.6 0.8 1.0 1.1 0.0 0.0 0.0 0.0	0.4000 0.4632 0.5365 0.6213 0.7195 0.8332 0.9649 1.117 1.294 1.499 1.736 2.010 2.328 2.696 3.122 3.615 4.187 4.849 5.615 6.503 7.531 8.721 10.10 11.70 13.54 15.69 18.17 21.04 24.36 28.21 32.67 37.84 43.82 50.75 58.77 68.06 78.82 91.28 105.7 122.4 141.8 164.2 190.1 220.2 255.0 295.3 342.0 396.1 458.7 531.2 615.1 712.4 825.0 955.4 1106 1281 1484 1718 1990 2305 2669 3091 3580 4145 4801 5560 6439 7456 8635 1.000e4
10	Size	DOPC 11EX 1mg/ml 1C 12 11 24 5	12 November 2024 13:29:02	25.0	137.5	0.283	137.0	3938	0.000	90.2	9.8	0.0	50.70	1107	0.000	0.0 0.0 0.0 0.0 0.0 0.0 0.0 0.0 0.0 0.0 0.0 0.0 0.0 0.0 0.0 0.0 0.0 0.0 0.0 0.0 0.0 0.0 0.0 0.0 0.0 0.0 0.0 0.0 0.0 0.0 0.0 0.0 0.0 0.0 1.2 3.8 7.0 10.2 12.5 13.4 12.9 11.0 8.4 5.5 2.9 1.1 0.2 0.0 0.0 0.0 0.0 0.0 0.0 0.0 0.0 0.0 0.0 0.1 0.3 0.6 0.9 1.2 1.5 1.7 1.8 1.7 0.0 0.0 0.0 0.0	0.4000 0.4632 0.5365 0.6213 0.7195 0.8332 0.9649 1.117 1.294 1.499 1.736 2.010 2.328 2.696 3.122 3.615 4.187 4.849 5.615 6.503 7.531 8.721 10.10 11.70 13.54 15.69 18.17 21.04 24.36 28.21 32.67 37.84 43.82 50.75 58.77 68.06 78.82 91.28 105.7 122.4 141.8 164.2 190.1 220.2 255.0 295.3 342.0 396.1 458.7 531.2 615.1 712.4 825.0 955.4 1106 1281 1484 1718 1990 2305 2669 3091 3580 4145 4801 5560 6439 7456 8635 1.000e4
11	Size	DOPC 21EX 1mg/ml 1C 12 11 24 1	12 November 2024 13:39:48	25.0	1014	0.275	862.9	0.000	0.000	100.0	0.0	0.0	154.9	0.000	0.000	0.0 0.0 0.0 0.0 0.0 0.0 0.0 0.0 0.0 0.0 0.0 0.0 0.0 0.0 0.0 0.0 0.0 0.0 0.0 0.0 0.0 0.0 0.0 0.0 0.0 0.0 0.0 0.0 0.0 0.0 0.0 0.0 0.0 0.0 0.0 0.0 0.0 0.0 0.0 0.0 0.0 0.0 0.0 0.0 0.0 0.0 0.0 0.0 0.0 0.0 8.1 21.9 29.6 25.3 13.0 2.2 0.0 0.0 0.0 0.0 0.0 0.0 0.0 0.0 0.0 0.0 0.0 0.0 0.0 0.0	0.4000 0.4632 0.5365 0.6213 0.7195 0.8332 0.9649 1.117 1.294 1.499 1.736 2.010 2.328 2.696 3.122 3.615 4.187 4.849 5.615 6.503 7.531 8.721 10.10 11.70 13.54 15.69 18.17 21.04 24.36 28.21 32.67 37.84 43.82 50.75 58.77 68.06 78.82 91.28 105.7 122.4 141.8 164.2 190.1 220.2 255.0 295.3 342.0 396.1 458.7 531.2 615.1 712.4 825.0 955.4 1106 1281 1484 1718 1990 2305 2669 3091 3580 4145 4801 5560 6439 7456 8635 1.000e4
12	Size	DOPC 21EX 1mg/ml 1C 12 11 24 2	12 November 2024 13:42:01	25.0	939.1	0.311	814.0	0.000	0.000	100.0	0.0	0.0	161.5	0.000	0.000	0.0 0.0 0.0 0.0 0.0 0.0 0.0 0.0 0.0 0.0 0.0 0.0 0.0 0.0 0.0 0.0 0.0 0.0 0.0 0.0 0.0 0.0 0.0 0.0 0.0 0.0 0.0 0.0 0.0 0.0 0.0 0.0 0.0 0.0 0.0 0.0 0.0 0.0 0.0 0.0 0.0 0.0 0.0 0.0 0.0 0.0 0.0 0.0 0.0 3.6 14.6 24.6 26.7 19.9 9.2 1.4 0.0 0.0 0.0 0.0 0.0 0.0 0.0 0.0 0.0 0.0 0.0 0.0 0.0 0.0	0.4000 0.4632 0.5365 0.6213 0.7195 0.8332 0.9649 1.117 1.294 1.499 1.736 2.010 2.328 2.696 3.122 3.615 4.187 4.849 5.615 6.503 7.531 8.721 10.10 11.70 13.54 15.69 18.17 21.04 24.36 28.21 32.67 37.84 43.82 50.75 58.77 68.06 78.82 91.28 105.7 122.4 141.8 164.2 190.1 220.2 255.0 295.3 342.0 396.1 458.7 531.2 615.1 712.4 825.0 955.4 1106 1281 1484 1718 1990 2305 2669 3091 3580 4145 4801 5560 6439 7456 8635 1.000e4
13	Size	DOPC 21EX 1mg/ml 1C 12 11 24 3	12 November 2024 13:44:13	25.0	1088	0.368	777.2	0.000	0.000	100.0	0.0	0.0	207.6	0.000	0.000	0.0 0.0 0.0 0.0 0.0 0.0 0.0 0.0 0.0 0.0 0.0 0.0 0.0 0.0 0.0 0.0 0.0 0.0 0.0 0.0 0.0 0.0 0.0 0.0 0.0 0.0 0.0 0.0 0.0 0.0 0.0 0.0 0.0 0.0 0.0 0.0 0.0 0.0 0.0 0.0 0.0 0.0 0.0 0.0 0.0 0.0 0.0 0.9 5.1 11.0 16.4 19.4 19.0 15.3 9.4 3.5 0.1 0.0 0.0 0.0 0.0 0.0 0.0 0.0 0.0 0.0 0.0 0.0 0.0 0.0	0.4000 0.4632 0.5365 0.6213 0.7195 0.8332 0.9649 1.117 1.294 1.499 1.736 2.010 2.328 2.696 3.122 3.615 4.187 4.849 5.615 6.503 7.531 8.721 10.10 11.70 13.54 15.69 18.17 21.04 24.36 28.21 32.67 37.84 43.82 50.75 58.77 68.06 78.82 91.28 105.7 122.4 141.8 164.2 190.1 220.2 255.0 295.3 342.0 396.1 458.7 531.2 615.1 712.4 825.0 955.4 1106 1281 1484 1718 1990 2305 2669 3091 3580 4145 4801 5560 6439 7456 8635 1.000e4
14	Size	DOPC 21EX 1mg/ml 1C 12 11 24 4	12 November 2024 13:46:26	25.0	1039	0.389	813.5	0.000	0.000	100.0	0.0	0.0	175.6	0.000	0.000	0.0 0.0 0.0 0.0 0.0 0.0 0.0 0.0 0.0 0.0 0.0 0.0 0.0 0.0 0.0 0.0 0.0 0.0 0.0 0.0 0.0 0.0 0.0 0.0 0.0 0.0 0.0 0.0 0.0 0.0 0.0 0.0 0.0 0.0 0.0 0.0 0.0 0.0 0.0 0.0 0.0 0.0 0.0 0.0 0.0 0.0 0.0 0.0 0.0 5.7 15.5 23.2 24.4 18.8 9.9 2.5 0.0 0.0 0.0 0.0 0.0 0.0 0.0 0.0 0.0 0.0 0.0 0.0 0.0 0.0	0.4000 0.4632 0.5365 0.6213 0.7195 0.8332 0.9649 1.117 1.294 1.499 1.736 2.010 2.328 2.696 3.122 3.615 4.187 4.849 5.615 6.503 7.531 8.721 10.10 11.70 13.54 15.69 18.17 21.04 24.36 28.21 32.67 37.84 43.82 50.75 58.77 68.06 78.82 91.28 105.7 122.4 141.8 164.2 190.1 220.2 255.0 295.3 342.0 396.1 458.7 531.2 615.1 712.4 825.0 955.4 1106 1281 1484 1718 1990 2305 2669 3091 3580 4145 4801 5560 6439 7456 8635 1.000e4
15	Size	DOPC 21EX 1mg/ml 1C 12 11 24 5	12 November 2024 13:48:38	25.0	1083	0.308	838.8	0.000	0.000	100.0	0.0	0.0	140.1	0.000	0.000	0.0 0.0 0.0 0.0 0.0 0.0 0.0 0.0 0.0 0.0 0.0 0.0 0.0 0.0 0.0 0.0 0.0 0.0 0.0 0.0 0.0 0.0 0.0 0.0 0.0 0.0 0.0 0.0 0.0 0.0 0.0 0.0 0.0 0.0 0.0 0.0 0.0 0.0 0.0 0.0 0.0 0.0 0.0 0.0 0.0 0.0 0.0 0.0 0.0 0.0 9.7 24.2 31.0 24.6 10.4 0.0 0.0 0.0 0.0 0.0 0.0 0.0 0.0 0.0 0.0 0.0 0.0 0.0 0.0 0.0	0.4000 0.4632 0.5365 0.6213 0.7195 0.8332 0.9649 1.117 1.294 1.499 1.736 2.010 2.328 2.696 3.122 3.615 4.187 4.849 5.615 6.503 7.531 8.721 10.10 11.70 13.54 15.69 18.17 21.04 24.36 28.21 32.67 37.84 43.82 50.75 58.77 68.06 78.82 91.28 105.7 122.4 141.8 164.2 190.1 220.2 255.0 295.3 342.0 396.1 458.7 531.2 615.1 712.4 825.0 955.4 1106 1281 1484 1718 1990 2305 2669 3091 3580 4145 4801 5560 6439 7456 8635 1.000e4
16	Size	DOPC 31EX 1mg/ml 1C 12 11 24 1	12 November 2024 15:22:46	25.0	128.4	0.090	142.1	0.000	0.000	100.0	0.0	0.0	46.83	0.000	0.000	0.0 0.0 0.0 0.0 0.0 0.0 0.0 0.0 0.0 0.0 0.0 0.0 0.0 0.0 0.0 0.0 0.0 0.0 0.0 0.0 0.0 0.0 0.0 0.0 0.0 0.0 0.0 0.0 0.0 0.0 0.0 0.0 0.0 0.0 0.0 1.9 5.7 10.2 14.0 16.2 16.2 14.2 10.7 6.8 3.2 0.9 0.0 0.0 0.0 0.0 0.0 0.0 0.0 0.0 0.0 0.0 0.0 0.0 0.0 0.0 0.0 0.0 0.0 0.0 0.0 0.0 0.0 0.0 0.0 0.0	0.4000 0.4632 0.5365 0.6213 0.7195 0.8332 0.9649 1.117 1.294 1.499 1.736 2.010 2.328 2.696 3.122 3.615 4.187 4.849 5.615 6.503 7.531 8.721 10.10 11.70 13.54 15.69 18.17 21.04 24.36 28.21 32.67 37.84 43.82 50.75 58.77 68.06 78.82 91.28 105.7 122.4 141.8 164.2 190.1 220.2 255.0 295.3 342.0 396.1 458.7 531.2 615.1 712.4 825.0 955.4 1106 1281 1484 1718 1990 2305 2669 3091 3580 4145 4801 5560 6439 7456 8635 1.000e4
17	Size	DOPC 31EX 1mg/ml 1C 12 11 24 2	12 November 2024 15:25:08	25.0	124.6	0.106	138.2	0.000	0.000	100.0	0.0	0.0	46.84	0.000	0.000	0.0 0.0 0.0 0.0 0.0 0.0 0.0 0.0 0.0 0.0 0.0 0.0 0.0 0.0 0.0 0.0 0.0 0.0 0.0 0.0 0.0 0.0 0.0 0.0 0.0 0.0 0.0 0.0 0.0 0.0 0.0 0.0 0.0 0.0 0.2 2.7 6.8 11.3 14.7 16.2 15.5 13.1 9.7 6.0 2.9 0.9 0.0 0.0 0.0 0.0 0.0 0.0 0.0 0.0 0.0 0.0 0.0 0.0 0.0 0.0 0.0 0.0 0.0 0.0 0.0 0.0 0.0 0.0 0.0 0.0	0.4000 0.4632 0.5365 0.6213 0.7195 0.8332 0.9649 1.117 1.294 1.499 1.736 2.010 2.328 2.696 3.122 3.615 4.187 4.849 5.615 6.503 7.531 8.721 10.10 11.70 13.54 15.69 18.17 21.04 24.36 28.21 32.67 37.84 43.82 50.75 58.77 68.06 78.82 91.28 105.7 122.4 141.8 164.2 190.1 220.2 255.0 295.3 342.0 396.1 458.7 531.2 615.1 712.4 825.0 955.4 1106 1281 1484 1718 1990 2305 2669 3091 3580 4145 4801 5560 6439 7456 8635 1.000e4
18	Size	DOPC 31EX 1mg/ml 1C 12 11 24 3	12 November 2024 15:27:31	25.0	124.6	0.118	134.6	0.000	0.000	100.0	0.0	0.0	40.51	0.000	0.000	0.0 0.0 0.0 0.0 0.0 0.0 0.0 0.0 0.0 0.0 0.0 0.0 0.0 0.0 0.0 0.0 0.0 0.0 0.0 0.0 0.0 0.0 0.0 0.0 0.0 0.0 0.0 0.0 0.0 0.0 0.0 0.0 0.0 0.0 0.0 1.7 6.1 11.6 16.0 18.0 17.1 13.8 9.2 4.8 1.5 0.0 0.0 0.0 0.0 0.0 0.0 0.0 0.0 0.0 0.0 0.0 0.0 0.0 0.0 0.0 0.0 0.0 0.0 0.0 0.0 0.0 0.0 0.0 0.0 0.0	0.4000 0.4632 0.5365 0.6213 0.7195 0.8332 0.9649 1.117 1.294 1.499 1.736 2.010 2.328 2.696 3.122 3.615 4.187 4.849 5.615 6.503 7.531 8.721 10.10 11.70 13.54 15.69 18.17 21.04 24.36 28.21 32.67 37.84 43.82 50.75 58.77 68.06 78.82 91.28 105.7 122.4 141.8 164.2 190.1 220.2 255.0 295.3 342.0 396.1 458.7 531.2 615.1 712.4 825.0 955.4 1106 1281 1484 1718 1990 2305 2669 3091 3580 4145 4801 5560 6439 7456 8635 1.000e4
19	Size	DOPC 31EX 1mg/ml 1C 12 11 24 4	12 November 2024 15:29:53	25.0	125.6	0.115	143.2	0.000	0.000	100.0	0.0	0.0	53.72	0.000	0.000	0.0 0.0 0.0 0.0 0.0 0.0 0.0 0.0 0.0 0.0 0.0 0.0 0.0 0.0 0.0 0.0 0.0 0.0 0.0 0.0 0.0 0.0 0.0 0.0 0.0 0.0 0.0 0.0 0.0 0.0 0.0 0.0 0.0 0.0 1.1 3.5 6.8 10.2 12.9 14.4 14.3 12.9 10.3 7.2 4.2 1.8 0.4 0.0 0.0 0.0 0.0 0.0 0.0 0.0 0.0 0.0 0.0 0.0 0.0 0.0 0.0 0.0 0.0 0.0 0.0 0.0 0.0 0.0 0.0 0.0	0.4000 0.4632 0.5365 0.6213 0.7195 0.8332 0.9649 1.117 1.294 1.499 1.736 2.010 2.328 2.696 3.122 3.615 4.187 4.849 5.615 6.503 7.531 8.721 10.10 11.70 13.54 15.69 18.17 21.04 24.36 28.21 32.67 37.84 43.82 50.75 58.77 68.06 78.82 91.28 105.7 122.4 141.8 164.2 190.1 220.2 255.0 295.3 342.0 396.1 458.7 531.2 615.1 712.4 825.0 955.4 1106 1281 1484 1718 1990 2305 2669 3091 3580 4145 4801 5560 6439 7456 8635 1.000e4
20	Size	DOPC 31EX 1mg/ml 1C 12 11 24 5	12 November 2024 15:32:16	25.0	125.8	0.102	140.4	0.000	0.000	100.0	0.0	0.0	48.09	0.000	0.000	0.0 0.0 0.0 0.0 0.0 0.0 0.0 0.0 0.0 0.0 0.0 0.0 0.0 0.0 0.0 0.0 0.0 0.0 0.0 0.0 0.0 0.0 0.0 0.0 0.0 0.0 0.0 0.0 0.0 0.0 0.0 0.0 0.0 0.0 0.2 2.5 6.5 10.8 14.2 15.9 15.5 13.4 10.1 6.5 3.3 1.0 0.1 0.0 0.0 0.0 0.0 0.0 0.0 0.0 0.0 0.0 0.0 0.0 0.0 0.0 0.0 0.0 0.0 0.0 0.0 0.0 0.0 0.0 0.0 0.0	0.4000 0.4632 0.5365 0.6213 0.7195 0.8332 0.9649 1.117 1.294 1.499 1.736 2.010 2.328 2.696 3.122 3.615 4.187 4.849 5.615 6.503 7.531 8.721 10.10 11.70 13.54 15.69 18.17 21.04 24.36 28.21 32.67 37.84 43.82 50.75 58.77 68.06 78.82 91.28 105.7 122.4 141.8 164.2 190.1 220.2 255.0 295.3 342.0 396.1 458.7 531.2 615.1 712.4 825.0 955.4 1106 1281 1484 1718 1990 2305 2669 3091 3580 4145 4801 5560 6439 7456 8635 1.000e4
21	Size	DOPC 5EX 1mg/ml 1C 12 11 24 1	12 November 2024 15:43:06	25.0	179.3	0.319	169.7	3138	0.000	84.5	15.5	0.0	61.11	1216	0.000	0.0 0.0 0.0 0.0 0.0 0.0 0.0 0.0 0.0 0.0 0.0 0.0 0.0 0.0 0.0 0.0 0.0 0.0 0.0 0.0 0.0 0.0 0.0 0.0 0.0 0.0 0.0 0.0 0.0 0.0 0.0 0.0 0.0 0.0 0.0 0.1 1.8 4.9 8.4 11.3 12.8 12.8 11.4 9.0 6.3 3.6 1.6 0.4 0.0 0.0 0.0 0.0 0.0 0.0 0.1 0.4 0.7 1.1 1.4 1.7 1.9 1.9 1.8 1.7 1.5 1.2 0.0 0.0 0.0 0.0	0.4000 0.4632 0.5365 0.6213 0.7195 0.8332 0.9649 1.117 1.294 1.499 1.736 2.010 2.328 2.696 3.122 3.615 4.187 4.849 5.615 6.503 7.531 8.721 10.10 11.70 13.54 15.69 18.17 21.04 24.36 28.21 32.67 37.84 43.82 50.75 58.77 68.06 78.82 91.28 105.7 122.4 141.8 164.2 190.1 220.2 255.0 295.3 342.0 396.1 458.7 531.2 615.1 712.4 825.0 955.4 1106 1281 1484 1718 1990 2305 2669 3091 3580 4145 4801 5560 6439 7456 8635 1.000e4
22	Size	DOPC 5EX 1mg/ml 1C 12 11 24 2	12 November 2024 15:45:28	25.0	176.8	0.295	168.9	4197	0.000	89.3	10.7	0.0	55.98	996.8	0.000	0.0 0.0 0.0 0.0 0.0 0.0 0.0 0.0 0.0 0.0 0.0 0.0 0.0 0.0 0.0 0.0 0.0 0.0 0.0 0.0 0.0 0.0 0.0 0.0 0.0 0.0 0.0 0.0 0.0 0.0 0.0 0.0 0.0 0.0 0.0 0.0 1.2 4.3 8.4 12.1 14.4 14.6 13.0 10.0 6.5 3.4 1.1 0.1 0.0 0.0 0.0 0.0 0.0 0.0 0.0 0.0 0.0 0.0 0.1 0.3 0.7 1.2 1.7 2.1 2.3 2.3 0.0 0.0 0.0 0.0	0.4000 0.4632 0.5365 0.6213 0.7195 0.8332 0.9649 1.117 1.294 1.499 1.736 2.010 2.328 2.696 3.122 3.615 4.187 4.849 5.615 6.503 7.531 8.721 10.10 11.70 13.54 15.69 18.17 21.04 24.36 28.21 32.67 37.84 43.82 50.75 58.77 68.06 78.82 91.28 105.7 122.4 141.8 164.2 190.1 220.2 255.0 295.3 342.0 396.1 458.7 531.2 615.1 712.4 825.0 955.4 1106 1281 1484 1718 1990 2305 2669 3091 3580 4145 4801 5560 6439 7456 8635 1.000e4
23	Size	DOPC 5EX 1mg/ml 1C 12 11 24 3	12 November 2024 15:47:51	25.0	172.1	0.287	168.5	4112	1408	88.0	7.0	5.0	63.90	1064	481.6	0.0 0.0 0.0 0.0 0.0 0.0 0.0 0.0 0.0 0.0 0.0 0.0 0.0 0.0 0.0 0.0 0.0 0.0 0.0 0.0 0.0 0.0 0.0 0.0 0.0 0.0 0.0 0.0 0.0 0.0 0.0 0.0 0.0 0.0 0.0 0.1 2.2 5.7 9.4 12.2 13.4 13.0 11.3 8.8 6.1 3.7 1.9 0.7 0.1 0.0 0.1 0.2 0.4 0.6 0.7 0.7 0.7 0.6 0.5 0.5 0.6 0.8 1.0 1.2 1.4 1.5 0.0 0.0 0.0 0.0	0.4000 0.4632 0.5365 0.6213 0.7195 0.8332 0.9649 1.117 1.294 1.499 1.736 2.010 2.328 2.696 3.122 3.615 4.187 4.849 5.615 6.503 7.531 8.721 10.10 11.70 13.54 15.69 18.17 21.04 24.36 28.21 32.67 37.84 43.82 50.75 58.77 68.06 78.82 91.28 105.7 122.4 141.8 164.2 190.1 220.2 255.0 295.3 342.0 396.1 458.7 531.2 615.1 712.4 825.0 955.4 1106 1281 1484 1718 1990 2305 2669 3091 3580 4145 4801 5560 6439 7456 8635 1.000e4
24	Size	DOPC 5EX 1mg/ml 1C 12 11 24 4	12 November 2024 15:50:13	25.0	171.7	0.305	166.8	3134	0.000	86.1	13.9	0.0	62.07	1241	0.000	0.0 0.0 0.0 0.0 0.0 0.0 0.0 0.0 0.0 0.0 0.0 0.0 0.0 0.0 0.0 0.0 0.0 0.0 0.0 0.0 0.0 0.0 0.0 0.0 0.0 0.0 0.0 0.0 0.0 0.0 0.0 0.0 0.0 0.0 0.0 0.4 2.4 5.7 9.1 11.7 12.9 12.6 11.1 8.7 6.0 3.5 1.6 0.5 0.0 0.0 0.0 0.0 0.0 0.1 0.2 0.4 0.7 1.0 1.2 1.5 1.6 1.7 1.6 1.5 1.3 1.1 0.0 0.0 0.0 0.0	0.4000 0.4632 0.5365 0.6213 0.7195 0.8332 0.9649 1.117 1.294 1.499 1.736 2.010 2.328 2.696 3.122 3.615 4.187 4.849 5.615 6.503 7.531 8.721 10.10 11.70 13.54 15.69 18.17 21.04 24.36 28.21 32.67 37.84 43.82 50.75 58.77 68.06 78.82 91.28 105.7 122.4 141.8 164.2 190.1 220.2 255.0 295.3 342.0 396.1 458.7 531.2 615.1 712.4 825.0 955.4 1106 1281 1484 1718 1990 2305 2669 3091 3580 4145 4801 5560 6439 7456 8635 1.000e4
25	Size	DOPC 5EX 1mg/ml 1C 12 11 24 5	12 November 2024 15:52:36	25.0	172.5	0.324	154.3	1410	4782	80.3	18.4	1.4	51.06	611.3	738.3	0.0 0.0 0.0 0.0 0.0 0.0 0.0 0.0 0.0 0.0 0.0 0.0 0.0 0.0 0.0 0.0 0.0 0.0 0.0 0.0 0.0 0.0 0.0 0.0 0.0 0.0 0.0 0.0 0.0 0.0 0.0 0.0 0.0 0.0 0.0 0.0 2.3 6.2 10.2 12.9 13.6 12.4 9.9 6.8 3.9 1.7 0.4 0.0 0.0 0.2 0.6 1.1 1.7 2.1 2.4 2.4 2.3 1.9 1.5 1.0 0.6 0.4 0.2 0.2 0.4 0.5 0.0 0.0 0.0 0.0	0.4000 0.4632 0.5365 0.6213 0.7195 0.8332 0.9649 1.117 1.294 1.499 1.736 2.010 2.328 2.696 3.122 3.615 4.187 4.849 5.615 6.503 7.531 8.721 10.10 11.70 13.54 15.69 18.17 21.04 24.36 28.21 32.67 37.84 43.82 50.75 58.77 68.06 78.82 91.28 105.7 122.4 141.8 164.2 190.1 220.2 255.0 295.3 342.0 396.1 458.7 531.2 615.1 712.4 825.0 955.4 1106 1281 1484 1718 1990 2305 2669 3091 3580 4145 4801 5560 6439 7456 8635 1.000e4
26	Size	DOPC 21EX 1mg/ml 1C 12 11 24 (redo) 1	12 November 2024 16:08:03	25.0	1085	0.417	835.1	0.000	0.000	100.0	0.0	0.0	190.5	0.000	0.000	0.0 0.0 0.0 0.0 0.0 0.0 0.0 0.0 0.0 0.0 0.0 0.0 0.0 0.0 0.0 0.0 0.0 0.0 0.0 0.0 0.0 0.0 0.0 0.0 0.0 0.0 0.0 0.0 0.0 0.0 0.0 0.0 0.0 0.0 0.0 0.0 0.0 0.0 0.0 0.0 0.0 0.0 0.0 0.0 0.0 0.0 0.0 0.0 0.0 5.4 14.3 21.4 23.3 19.3 11.8 4.4 0.2 0.0 0.0 0.0 0.0 0.0 0.0 0.0 0.0 0.0 0.0 0.0 0.0 0.0	0.4000 0.4632 0.5365 0.6213 0.7195 0.8332 0.9649 1.117 1.294 1.499 1.736 2.010 2.328 2.696 3.122 3.615 4.187 4.849 5.615 6.503 7.531 8.721 10.10 11.70 13.54 15.69 18.17 21.04 24.36 28.21 32.67 37.84 43.82 50.75 58.77 68.06 78.82 91.28 105.7 122.4 141.8 164.2 190.1 220.2 255.0 295.3 342.0 396.1 458.7 531.2 615.1 712.4 825.0 955.4 1106 1281 1484 1718 1990 2305 2669 3091 3580 4145 4801 5560 6439 7456 8635 1.000e4
27	Size	DOPC 21EX 1mg/ml 1C 12 11 24 (redo) 2	12 November 2024 16:10:25	25.0	1103	0.522	760.3	0.000	0.000	100.0	0.0	0.0	147.0	0.000	0.000	0.0 0.0 0.0 0.0 0.0 0.0 0.0 0.0 0.0 0.0 0.0 0.0 0.0 0.0 0.0 0.0 0.0 0.0 0.0 0.0 0.0 0.0 0.0 0.0 0.0 0.0 0.0 0.0 0.0 0.0 0.0 0.0 0.0 0.0 0.0 0.0 0.0 0.0 0.0 0.0 0.0 0.0 0.0 0.0 0.0 0.0 0.0 0.0 0.0 8.3 20.3 27.2 24.6 14.9 4.7 0.0 0.0 0.0 0.0 0.0 0.0 0.0 0.0 0.0 0.0 0.0 0.0 0.0 0.0 0.0	0.4000 0.4632 0.5365 0.6213 0.7195 0.8332 0.9649 1.117 1.294 1.499 1.736 2.010 2.328 2.696 3.122 3.615 4.187 4.849 5.615 6.503 7.531 8.721 10.10 11.70 13.54 15.69 18.17 21.04 24.36 28.21 32.67 37.84 43.82 50.75 58.77 68.06 78.82 91.28 105.7 122.4 141.8 164.2 190.1 220.2 255.0 295.3 342.0 396.1 458.7 531.2 615.1 712.4 825.0 955.4 1106 1281 1484 1718 1990 2305 2669 3091 3580 4145 4801 5560 6439 7456 8635 1.000e4
28	Size	DOPC 21EX 1mg/ml 1C 12 11 24 (redo) 3	12 November 2024 16:12:48	25.0	1072	0.432	755.6	0.000	0.000	100.0	0.0	0.0	145.5	0.000	0.000	0.0 0.0 0.0 0.0 0.0 0.0 0.0 0.0 0.0 0.0 0.0 0.0 0.0 0.0 0.0 0.0 0.0 0.0 0.0 0.0 0.0 0.0 0.0 0.0 0.0 0.0 0.0 0.0 0.0 0.0 0.0 0.0 0.0 0.0 0.0 0.0 0.0 0.0 0.0 0.0 0.0 0.0 0.0 0.0 0.0 0.0 0.0 0.0 0.0 8.8 20.7 27.3 24.5 14.5 4.2 0.0 0.0 0.0 0.0 0.0 0.0 0.0 0.0 0.0 0.0 0.0 0.0 0.0 0.0 0.0	0.4000 0.4632 0.5365 0.6213 0.7195 0.8332 0.9649 1.117 1.294 1.499 1.736 2.010 2.328 2.696 3.122 3.615 4.187 4.849 5.615 6.503 7.531 8.721 10.10 11.70 13.54 15.69 18.17 21.04 24.36 28.21 32.67 37.84 43.82 50.75 58.77 68.06 78.82 91.28 105.7 122.4 141.8 164.2 190.1 220.2 255.0 295.3 342.0 396.1 458.7 531.2 615.1 712.4 825.0 955.4 1106 1281 1484 1718 1990 2305 2669 3091 3580 4145 4801 5560 6439 7456 8635 1.000e4
29	Size	DOPC 21EX 1mg/ml 1C 12 11 24 (redo) 4	12 November 2024 16:15:10	25.0	1026	0.451	773.2	0.000	0.000	100.0	0.0	0.0	170.1	0.000	0.000	0.0 0.0 0.0 0.0 0.0 0.0 0.0 0.0 0.0 0.0 0.0 0.0 0.0 0.0 0.0 0.0 0.0 0.0 0.0 0.0 0.0 0.0 0.0 0.0 0.0 0.0 0.0 0.0 0.0 0.0 0.0 0.0 0.0 0.0 0.0 0.0 0.0 0.0 0.0 0.0 0.0 0.0 0.0 0.0 0.0 0.0 0.0 0.0 1.6 9.1 18.3 23.8 22.9 16.1 7.2 1.0 0.0 0.0 0.0 0.0 0.0 0.0 0.0 0.0 0.0 0.0 0.0 0.0 0.0 0.0	0.4000 0.4632 0.5365 0.6213 0.7195 0.8332 0.9649 1.117 1.294 1.499 1.736 2.010 2.328 2.696 3.122 3.615 4.187 4.849 5.615 6.503 7.531 8.721 10.10 11.70 13.54 15.69 18.17 21.04 24.36 28.21 32.67 37.84 43.82 50.75 58.77 68.06 78.82 91.28 105.7 122.4 141.8 164.2 190.1 220.2 255.0 295.3 342.0 396.1 458.7 531.2 615.1 712.4 825.0 955.4 1106 1281 1484 1718 1990 2305 2669 3091 3580 4145 4801 5560 6439 7456 8635 1.000e4
30	Size	DOPC 21EX 1mg/ml 1C 12 11 24 (redo) 5	12 November 2024 16:17:33	25.0	916.0	0.331	745.9	0.000	0.000	100.0	0.0	0.0	139.4	0.000	0.000	0.0 0.0 0.0 0.0 0.0 0.0 0.0 0.0 0.0 0.0 0.0 0.0 0.0 0.0 0.0 0.0 0.0 0.0 0.0 0.0 0.0 0.0 0.0 0.0 0.0 0.0 0.0 0.0 0.0 0.0 0.0 0.0 0.0 0.0 0.0 0.0 0.0 0.0 0.0 0.0 0.0 0.0 0.0 0.0 0.0 0.0 0.0 0.0 0.0 9.1 21.9 28.5 24.4 13.2 3.0 0.0 0.0 0.0 0.0 0.0 0.0 0.0 0.0 0.0 0.0 0.0 0.0 0.0 0.0 0.0	0.4000 0.4632 0.5365 0.6213 0.7195 0.8332 0.9649 1.117 1.294 1.499 1.736 2.010 2.328 2.696 3.122 3.615 4.187 4.849 5.615 6.503 7.531 8.721 10.10 11.70 13.54 15.69 18.17 21.04 24.36 28.21 32.67 37.84 43.82 50.75 58.77 68.06 78.82 91.28 105.7 122.4 141.8 164.2 190.1 220.2 255.0 295.3 342.0 396.1 458.7 531.2 615.1 712.4 825.0 955.4 1106 1281 1484 1718 1990 2305 2669 3091 3580 4145 4801 5560 6439 7456 8635 1.000e4

Record	Type	Sample Name	Measurement Date and Time	T	Z-Ave	PdI	Pk 1 Mean Int	Pk 2 Mean Int	Pk 3 Mean Int	Pk 1 Area Int	Pk 2 Area Int	Pk 3 Area Int	Size Peak	Size Peak	Size Peak	Intensities	Sizes
 		 	 	Â°C	d.nm	 	d.nm	d.nm	d.nm	Percent	Percent	Percent	d.nm	d.nm	d.nm	Percent	d.nm
1	Size	DOPC 30 01 25 EX 21 1mg/ml 1	30 January 2025 15:40:26	25.0	956.3	0.214	867.6	0.000	0.000	100.0	0.0	0.0	74.48	0.000	0.000	0.0 0.0 0.0 0.0 0.0 0.0 0.0 0.0 0.0 0.0 0.0 0.0 0.0 0.0 0.0 0.0 0.0 0.0 0.0 0.0 0.0 0.0 0.0 0.0 0.0 0.0 0.0 0.0 0.0 0.0 0.0 0.0 0.0 0.0 0.0 0.0 0.0 0.0 0.0 0.0 0.0 0.0 0.0 0.0 0.0 0.0 0.0 0.0 0.0 0.0 0.0 6.6 55.0 38.4 0.0 0.0 0.0 0.0 0.0 0.0 0.0 0.0 0.0 0.0 0.0 0.0 0.0 0.0 0.0 0.0	0.4000 0.4632 0.5365 0.6213 0.7195 0.8332 0.9649 1.117 1.294 1.499 1.736 2.010 2.328 2.696 3.122 3.615 4.187 4.849 5.615 6.503 7.531 8.721 10.10 11.70 13.54 15.69 18.17 21.04 24.36 28.21 32.67 37.84 43.82 50.75 58.77 68.06 78.82 91.28 105.7 122.4 141.8 164.2 190.1 220.2 255.0 295.3 342.0 396.1 458.7 531.2 615.1 712.4 825.0 955.4 1106 1281 1484 1718 1990 2305 2669 3091 3580 4145 4801 5560 6439 7456 8635 1.000e4
2	Size	DOPC 30 01 25 EX 21 1mg/ml 2	30 January 2025 15:42:59	25.0	1001	0.190	1008	0.000	0.000	100.0	0.0	0.0	90.63	0.000	0.000	0.0 0.0 0.0 0.0 0.0 0.0 0.0 0.0 0.0 0.0 0.0 0.0 0.0 0.0 0.0 0.0 0.0 0.0 0.0 0.0 0.0 0.0 0.0 0.0 0.0 0.0 0.0 0.0 0.0 0.0 0.0 0.0 0.0 0.0 0.0 0.0 0.0 0.0 0.0 0.0 0.0 0.0 0.0 0.0 0.0 0.0 0.0 0.0 0.0 0.0 0.0 0.0 8.3 49.9 41.8 0.0 0.0 0.0 0.0 0.0 0.0 0.0 0.0 0.0 0.0 0.0 0.0 0.0 0.0 0.0	0.4000 0.4632 0.5365 0.6213 0.7195 0.8332 0.9649 1.117 1.294 1.499 1.736 2.010 2.328 2.696 3.122 3.615 4.187 4.849 5.615 6.503 7.531 8.721 10.10 11.70 13.54 15.69 18.17 21.04 24.36 28.21 32.67 37.84 43.82 50.75 58.77 68.06 78.82 91.28 105.7 122.4 141.8 164.2 190.1 220.2 255.0 295.3 342.0 396.1 458.7 531.2 615.1 712.4 825.0 955.4 1106 1281 1484 1718 1990 2305 2669 3091 3580 4145 4801 5560 6439 7456 8635 1.000e4
3	Size	DOPC 30 01 25 EX 21 1mg/ml 3	30 January 2025 15:45:32	25.0	977.7	0.155	994.2	0.000	0.000	100.0	0.0	0.0	109.6	0.000	0.000	0.0 0.0 0.0 0.0 0.0 0.0 0.0 0.0 0.0 0.0 0.0 0.0 0.0 0.0 0.0 0.0 0.0 0.0 0.0 0.0 0.0 0.0 0.0 0.0 0.0 0.0 0.0 0.0 0.0 0.0 0.0 0.0 0.0 0.0 0.0 0.0 0.0 0.0 0.0 0.0 0.0 0.0 0.0 0.0 0.0 0.0 0.0 0.0 0.0 0.0 0.0 0.0 17.0 45.6 34.9 2.5 0.0 0.0 0.0 0.0 0.0 0.0 0.0 0.0 0.0 0.0 0.0 0.0 0.0 0.0	0.4000 0.4632 0.5365 0.6213 0.7195 0.8332 0.9649 1.117 1.294 1.499 1.736 2.010 2.328 2.696 3.122 3.615 4.187 4.849 5.615 6.503 7.531 8.721 10.10 11.70 13.54 15.69 18.17 21.04 24.36 28.21 32.67 37.84 43.82 50.75 58.77 68.06 78.82 91.28 105.7 122.4 141.8 164.2 190.1 220.2 255.0 295.3 342.0 396.1 458.7 531.2 615.1 712.4 825.0 955.4 1106 1281 1484 1718 1990 2305 2669 3091 3580 4145 4801 5560 6439 7456 8635 1.000e4
4	Size	DOPC 30 01 25 EX 21 1mg/ml 4	30 January 2025 15:48:04	25.0	1009	0.210	937.0	0.000	0.000	100.0	0.0	0.0	101.3	0.000	0.000	0.0 0.0 0.0 0.0 0.0 0.0 0.0 0.0 0.0 0.0 0.0 0.0 0.0 0.0 0.0 0.0 0.0 0.0 0.0 0.0 0.0 0.0 0.0 0.0 0.0 0.0 0.0 0.0 0.0 0.0 0.0 0.0 0.0 0.0 0.0 0.0 0.0 0.0 0.0 0.0 0.0 0.0 0.0 0.0 0.0 0.0 0.0 0.0 0.0 0.0 0.0 0.5 35.2 45.3 19.0 0.0 0.0 0.0 0.0 0.0 0.0 0.0 0.0 0.0 0.0 0.0 0.0 0.0 0.0 0.0	0.4000 0.4632 0.5365 0.6213 0.7195 0.8332 0.9649 1.117 1.294 1.499 1.736 2.010 2.328 2.696 3.122 3.615 4.187 4.849 5.615 6.503 7.531 8.721 10.10 11.70 13.54 15.69 18.17 21.04 24.36 28.21 32.67 37.84 43.82 50.75 58.77 68.06 78.82 91.28 105.7 122.4 141.8 164.2 190.1 220.2 255.0 295.3 342.0 396.1 458.7 531.2 615.1 712.4 825.0 955.4 1106 1281 1484 1718 1990 2305 2669 3091 3580 4145 4801 5560 6439 7456 8635 1.000e4
5	Size	DOPC 30 01 25 EX 21 1mg/ml 5	30 January 2025 15:50:37	25.0	990.7	0.070	1017	0.000	0.000	100.0	0.0	0.0	101.1	0.000	0.000	0.0 0.0 0.0 0.0 0.0 0.0 0.0 0.0 0.0 0.0 0.0 0.0 0.0 0.0 0.0 0.0 0.0 0.0 0.0 0.0 0.0 0.0 0.0 0.0 0.0 0.0 0.0 0.0 0.0 0.0 0.0 0.0 0.0 0.0 0.0 0.0 0.0 0.0 0.0 0.0 0.0 0.0 0.0 0.0 0.0 0.0 0.0 0.0 0.0 0.0 0.0 0.0 8.3 47.3 41.4 2.9 0.0 0.0 0.0 0.0 0.0 0.0 0.0 0.0 0.0 0.0 0.0 0.0 0.0 0.0	0.4000 0.4632 0.5365 0.6213 0.7195 0.8332 0.9649 1.117 1.294 1.499 1.736 2.010 2.328 2.696 3.122 3.615 4.187 4.849 5.615 6.503 7.531 8.721 10.10 11.70 13.54 15.69 18.17 21.04 24.36 28.21 32.67 37.84 43.82 50.75 58.77 68.06 78.82 91.28 105.7 122.4 141.8 164.2 190.1 220.2 255.0 295.3 342.0 396.1 458.7 531.2 615.1 712.4 825.0 955.4 1106 1281 1484 1718 1990 2305 2669 3091 3580 4145 4801 5560 6439 7456 8635 1.000e4
6	Size	DOPC 30 01 25 EX 31 1mg/ml 1	30 January 2025 16:00:27	25.0	844.3	0.285	782.4	0.000	0.000	100.0	0.0	0.0	105.8	0.000	0.000	0.0 0.0 0.0 0.0 0.0 0.0 0.0 0.0 0.0 0.0 0.0 0.0 0.0 0.0 0.0 0.0 0.0 0.0 0.0 0.0 0.0 0.0 0.0 0.0 0.0 0.0 0.0 0.0 0.0 0.0 0.0 0.0 0.0 0.0 0.0 0.0 0.0 0.0 0.0 0.0 0.0 0.0 0.0 0.0 0.0 0.0 0.0 0.0 0.0 0.0 13.2 33.4 35.9 17.4 0.0 0.0 0.0 0.0 0.0 0.0 0.0 0.0 0.0 0.0 0.0 0.0 0.0 0.0 0.0 0.0	0.4000 0.4632 0.5365 0.6213 0.7195 0.8332 0.9649 1.117 1.294 1.499 1.736 2.010 2.328 2.696 3.122 3.615 4.187 4.849 5.615 6.503 7.531 8.721 10.10 11.70 13.54 15.69 18.17 21.04 24.36 28.21 32.67 37.84 43.82 50.75 58.77 68.06 78.82 91.28 105.7 122.4 141.8 164.2 190.1 220.2 255.0 295.3 342.0 396.1 458.7 531.2 615.1 712.4 825.0 955.4 1106 1281 1484 1718 1990 2305 2669 3091 3580 4145 4801 5560 6439 7456 8635 1.000e4
7	Size	DOPC 30 01 25 EX 31 1mg/ml 2	30 January 2025 16:02:50	25.0	786.9	0.336	792.2	193.0	0.000	94.1	5.9	0.0	142.9	20.69	0.000	0.0 0.0 0.0 0.0 0.0 0.0 0.0 0.0 0.0 0.0 0.0 0.0 0.0 0.0 0.0 0.0 0.0 0.0 0.0 0.0 0.0 0.0 0.0 0.0 0.0 0.0 0.0 0.0 0.0 0.0 0.0 0.0 0.0 0.0 0.0 0.0 0.0 0.0 0.0 0.0 0.0 1.4 2.7 1.8 0.0 0.0 0.0 0.0 0.0 3.7 14.6 25.3 27.0 18.0 5.5 0.0 0.0 0.0 0.0 0.0 0.0 0.0 0.0 0.0 0.0 0.0 0.0 0.0 0.0 0.0	0.4000 0.4632 0.5365 0.6213 0.7195 0.8332 0.9649 1.117 1.294 1.499 1.736 2.010 2.328 2.696 3.122 3.615 4.187 4.849 5.615 6.503 7.531 8.721 10.10 11.70 13.54 15.69 18.17 21.04 24.36 28.21 32.67 37.84 43.82 50.75 58.77 68.06 78.82 91.28 105.7 122.4 141.8 164.2 190.1 220.2 255.0 295.3 342.0 396.1 458.7 531.2 615.1 712.4 825.0 955.4 1106 1281 1484 1718 1990 2305 2669 3091 3580 4145 4801 5560 6439 7456 8635 1.000e4
8	Size	DOPC 30 01 25 EX 31 1mg/ml 3	30 January 2025 16:05:12	25.0	794.3	0.306	954.8	204.2	0.000	89.0	11.0	0.0	189.3	23.62	0.000	0.0 0.0 0.0 0.0 0.0 0.0 0.0 0.0 0.0 0.0 0.0 0.0 0.0 0.0 0.0 0.0 0.0 0.0 0.0 0.0 0.0 0.0 0.0 0.0 0.0 0.0 0.0 0.0 0.0 0.0 0.0 0.0 0.0 0.0 0.0 0.0 0.0 0.0 0.0 0.0 0.0 1.2 4.7 4.3 0.9 0.0 0.0 0.0 0.0 0.0 3.1 11.8 20.8 23.9 18.9 9.2 1.3 0.0 0.0 0.0 0.0 0.0 0.0 0.0 0.0 0.0 0.0 0.0 0.0 0.0	0.4000 0.4632 0.5365 0.6213 0.7195 0.8332 0.9649 1.117 1.294 1.499 1.736 2.010 2.328 2.696 3.122 3.615 4.187 4.849 5.615 6.503 7.531 8.721 10.10 11.70 13.54 15.69 18.17 21.04 24.36 28.21 32.67 37.84 43.82 50.75 58.77 68.06 78.82 91.28 105.7 122.4 141.8 164.2 190.1 220.2 255.0 295.3 342.0 396.1 458.7 531.2 615.1 712.4 825.0 955.4 1106 1281 1484 1718 1990 2305 2669 3091 3580 4145 4801 5560 6439 7456 8635 1.000e4
9	Size	DOPC 30 01 25 EX 31 1mg/ml 4	30 January 2025 16:07:35	25.0	834.7	0.309	937.8	132.9	0.000	94.4	5.6	0.0	157.9	9.645	0.000	0.0 0.0 0.0 0.0 0.0 0.0 0.0 0.0 0.0 0.0 0.0 0.0 0.0 0.0 0.0 0.0 0.0 0.0 0.0 0.0 0.0 0.0 0.0 0.0 0.0 0.0 0.0 0.0 0.0 0.0 0.0 0.0 0.0 0.0 0.0 0.0 0.0 0.0 0.0 2.6 3.0 0.0 0.0 0.0 0.0 0.0 0.0 0.0 0.0 0.0 0.6 12.8 26.1 29.0 19.6 6.3 0.0 0.0 0.0 0.0 0.0 0.0 0.0 0.0 0.0 0.0 0.0 0.0 0.0 0.0	0.4000 0.4632 0.5365 0.6213 0.7195 0.8332 0.9649 1.117 1.294 1.499 1.736 2.010 2.328 2.696 3.122 3.615 4.187 4.849 5.615 6.503 7.531 8.721 10.10 11.70 13.54 15.69 18.17 21.04 24.36 28.21 32.67 37.84 43.82 50.75 58.77 68.06 78.82 91.28 105.7 122.4 141.8 164.2 190.1 220.2 255.0 295.3 342.0 396.1 458.7 531.2 615.1 712.4 825.0 955.4 1106 1281 1484 1718 1990 2305 2669 3091 3580 4145 4801 5560 6439 7456 8635 1.000e4
10	Size	DOPC 30 01 25 EX 31 1mg/ml 5	30 January 2025 16:09:57	25.0	790.7	0.305	881.3	137.0	0.000	94.1	5.9	0.0	165.0	11.85	0.000	0.0 0.0 0.0 0.0 0.0 0.0 0.0 0.0 0.0 0.0 0.0 0.0 0.0 0.0 0.0 0.0 0.0 0.0 0.0 0.0 0.0 0.0 0.0 0.0 0.0 0.0 0.0 0.0 0.0 0.0 0.0 0.0 0.0 0.0 0.0 0.0 0.0 0.0 0.0 2.0 3.5 0.5 0.0 0.0 0.0 0.0 0.0 0.0 0.0 0.0 6.9 18.7 26.3 24.2 14.1 3.8 0.0 0.0 0.0 0.0 0.0 0.0 0.0 0.0 0.0 0.0 0.0 0.0 0.0 0.0	0.4000 0.4632 0.5365 0.6213 0.7195 0.8332 0.9649 1.117 1.294 1.499 1.736 2.010 2.328 2.696 3.122 3.615 4.187 4.849 5.615 6.503 7.531 8.721 10.10 11.70 13.54 15.69 18.17 21.04 24.36 28.21 32.67 37.84 43.82 50.75 58.77 68.06 78.82 91.28 105.7 122.4 141.8 164.2 190.1 220.2 255.0 295.3 342.0 396.1 458.7 531.2 615.1 712.4 825.0 955.4 1106 1281 1484 1718 1990 2305 2669 3091 3580 4145 4801 5560 6439 7456 8635 1.000e4
11	Size	DOPC 30 01 25 EX 41 1mg/ml 1	30 January 2025 16:19:11	25.0	217.9	0.377	250.9	55.07	0.000	91.8	8.2	0.0	51.49	7.408	0.000	0.0 0.0 0.0 0.0 0.0 0.0 0.0 0.0 0.0 0.0 0.0 0.0 0.0 0.0 0.0 0.0 0.0 0.0 0.0 0.0 0.0 0.0 0.0 0.0 0.0 0.0 0.0 0.0 0.0 0.0 0.0 0.0 1.2 2.9 2.9 1.2 0.0 0.0 0.0 0.0 0.0 4.8 13.6 21.4 23.5 18.3 8.9 1.3 0.0 0.0 0.0 0.0 0.0 0.0 0.0 0.0 0.0 0.0 0.0 0.0 0.0 0.0 0.0 0.0 0.0 0.0 0.0 0.0 0.0 0.0	0.4000 0.4632 0.5365 0.6213 0.7195 0.8332 0.9649 1.117 1.294 1.499 1.736 2.010 2.328 2.696 3.122 3.615 4.187 4.849 5.615 6.503 7.531 8.721 10.10 11.70 13.54 15.69 18.17 21.04 24.36 28.21 32.67 37.84 43.82 50.75 58.77 68.06 78.82 91.28 105.7 122.4 141.8 164.2 190.1 220.2 255.0 295.3 342.0 396.1 458.7 531.2 615.1 712.4 825.0 955.4 1106 1281 1484 1718 1990 2305 2669 3091 3580 4145 4801 5560 6439 7456 8635 1.000e4
12	Size	DOPC 30 01 25 EX 41 1mg/ml 2	30 January 2025 16:21:33	25.0	217.7	0.437	345.7	84.90	0.000	75.1	24.9	0.0	70.19	11.85	0.000	0.0 0.0 0.0 0.0 0.0 0.0 0.0 0.0 0.0 0.0 0.0 0.0 0.0 0.0 0.0 0.0 0.0 0.0 0.0 0.0 0.0 0.0 0.0 0.0 0.0 0.0 0.0 0.0 0.0 0.0 0.0 0.0 0.0 0.0 0.0 4.4 8.7 8.1 3.7 0.0 0.0 0.0 0.0 2.6 9.5 16.7 19.7 16.3 8.6 1.7 0.0 0.0 0.0 0.0 0.0 0.0 0.0 0.0 0.0 0.0 0.0 0.0 0.0 0.0 0.0 0.0 0.0 0.0 0.0 0.0	0.4000 0.4632 0.5365 0.6213 0.7195 0.8332 0.9649 1.117 1.294 1.499 1.736 2.010 2.328 2.696 3.122 3.615 4.187 4.849 5.615 6.503 7.531 8.721 10.10 11.70 13.54 15.69 18.17 21.04 24.36 28.21 32.67 37.84 43.82 50.75 58.77 68.06 78.82 91.28 105.7 122.4 141.8 164.2 190.1 220.2 255.0 295.3 342.0 396.1 458.7 531.2 615.1 712.4 825.0 955.4 1106 1281 1484 1718 1990 2305 2669 3091 3580 4145 4801 5560 6439 7456 8635 1.000e4
13	Size	DOPC 30 01 25 EX 41 1mg/ml 3	30 January 2025 16:23:55	25.0	213.5	0.483	404.4	96.22	0.000	71.5	28.5	0.0	98.14	23.08	0.000	0.0 0.0 0.0 0.0 0.0 0.0 0.0 0.0 0.0 0.0 0.0 0.0 0.0 0.0 0.0 0.0 0.0 0.0 0.0 0.0 0.0 0.0 0.0 0.0 0.0 0.0 0.0 0.0 0.0 0.0 0.0 0.0 0.0 0.1 1.4 3.3 5.1 6.2 5.9 4.2 2.0 0.2 0.0 1.1 4.4 9.2 13.7 15.6 14.0 9.4 3.9 0.3 0.0 0.0 0.0 0.0 0.0 0.0 0.0 0.0 0.0 0.0 0.0 0.0 0.0 0.0 0.0 0.0 0.0 0.0	0.4000 0.4632 0.5365 0.6213 0.7195 0.8332 0.9649 1.117 1.294 1.499 1.736 2.010 2.328 2.696 3.122 3.615 4.187 4.849 5.615 6.503 7.531 8.721 10.10 11.70 13.54 15.69 18.17 21.04 24.36 28.21 32.67 37.84 43.82 50.75 58.77 68.06 78.82 91.28 105.7 122.4 141.8 164.2 190.1 220.2 255.0 295.3 342.0 396.1 458.7 531.2 615.1 712.4 825.0 955.4 1106 1281 1484 1718 1990 2305 2669 3091 3580 4145 4801 5560 6439 7456 8635 1.000e4
14	Size	DOPC 30 01 25 EX 41 1mg/ml 4	30 January 2025 16:26:18	25.0	214.2	0.445	304.4	63.39	0.000	89.5	10.5	0.0	116.1	15.00	0.000	0.0 0.0 0.0 0.0 0.0 0.0 0.0 0.0 0.0 0.0 0.0 0.0 0.0 0.0 0.0 0.0 0.0 0.0 0.0 0.0 0.0 0.0 0.0 0.0 0.0 0.0 0.0 0.0 0.0 0.0 0.0 0.3 1.2 2.1 2.3 2.0 1.5 1.3 1.4 2.0 3.1 4.7 6.7 9.0 11.2 12.7 12.8 11.3 8.2 4.6 1.5 0.0 0.0 0.0 0.0 0.0 0.0 0.0 0.0 0.0 0.0 0.0 0.0 0.0 0.0 0.0 0.0 0.0 0.0 0.0	0.4000 0.4632 0.5365 0.6213 0.7195 0.8332 0.9649 1.117 1.294 1.499 1.736 2.010 2.328 2.696 3.122 3.615 4.187 4.849 5.615 6.503 7.531 8.721 10.10 11.70 13.54 15.69 18.17 21.04 24.36 28.21 32.67 37.84 43.82 50.75 58.77 68.06 78.82 91.28 105.7 122.4 141.8 164.2 190.1 220.2 255.0 295.3 342.0 396.1 458.7 531.2 615.1 712.4 825.0 955.4 1106 1281 1484 1718 1990 2305 2669 3091 3580 4145 4801 5560 6439 7456 8635 1.000e4
15	Size	DOPC 30 01 25 EX 41 1mg/ml 5	30 January 2025 16:28:40	25.0	209.5	0.470	500.4	108.4	0.000	66.4	33.6	0.0	173.5	26.68	0.000	0.0 0.0 0.0 0.0 0.0 0.0 0.0 0.0 0.0 0.0 0.0 0.0 0.0 0.0 0.0 0.0 0.0 0.0 0.0 0.0 0.0 0.0 0.0 0.0 0.0 0.0 0.0 0.0 0.0 0.0 0.0 0.0 0.0 0.0 0.0 1.9 4.8 7.1 7.5 6.2 4.0 1.7 0.5 0.8 2.4 5.0 7.6 9.7 10.5 10.1 8.5 6.1 3.6 1.6 0.4 0.0 0.0 0.0 0.0 0.0 0.0 0.0 0.0 0.0 0.0 0.0 0.0 0.0 0.0 0.0	0.4000 0.4632 0.5365 0.6213 0.7195 0.8332 0.9649 1.117 1.294 1.499 1.736 2.010 2.328 2.696 3.122 3.615 4.187 4.849 5.615 6.503 7.531 8.721 10.10 11.70 13.54 15.69 18.17 21.04 24.36 28.21 32.67 37.84 43.82 50.75 58.77 68.06 78.82 91.28 105.7 122.4 141.8 164.2 190.1 220.2 255.0 295.3 342.0 396.1 458.7 531.2 615.1 712.4 825.0 955.4 1106 1281 1484 1718 1990 2305 2669 3091 3580 4145 4801 5560 6439 7456 8635 1.000e4
16	Size	DOPC 30 01 25 EX 11 1mg/ml 1	30 January 2025 16:40:27	25.0	2193	0.965	540.1	0.000	0.000	100.0	0.0	0.0	25.85	0.000	0.000	0.0 0.0 0.0 0.0 0.0 0.0 0.0 0.0 0.0 0.0 0.0 0.0 0.0 0.0 0.0 0.0 0.0 0.0 0.0 0.0 0.0 0.0 0.0 0.0 0.0 0.0 0.0 0.0 0.0 0.0 0.0 0.0 0.0 0.0 0.0 0.0 0.0 0.0 0.0 0.0 0.0 0.0 0.0 0.0 0.0 0.0 0.0 0.0 0.0 89.4 10.6 0.0 0.0 0.0 0.0 0.0 0.0 0.0 0.0 0.0 0.0 0.0 0.0 0.0 0.0 0.0 0.0 0.0 0.0 0.0	0.4000 0.4632 0.5365 0.6213 0.7195 0.8332 0.9649 1.117 1.294 1.499 1.736 2.010 2.328 2.696 3.122 3.615 4.187 4.849 5.615 6.503 7.531 8.721 10.10 11.70 13.54 15.69 18.17 21.04 24.36 28.21 32.67 37.84 43.82 50.75 58.77 68.06 78.82 91.28 105.7 122.4 141.8 164.2 190.1 220.2 255.0 295.3 342.0 396.1 458.7 531.2 615.1 712.4 825.0 955.4 1106 1281 1484 1718 1990 2305 2669 3091 3580 4145 4801 5560 6439 7456 8635 1.000e4
17	Size	DOPC 30 01 25 EX 11 1mg/ml 2	30 January 2025 16:43:09	25.0	1897	1.000	387.0	0.000	0.000	100.0	0.0	0.0	20.18	0.000	0.000	0.0 0.0 0.0 0.0 0.0 0.0 0.0 0.0 0.0 0.0 0.0 0.0 0.0 0.0 0.0 0.0 0.0 0.0 0.0 0.0 0.0 0.0 0.0 0.0 0.0 0.0 0.0 0.0 0.0 0.0 0.0 0.0 0.0 0.0 0.0 0.0 0.0 0.0 0.0 0.0 0.0 0.0 0.0 0.0 0.0 0.0 16.7 83.3 0.0 0.0 0.0 0.0 0.0 0.0 0.0 0.0 0.0 0.0 0.0 0.0 0.0 0.0 0.0 0.0 0.0 0.0 0.0 0.0 0.0 0.0	0.4000 0.4632 0.5365 0.6213 0.7195 0.8332 0.9649 1.117 1.294 1.499 1.736 2.010 2.328 2.696 3.122 3.615 4.187 4.849 5.615 6.503 7.531 8.721 10.10 11.70 13.54 15.69 18.17 21.04 24.36 28.21 32.67 37.84 43.82 50.75 58.77 68.06 78.82 91.28 105.7 122.4 141.8 164.2 190.1 220.2 255.0 295.3 342.0 396.1 458.7 531.2 615.1 712.4 825.0 955.4 1106 1281 1484 1718 1990 2305 2669 3091 3580 4145 4801 5560 6439 7456 8635 1.000e4
18	Size	DOPC 30 01 25 EX 11 1mg/ml 3	30 January 2025 16:45:52	25.0	1841	0.944	347.4	0.000	0.000	100.0	0.0	0.0	16.21	0.000	0.000	0.0 0.0 0.0 0.0 0.0 0.0 0.0 0.0 0.0 0.0 0.0 0.0 0.0 0.0 0.0 0.0 0.0 0.0 0.0 0.0 0.0 0.0 0.0 0.0 0.0 0.0 0.0 0.0 0.0 0.0 0.0 0.0 0.0 0.0 0.0 0.0 0.0 0.0 0.0 0.0 0.0 0.0 0.0 0.0 0.0 0.0 90.0 10.0 0.0 0.0 0.0 0.0 0.0 0.0 0.0 0.0 0.0 0.0 0.0 0.0 0.0 0.0 0.0 0.0 0.0 0.0 0.0 0.0 0.0 0.0	0.4000 0.4632 0.5365 0.6213 0.7195 0.8332 0.9649 1.117 1.294 1.499 1.736 2.010 2.328 2.696 3.122 3.615 4.187 4.849 5.615 6.503 7.531 8.721 10.10 11.70 13.54 15.69 18.17 21.04 24.36 28.21 32.67 37.84 43.82 50.75 58.77 68.06 78.82 91.28 105.7 122.4 141.8 164.2 190.1 220.2 255.0 295.3 342.0 396.1 458.7 531.2 615.1 712.4 825.0 955.4 1106 1281 1484 1718 1990 2305 2669 3091 3580 4145 4801 5560 6439 7456 8635 1.000e4
19	Size	DOPC 30 01 25 EX 11 1mg/ml 4	30 January 2025 16:48:35	25.0	1521	0.809	458.7	0.000	0.000	100.0	0.0	0.0	5.395e-6	0.000	0.000	0.0 0.0 0.0 0.0 0.0 0.0 0.0 0.0 0.0 0.0 0.0 0.0 0.0 0.0 0.0 0.0 0.0 0.0 0.0 0.0 0.0 0.0 0.0 0.0 0.0 0.0 0.0 0.0 0.0 0.0 0.0 0.0 0.0 0.0 0.0 0.0 0.0 0.0 0.0 0.0 0.0 0.0 0.0 0.0 0.0 0.0 0.0 0.0 100.0 0.0 0.0 0.0 0.0 0.0 0.0 0.0 0.0 0.0 0.0 0.0 0.0 0.0 0.0 0.0 0.0 0.0 0.0 0.0 0.0 0.0	0.4000 0.4632 0.5365 0.6213 0.7195 0.8332 0.9649 1.117 1.294 1.499 1.736 2.010 2.328 2.696 3.122 3.615 4.187 4.849 5.615 6.503 7.531 8.721 10.10 11.70 13.54 15.69 18.17 21.04 24.36 28.21 32.67 37.84 43.82 50.75 58.77 68.06 78.82 91.28 105.7 122.4 141.8 164.2 190.1 220.2 255.0 295.3 342.0 396.1 458.7 531.2 615.1 712.4 825.0 955.4 1106 1281 1484 1718 1990 2305 2669 3091 3580 4145 4801 5560 6439 7456 8635 1.000e4
20	Size	DOPC 30 01 25 EX 11 1mg/ml 5	30 January 2025 16:51:18	25.0	1523	0.727	589.2	0.000	0.000	100.0	0.0	0.0	38.80	0.000	0.000	0.0 0.0 0.0 0.0 0.0 0.0 0.0 0.0 0.0 0.0 0.0 0.0 0.0 0.0 0.0 0.0 0.0 0.0 0.0 0.0 0.0 0.0 0.0 0.0 0.0 0.0 0.0 0.0 0.0 0.0 0.0 0.0 0.0 0.0 0.0 0.0 0.0 0.0 0.0 0.0 0.0 0.0 0.0 0.0 0.0 0.0 0.0 0.0 0.0 30.9 69.1 0.0 0.0 0.0 0.0 0.0 0.0 0.0 0.0 0.0 0.0 0.0 0.0 0.0 0.0 0.0 0.0 0.0 0.0 0.0	0.4000 0.4632 0.5365 0.6213 0.7195 0.8332 0.9649 1.117 1.294 1.499 1.736 2.010 2.328 2.696 3.122 3.615 4.187 4.849 5.615 6.503 7.531 8.721 10.10 11.70 13.54 15.69 18.17 21.04 24.36 28.21 32.67 37.84 43.82 50.75 58.77 68.06 78.82 91.28 105.7 122.4 141.8 164.2 190.1 220.2 255.0 295.3 342.0 396.1 458.7 531.2 615.1 712.4 825.0 955.4 1106 1281 1484 1718 1990 2305 2669 3091 3580 4145 4801 5560 6439 7456 8635 1.000e4
21	Size	DOPC 30 01 25 EX 5 1mg/ml 1	30 January 2025 17:01:57	25.0	1245	0.254	1117	0.000	0.000	100.0	0.0	0.0	223.6	0.000	0.000	0.0 0.0 0.0 0.0 0.0 0.0 0.0 0.0 0.0 0.0 0.0 0.0 0.0 0.0 0.0 0.0 0.0 0.0 0.0 0.0 0.0 0.0 0.0 0.0 0.0 0.0 0.0 0.0 0.0 0.0 0.0 0.0 0.0 0.0 0.0 0.0 0.0 0.0 0.0 0.0 0.0 0.0 0.0 0.0 0.0 0.0 0.0 0.0 0.0 0.0 0.0 2.1 13.1 23.9 26.8 20.9 10.7 2.5 0.0 0.0 0.0 0.0 0.0 0.0 0.0 0.0 0.0 0.0 0.0 0.0	0.4000 0.4632 0.5365 0.6213 0.7195 0.8332 0.9649 1.117 1.294 1.499 1.736 2.010 2.328 2.696 3.122 3.615 4.187 4.849 5.615 6.503 7.531 8.721 10.10 11.70 13.54 15.69 18.17 21.04 24.36 28.21 32.67 37.84 43.82 50.75 58.77 68.06 78.82 91.28 105.7 122.4 141.8 164.2 190.1 220.2 255.0 295.3 342.0 396.1 458.7 531.2 615.1 712.4 825.0 955.4 1106 1281 1484 1718 1990 2305 2669 3091 3580 4145 4801 5560 6439 7456 8635 1.000e4
22	Size	DOPC 30 01 25 EX 5 1mg/ml 2	30 January 2025 17:04:50	25.0	1270	0.289	1115	0.000	0.000	100.0	0.0	0.0	305.8	0.000	0.000	0.0 0.0 0.0 0.0 0.0 0.0 0.0 0.0 0.0 0.0 0.0 0.0 0.0 0.0 0.0 0.0 0.0 0.0 0.0 0.0 0.0 0.0 0.0 0.0 0.0 0.0 0.0 0.0 0.0 0.0 0.0 0.0 0.0 0.0 0.0 0.0 0.0 0.0 0.0 0.0 0.0 0.0 0.0 0.0 0.0 0.0 0.0 0.0 0.0 0.0 0.9 7.9 16.3 20.9 20.3 15.9 10.1 5.2 2.0 0.5 0.0 0.0 0.0 0.0 0.0 0.0 0.0 0.0 0.0 0.0	0.4000 0.4632 0.5365 0.6213 0.7195 0.8332 0.9649 1.117 1.294 1.499 1.736 2.010 2.328 2.696 3.122 3.615 4.187 4.849 5.615 6.503 7.531 8.721 10.10 11.70 13.54 15.69 18.17 21.04 24.36 28.21 32.67 37.84 43.82 50.75 58.77 68.06 78.82 91.28 105.7 122.4 141.8 164.2 190.1 220.2 255.0 295.3 342.0 396.1 458.7 531.2 615.1 712.4 825.0 955.4 1106 1281 1484 1718 1990 2305 2669 3091 3580 4145 4801 5560 6439 7456 8635 1.000e4
23	Size	DOPC 30 01 25 EX 5 1mg/ml 3	30 January 2025 17:07:42	25.0	1299	0.303	1104	0.000	0.000	100.0	0.0	0.0	187.1	0.000	0.000	0.0 0.0 0.0 0.0 0.0 0.0 0.0 0.0 0.0 0.0 0.0 0.0 0.0 0.0 0.0 0.0 0.0 0.0 0.0 0.0 0.0 0.0 0.0 0.0 0.0 0.0 0.0 0.0 0.0 0.0 0.0 0.0 0.0 0.0 0.0 0.0 0.0 0.0 0.0 0.0 0.0 0.0 0.0 0.0 0.0 0.0 0.0 0.0 0.0 0.0 0.0 0.5 11.9 25.8 30.7 22.7 8.4 0.0 0.0 0.0 0.0 0.0 0.0 0.0 0.0 0.0 0.0 0.0 0.0 0.0	0.4000 0.4632 0.5365 0.6213 0.7195 0.8332 0.9649 1.117 1.294 1.499 1.736 2.010 2.328 2.696 3.122 3.615 4.187 4.849 5.615 6.503 7.531 8.721 10.10 11.70 13.54 15.69 18.17 21.04 24.36 28.21 32.67 37.84 43.82 50.75 58.77 68.06 78.82 91.28 105.7 122.4 141.8 164.2 190.1 220.2 255.0 295.3 342.0 396.1 458.7 531.2 615.1 712.4 825.0 955.4 1106 1281 1484 1718 1990 2305 2669 3091 3580 4145 4801 5560 6439 7456 8635 1.000e4
24	Size	DOPC 30 01 25 EX 5 1mg/ml 4	30 January 2025 17:10:35	25.0	1312	0.278	1192	0.000	0.000	100.0	0.0	0.0	154.9	0.000	0.000	0.0 0.0 0.0 0.0 0.0 0.0 0.0 0.0 0.0 0.0 0.0 0.0 0.0 0.0 0.0 0.0 0.0 0.0 0.0 0.0 0.0 0.0 0.0 0.0 0.0 0.0 0.0 0.0 0.0 0.0 0.0 0.0 0.0 0.0 0.0 0.0 0.0 0.0 0.0 0.0 0.0 0.0 0.0 0.0 0.0 0.0 0.0 0.0 0.0 0.0 0.0 0.0 0.0 14.7 37.7 35.7 11.9 0.0 0.0 0.0 0.0 0.0 0.0 0.0 0.0 0.0 0.0 0.0 0.0 0.0	0.4000 0.4632 0.5365 0.6213 0.7195 0.8332 0.9649 1.117 1.294 1.499 1.736 2.010 2.328 2.696 3.122 3.615 4.187 4.849 5.615 6.503 7.531 8.721 10.10 11.70 13.54 15.69 18.17 21.04 24.36 28.21 32.67 37.84 43.82 50.75 58.77 68.06 78.82 91.28 105.7 122.4 141.8 164.2 190.1 220.2 255.0 295.3 342.0 396.1 458.7 531.2 615.1 712.4 825.0 955.4 1106 1281 1484 1718 1990 2305 2669 3091 3580 4145 4801 5560 6439 7456 8635 1.000e4
25	Size	DOPC 30 01 25 EX 5 1mg/ml 5	30 January 2025 17:13:28	25.0	1339	0.295	1258	369.4	0.000	92.6	7.4	0.0	191.9	27.03	0.000	0.0 0.0 0.0 0.0 0.0 0.0 0.0 0.0 0.0 0.0 0.0 0.0 0.0 0.0 0.0 0.0 0.0 0.0 0.0 0.0 0.0 0.0 0.0 0.0 0.0 0.0 0.0 0.0 0.0 0.0 0.0 0.0 0.0 0.0 0.0 0.0 0.0 0.0 0.0 0.0 0.0 0.0 0.0 0.0 0.0 0.0 3.7 3.8 0.0 0.0 0.0 0.0 0.0 10.3 26.3 31.8 20.5 3.8 0.0 0.0 0.0 0.0 0.0 0.0 0.0 0.0 0.0 0.0 0.0 0.0	0.4000 0.4632 0.5365 0.6213 0.7195 0.8332 0.9649 1.117 1.294 1.499 1.736 2.010 2.328 2.696 3.122 3.615 4.187 4.849 5.615 6.503 7.531 8.721 10.10 11.70 13.54 15.69 18.17 21.04 24.36 28.21 32.67 37.84 43.82 50.75 58.77 68.06 78.82 91.28 105.7 122.4 141.8 164.2 190.1 220.2 255.0 295.3 342.0 396.1 458.7 531.2 615.1 712.4 825.0 955.4 1106 1281 1484 1718 1990 2305 2669 3091 3580 4145 4801 5560 6439 7456 8635 1.000e4

Record	Type	Sample Name	Measurement Date and Time	T	Z-Ave	PdI	Pk 1 Mean Int	Pk 2 Mean Int	Pk 3 Mean Int	Pk 1 Area Int	Pk 2 Area Int	Pk 3 Area Int	Size Peak	Size Peak	Size Peak	Intensities	Sizes
 		 	 	Â°C	d.nm	 	d.nm	d.nm	d.nm	Percent	Percent	Percent	d.nm	d.nm	d.nm	Percent	d.nm
1	Size	POPC 13 02 25 31EX 1mg'ml Calc Tris 1	13 February 2025 17:14:15	25.0	90.77	0.046	95.29	0.000	0.000	100.0	0.0	0.0	20.92	0.000	0.000	0.0 0.0 0.0 0.0 0.0 0.0 0.0 0.0 0.0 0.0 0.0 0.0 0.0 0.0 0.0 0.0 0.0 0.0 0.0 0.0 0.0 0.0 0.0 0.0 0.0 0.0 0.0 0.0 0.0 0.0 0.0 0.0 0.0 0.0 2.9 11.6 20.5 24.3 21.4 13.6 5.3 0.3 0.0 0.0 0.0 0.0 0.0 0.0 0.0 0.0 0.0 0.0 0.0 0.0 0.0 0.0 0.0 0.0 0.0 0.0 0.0 0.0 0.0 0.0 0.0 0.0 0.0 0.0 0.0 0.0	0.4000 0.4632 0.5365 0.6213 0.7195 0.8332 0.9649 1.117 1.294 1.499 1.736 2.010 2.328 2.696 3.122 3.615 4.187 4.849 5.615 6.503 7.531 8.721 10.10 11.70 13.54 15.69 18.17 21.04 24.36 28.21 32.67 37.84 43.82 50.75 58.77 68.06 78.82 91.28 105.7 122.4 141.8 164.2 190.1 220.2 255.0 295.3 342.0 396.1 458.7 531.2 615.1 712.4 825.0 955.4 1106 1281 1484 1718 1990 2305 2669 3091 3580 4145 4801 5560 6439 7456 8635 1.000e4
2	Size	POPC 13 02 25 31EX 1mg'ml Calc Tris 2	13 February 2025 17:16:58	25.0	90.10	0.072	91.77	0.000	0.000	100.0	0.0	0.0	17.27	0.000	0.000	0.0 0.0 0.0 0.0 0.0 0.0 0.0 0.0 0.0 0.0 0.0 0.0 0.0 0.0 0.0 0.0 0.0 0.0 0.0 0.0 0.0 0.0 0.0 0.0 0.0 0.0 0.0 0.0 0.0 0.0 0.0 0.0 0.0 0.0 1.2 12.8 24.9 28.3 21.5 10.0 1.5 0.0 0.0 0.0 0.0 0.0 0.0 0.0 0.0 0.0 0.0 0.0 0.0 0.0 0.0 0.0 0.0 0.0 0.0 0.0 0.0 0.0 0.0 0.0 0.0 0.0 0.0 0.0 0.0 0.0	0.4000 0.4632 0.5365 0.6213 0.7195 0.8332 0.9649 1.117 1.294 1.499 1.736 2.010 2.328 2.696 3.122 3.615 4.187 4.849 5.615 6.503 7.531 8.721 10.10 11.70 13.54 15.69 18.17 21.04 24.36 28.21 32.67 37.84 43.82 50.75 58.77 68.06 78.82 91.28 105.7 122.4 141.8 164.2 190.1 220.2 255.0 295.3 342.0 396.1 458.7 531.2 615.1 712.4 825.0 955.4 1106 1281 1484 1718 1990 2305 2669 3091 3580 4145 4801 5560 6439 7456 8635 1.000e4
3	Size	POPC 13 02 25 31EX 1mg'ml Calc Tris 3	13 February 2025 17:19:41	25.0	89.73	0.049	94.32	0.000	0.000	100.0	0.0	0.0	20.91	0.000	0.000	0.0 0.0 0.0 0.0 0.0 0.0 0.0 0.0 0.0 0.0 0.0 0.0 0.0 0.0 0.0 0.0 0.0 0.0 0.0 0.0 0.0 0.0 0.0 0.0 0.0 0.0 0.0 0.0 0.0 0.0 0.0 0.0 0.0 0.0 4.3 12.3 20.2 23.7 21.0 13.5 5.1 0.0 0.0 0.0 0.0 0.0 0.0 0.0 0.0 0.0 0.0 0.0 0.0 0.0 0.0 0.0 0.0 0.0 0.0 0.0 0.0 0.0 0.0 0.0 0.0 0.0 0.0 0.0 0.0 0.0	0.4000 0.4632 0.5365 0.6213 0.7195 0.8332 0.9649 1.117 1.294 1.499 1.736 2.010 2.328 2.696 3.122 3.615 4.187 4.849 5.615 6.503 7.531 8.721 10.10 11.70 13.54 15.69 18.17 21.04 24.36 28.21 32.67 37.84 43.82 50.75 58.77 68.06 78.82 91.28 105.7 122.4 141.8 164.2 190.1 220.2 255.0 295.3 342.0 396.1 458.7 531.2 615.1 712.4 825.0 955.4 1106 1281 1484 1718 1990 2305 2669 3091 3580 4145 4801 5560 6439 7456 8635 1.000e4
4	Size	POPC 13 02 25 31EX 1mg'ml Calc Tris 4	13 February 2025 17:22:24	25.0	89.68	0.070	92.47	0.000	0.000	100.0	0.0	0.0	19.66	0.000	0.000	0.0 0.0 0.0 0.0 0.0 0.0 0.0 0.0 0.0 0.0 0.0 0.0 0.0 0.0 0.0 0.0 0.0 0.0 0.0 0.0 0.0 0.0 0.0 0.0 0.0 0.0 0.0 0.0 0.0 0.0 0.0 0.0 0.0 0.0 4.0 13.2 22.1 25.1 20.7 11.6 3.3 0.0 0.0 0.0 0.0 0.0 0.0 0.0 0.0 0.0 0.0 0.0 0.0 0.0 0.0 0.0 0.0 0.0 0.0 0.0 0.0 0.0 0.0 0.0 0.0 0.0 0.0 0.0 0.0 0.0	0.4000 0.4632 0.5365 0.6213 0.7195 0.8332 0.9649 1.117 1.294 1.499 1.736 2.010 2.328 2.696 3.122 3.615 4.187 4.849 5.615 6.503 7.531 8.721 10.10 11.70 13.54 15.69 18.17 21.04 24.36 28.21 32.67 37.84 43.82 50.75 58.77 68.06 78.82 91.28 105.7 122.4 141.8 164.2 190.1 220.2 255.0 295.3 342.0 396.1 458.7 531.2 615.1 712.4 825.0 955.4 1106 1281 1484 1718 1990 2305 2669 3091 3580 4145 4801 5560 6439 7456 8635 1.000e4
5	Size	POPC 13 02 25 31EX 1mg'ml Calc Tris 5	13 February 2025 17:25:07	25.0	90.41	0.054	95.40	0.000	0.000	100.0	0.0	0.0	21.94	0.000	0.000	0.0 0.0 0.0 0.0 0.0 0.0 0.0 0.0 0.0 0.0 0.0 0.0 0.0 0.0 0.0 0.0 0.0 0.0 0.0 0.0 0.0 0.0 0.0 0.0 0.0 0.0 0.0 0.0 0.0 0.0 0.0 0.0 0.0 0.0 3.9 12.0 19.9 23.3 20.7 13.7 5.7 0.7 0.0 0.0 0.0 0.0 0.0 0.0 0.0 0.0 0.0 0.0 0.0 0.0 0.0 0.0 0.0 0.0 0.0 0.0 0.0 0.0 0.0 0.0 0.0 0.0 0.0 0.0 0.0 0.0	0.4000 0.4632 0.5365 0.6213 0.7195 0.8332 0.9649 1.117 1.294 1.499 1.736 2.010 2.328 2.696 3.122 3.615 4.187 4.849 5.615 6.503 7.531 8.721 10.10 11.70 13.54 15.69 18.17 21.04 24.36 28.21 32.67 37.84 43.82 50.75 58.77 68.06 78.82 91.28 105.7 122.4 141.8 164.2 190.1 220.2 255.0 295.3 342.0 396.1 458.7 531.2 615.1 712.4 825.0 955.4 1106 1281 1484 1718 1990 2305 2669 3091 3580 4145 4801 5560 6439 7456 8635 1.000e4

Record	Type	Sample Name	Measurement Date and Time	T	Z-Ave	PdI	Pk 1 Mean Int	Pk 2 Mean Int	Pk 3 Mean Int	Pk 1 Area Int	Pk 2 Area Int	Pk 3 Area Int	Size Peak	Size Peak	Size Peak	Intensities	Sizes
 		 	 	Â°C	d.nm	 	d.nm	d.nm	d.nm	Percent	Percent	Percent	d.nm	d.nm	d.nm	Percent	d.nm
1	Size	DOPC 41EX 1mg'ml 06 03 25 1	06 March 2025 15:08:22	25.0	233.7	0.425	254.2	31.32	14.52	92.5	6.0	1.4	73.98	7.642	2.528	0.0 0.0 0.0 0.0 0.0 0.0 0.0 0.0 0.0 0.0 0.0 0.0 0.0 0.0 0.0 0.0 0.0 0.0 0.0 0.0 0.0 0.0 0.1 0.3 0.4 0.3 0.3 0.5 0.9 1.2 1.3 1.1 0.6 0.1 0.0 0.0 0.0 0.0 0.0 1.1 4.1 8.5 13.0 16.2 16.9 14.9 10.7 5.7 1.8 0.0 0.0 0.0 0.0 0.0 0.0 0.0 0.0 0.0 0.0 0.0 0.0 0.0 0.0 0.0 0.0 0.0 0.0 0.0 0.0 0.0	0.4000 0.4632 0.5365 0.6213 0.7195 0.8332 0.9649 1.117 1.294 1.499 1.736 2.010 2.328 2.696 3.122 3.615 4.187 4.849 5.615 6.503 7.531 8.721 10.10 11.70 13.54 15.69 18.17 21.04 24.36 28.21 32.67 37.84 43.82 50.75 58.77 68.06 78.82 91.28 105.7 122.4 141.8 164.2 190.1 220.2 255.0 295.3 342.0 396.1 458.7 531.2 615.1 712.4 825.0 955.4 1106 1281 1484 1718 1990 2305 2669 3091 3580 4145 4801 5560 6439 7456 8635 1.000e4
2	Size	DOPC 41EX 1mg'ml 06 03 25 2	06 March 2025 15:10:34	25.0	214.4	0.440	308.3	37.90	5073	89.1	7.9	3.0	139.0	9.699	567.1	0.0 0.0 0.0 0.0 0.0 0.0 0.0 0.0 0.0 0.0 0.0 0.0 0.0 0.0 0.0 0.0 0.0 0.0 0.0 0.0 0.0 0.0 0.0 0.0 0.0 0.0 0.0 0.2 0.6 1.1 1.5 1.6 1.4 0.9 0.4 0.0 0.0 0.3 1.2 2.6 4.3 6.3 8.1 9.6 10.5 10.7 10.0 8.7 6.9 4.9 3.0 1.4 0.4 0.0 0.0 0.0 0.0 0.0 0.0 0.0 0.0 0.0 0.1 0.4 1.0 1.6 0.0 0.0 0.0 0.0	0.4000 0.4632 0.5365 0.6213 0.7195 0.8332 0.9649 1.117 1.294 1.499 1.736 2.010 2.328 2.696 3.122 3.615 4.187 4.849 5.615 6.503 7.531 8.721 10.10 11.70 13.54 15.69 18.17 21.04 24.36 28.21 32.67 37.84 43.82 50.75 58.77 68.06 78.82 91.28 105.7 122.4 141.8 164.2 190.1 220.2 255.0 295.3 342.0 396.1 458.7 531.2 615.1 712.4 825.0 955.4 1106 1281 1484 1718 1990 2305 2669 3091 3580 4145 4801 5560 6439 7456 8635 1.000e4
3	Size	DOPC 41EX 1mg'ml 06 03 25 3	06 March 2025 15:12:47	25.0	208.9	0.480	285.8	53.23	22.71	89.8	4.7	4.1	118.3	14.49	5.564	0.0 0.0 0.0 0.0 0.0 0.0 0.0 0.0 0.0 0.0 0.0 0.0 0.0 0.0 0.0 0.0 0.0 0.0 0.0 0.0 0.0 0.0 0.0 0.0 0.1 0.5 0.8 0.9 0.7 0.6 0.5 0.6 0.7 0.8 0.8 0.7 0.6 0.8 1.4 2.6 4.4 6.6 8.8 10.7 11.7 11.8 10.8 8.8 6.2 3.6 1.5 0.3 0.0 0.0 0.0 0.0 0.0 0.0 0.0 0.0 0.0 0.0 0.0 0.0 0.3 1.1 0.0 0.0 0.0 0.0	0.4000 0.4632 0.5365 0.6213 0.7195 0.8332 0.9649 1.117 1.294 1.499 1.736 2.010 2.328 2.696 3.122 3.615 4.187 4.849 5.615 6.503 7.531 8.721 10.10 11.70 13.54 15.69 18.17 21.04 24.36 28.21 32.67 37.84 43.82 50.75 58.77 68.06 78.82 91.28 105.7 122.4 141.8 164.2 190.1 220.2 255.0 295.3 342.0 396.1 458.7 531.2 615.1 712.4 825.0 955.4 1106 1281 1484 1718 1990 2305 2669 3091 3580 4145 4801 5560 6439 7456 8635 1.000e4
4	Size	DOPC 41EX 1mg'ml 06 03 25 4	06 March 2025 15:14:59	25.0	215.5	0.397	270.7	35.35	5196	91.7	5.5	2.9	100.7	8.064	476.3	0.0 0.0 0.0 0.0 0.0 0.0 0.0 0.0 0.0 0.0 0.0 0.0 0.0 0.0 0.0 0.0 0.0 0.0 0.0 0.0 0.0 0.0 0.0 0.0 0.0 0.0 0.0 0.1 0.5 1.0 1.3 1.2 0.9 0.4 0.1 0.0 0.0 0.0 0.7 2.5 5.1 8.1 10.8 12.7 13.3 12.6 10.6 7.8 4.8 2.2 0.6 0.0 0.0 0.0 0.0 0.0 0.0 0.0 0.0 0.0 0.0 0.0 0.0 0.3 0.9 1.7 0.0 0.0 0.0 0.0	0.4000 0.4632 0.5365 0.6213 0.7195 0.8332 0.9649 1.117 1.294 1.499 1.736 2.010 2.328 2.696 3.122 3.615 4.187 4.849 5.615 6.503 7.531 8.721 10.10 11.70 13.54 15.69 18.17 21.04 24.36 28.21 32.67 37.84 43.82 50.75 58.77 68.06 78.82 91.28 105.7 122.4 141.8 164.2 190.1 220.2 255.0 295.3 342.0 396.1 458.7 531.2 615.1 712.4 825.0 955.4 1106 1281 1484 1718 1990 2305 2669 3091 3580 4145 4801 5560 6439 7456 8635 1.000e4
5	Size	DOPC 41EX 1mg'ml 06 03 25 5	06 March 2025 15:17:11	25.0	224.5	0.371	273.1	41.81	4908	86.9	7.0	6.1	105.9	9.963	666.0	0.0 0.0 0.0 0.0 0.0 0.0 0.0 0.0 0.0 0.0 0.0 0.0 0.0 0.0 0.0 0.0 0.0 0.0 0.0 0.0 0.0 0.0 0.0 0.0 0.0 0.0 0.0 0.0 0.2 0.6 1.2 1.5 1.5 1.2 0.6 0.2 0.0 0.1 0.9 2.6 5.0 7.6 10.0 11.6 12.2 11.5 9.8 7.4 4.8 2.5 0.8 0.1 0.0 0.0 0.0 0.0 0.0 0.0 0.0 0.0 0.0 0.1 0.4 1.1 1.9 2.6 0.0 0.0 0.0 0.0	0.4000 0.4632 0.5365 0.6213 0.7195 0.8332 0.9649 1.117 1.294 1.499 1.736 2.010 2.328 2.696 3.122 3.615 4.187 4.849 5.615 6.503 7.531 8.721 10.10 11.70 13.54 15.69 18.17 21.04 24.36 28.21 32.67 37.84 43.82 50.75 58.77 68.06 78.82 91.28 105.7 122.4 141.8 164.2 190.1 220.2 255.0 295.3 342.0 396.1 458.7 531.2 615.1 712.4 825.0 955.4 1106 1281 1484 1718 1990 2305 2669 3091 3580 4145 4801 5560 6439 7456 8635 1.000e4
6	Size	DOPC 31EX 1mg'ml 06 03 25 1	06 March 2025 15:31:33	25.0	813.1	0.360	961.0	134.2	5431	92.5	6.0	1.4	322.3	26.76	284.4	0.0 0.0 0.0 0.0 0.0 0.0 0.0 0.0 0.0 0.0 0.0 0.0 0.0 0.0 0.0 0.0 0.0 0.0 0.0 0.0 0.0 0.0 0.0 0.0 0.0 0.0 0.0 0.0 0.0 0.0 0.0 0.0 0.0 0.0 0.0 0.0 0.0 0.4 1.1 1.5 1.5 1.1 0.4 0.0 0.0 0.0 0.0 0.4 2.2 5.3 9.0 12.4 14.5 14.8 13.2 10.2 6.5 3.1 0.9 0.0 0.0 0.0 0.0 0.0 0.2 1.2 0.0 0.0 0.0 0.0	0.4000 0.4632 0.5365 0.6213 0.7195 0.8332 0.9649 1.117 1.294 1.499 1.736 2.010 2.328 2.696 3.122 3.615 4.187 4.849 5.615 6.503 7.531 8.721 10.10 11.70 13.54 15.69 18.17 21.04 24.36 28.21 32.67 37.84 43.82 50.75 58.77 68.06 78.82 91.28 105.7 122.4 141.8 164.2 190.1 220.2 255.0 295.3 342.0 396.1 458.7 531.2 615.1 712.4 825.0 955.4 1106 1281 1484 1718 1990 2305 2669 3091 3580 4145 4801 5560 6439 7456 8635 1.000e4
7	Size	DOPC 31EX 1mg'ml 06 03 25 2	06 March 2025 15:33:55	25.0	771.3	0.285	849.4	5411	0.000	98.6	1.4	0.0	289.2	301.2	0.000	0.0 0.0 0.0 0.0 0.0 0.0 0.0 0.0 0.0 0.0 0.0 0.0 0.0 0.0 0.0 0.0 0.0 0.0 0.0 0.0 0.0 0.0 0.0 0.0 0.0 0.0 0.0 0.0 0.0 0.0 0.0 0.0 0.0 0.0 0.0 0.0 0.0 0.0 0.0 0.0 0.0 0.0 0.0 0.0 0.0 0.0 0.3 2.0 5.2 9.2 12.8 15.1 15.6 14.2 11.3 7.5 4.0 1.3 0.1 0.0 0.0 0.0 0.0 0.0 0.3 1.1 0.0 0.0 0.0 0.0	0.4000 0.4632 0.5365 0.6213 0.7195 0.8332 0.9649 1.117 1.294 1.499 1.736 2.010 2.328 2.696 3.122 3.615 4.187 4.849 5.615 6.503 7.531 8.721 10.10 11.70 13.54 15.69 18.17 21.04 24.36 28.21 32.67 37.84 43.82 50.75 58.77 68.06 78.82 91.28 105.7 122.4 141.8 164.2 190.1 220.2 255.0 295.3 342.0 396.1 458.7 531.2 615.1 712.4 825.0 955.4 1106 1281 1484 1718 1990 2305 2669 3091 3580 4145 4801 5560 6439 7456 8635 1.000e4
8	Size	DOPC 31EX 1mg'ml 06 03 25 3	06 March 2025 15:36:18	25.0	842.9	0.286	881.3	0.000	0.000	100.0	0.0	0.0	266.9	0.000	0.000	0.0 0.0 0.0 0.0 0.0 0.0 0.0 0.0 0.0 0.0 0.0 0.0 0.0 0.0 0.0 0.0 0.0 0.0 0.0 0.0 0.0 0.0 0.0 0.0 0.0 0.0 0.0 0.0 0.0 0.0 0.0 0.0 0.0 0.0 0.0 0.0 0.0 0.0 0.0 0.0 0.0 0.0 0.0 0.0 0.0 0.0 0.0 0.3 2.8 7.3 12.3 16.3 17.9 16.7 13.2 8.4 4.0 1.0 0.0 0.0 0.0 0.0 0.0 0.0 0.0 0.0 0.0 0.0 0.0 0.0	0.4000 0.4632 0.5365 0.6213 0.7195 0.8332 0.9649 1.117 1.294 1.499 1.736 2.010 2.328 2.696 3.122 3.615 4.187 4.849 5.615 6.503 7.531 8.721 10.10 11.70 13.54 15.69 18.17 21.04 24.36 28.21 32.67 37.84 43.82 50.75 58.77 68.06 78.82 91.28 105.7 122.4 141.8 164.2 190.1 220.2 255.0 295.3 342.0 396.1 458.7 531.2 615.1 712.4 825.0 955.4 1106 1281 1484 1718 1990 2305 2669 3091 3580 4145 4801 5560 6439 7456 8635 1.000e4
9	Size	DOPC 31EX 1mg'ml 06 03 25 4	06 March 2025 15:38:40	25.0	824.3	0.278	840.8	5178	0.000	95.4	4.6	0.0	306.2	487.1	0.000	0.0 0.0 0.0 0.0 0.0 0.0 0.0 0.0 0.0 0.0 0.0 0.0 0.0 0.0 0.0 0.0 0.0 0.0 0.0 0.0 0.0 0.0 0.0 0.0 0.0 0.0 0.0 0.0 0.0 0.0 0.0 0.0 0.0 0.0 0.0 0.0 0.0 0.0 0.0 0.0 0.0 0.0 0.0 0.0 0.0 0.0 0.7 2.7 6.0 9.5 12.4 14.1 14.2 12.7 10.1 7.0 3.9 1.6 0.4 0.0 0.0 0.0 0.0 0.5 1.5 2.7 0.0 0.0 0.0 0.0	0.4000 0.4632 0.5365 0.6213 0.7195 0.8332 0.9649 1.117 1.294 1.499 1.736 2.010 2.328 2.696 3.122 3.615 4.187 4.849 5.615 6.503 7.531 8.721 10.10 11.70 13.54 15.69 18.17 21.04 24.36 28.21 32.67 37.84 43.82 50.75 58.77 68.06 78.82 91.28 105.7 122.4 141.8 164.2 190.1 220.2 255.0 295.3 342.0 396.1 458.7 531.2 615.1 712.4 825.0 955.4 1106 1281 1484 1718 1990 2305 2669 3091 3580 4145 4801 5560 6439 7456 8635 1.000e4
10	Size	DOPC 31EX 1mg'ml 06 03 25 5	06 March 2025 15:41:03	25.0	806.8	0.240	900.7	0.000	0.000	100.0	0.0	0.0	278.2	0.000	0.000	0.0 0.0 0.0 0.0 0.0 0.0 0.0 0.0 0.0 0.0 0.0 0.0 0.0 0.0 0.0 0.0 0.0 0.0 0.0 0.0 0.0 0.0 0.0 0.0 0.0 0.0 0.0 0.0 0.0 0.0 0.0 0.0 0.0 0.0 0.0 0.0 0.0 0.0 0.0 0.0 0.0 0.0 0.0 0.0 0.0 0.0 0.0 0.2 2.5 6.8 11.7 15.6 17.4 16.6 13.6 9.2 4.8 1.5 0.0 0.0 0.0 0.0 0.0 0.0 0.0 0.0 0.0 0.0 0.0 0.0	0.4000 0.4632 0.5365 0.6213 0.7195 0.8332 0.9649 1.117 1.294 1.499 1.736 2.010 2.328 2.696 3.122 3.615 4.187 4.849 5.615 6.503 7.531 8.721 10.10 11.70 13.54 15.69 18.17 21.04 24.36 28.21 32.67 37.84 43.82 50.75 58.77 68.06 78.82 91.28 105.7 122.4 141.8 164.2 190.1 220.2 255.0 295.3 342.0 396.1 458.7 531.2 615.1 712.4 825.0 955.4 1106 1281 1484 1718 1990 2305 2669 3091 3580 4145 4801 5560 6439 7456 8635 1.000e4
11	Size	DOPC 21EX 1mg'ml 06 03 25 1	06 March 2025 15:52:42	25.0	868.9	0.252	836.3	0.000	0.000	100.0	0.0	0.0	179.3	0.000	0.000	0.0 0.0 0.0 0.0 0.0 0.0 0.0 0.0 0.0 0.0 0.0 0.0 0.0 0.0 0.0 0.0 0.0 0.0 0.0 0.0 0.0 0.0 0.0 0.0 0.0 0.0 0.0 0.0 0.0 0.0 0.0 0.0 0.0 0.0 0.0 0.0 0.0 0.0 0.0 0.0 0.0 0.0 0.0 0.0 0.0 0.0 0.0 0.0 0.0 4.0 13.3 22.0 24.9 20.5 11.7 3.6 0.0 0.0 0.0 0.0 0.0 0.0 0.0 0.0 0.0 0.0 0.0 0.0 0.0 0.0	0.4000 0.4632 0.5365 0.6213 0.7195 0.8332 0.9649 1.117 1.294 1.499 1.736 2.010 2.328 2.696 3.122 3.615 4.187 4.849 5.615 6.503 7.531 8.721 10.10 11.70 13.54 15.69 18.17 21.04 24.36 28.21 32.67 37.84 43.82 50.75 58.77 68.06 78.82 91.28 105.7 122.4 141.8 164.2 190.1 220.2 255.0 295.3 342.0 396.1 458.7 531.2 615.1 712.4 825.0 955.4 1106 1281 1484 1718 1990 2305 2669 3091 3580 4145 4801 5560 6439 7456 8635 1.000e4
12	Size	DOPC 21EX 1mg'ml 06 03 25 2	06 March 2025 15:55:04	25.0	966.1	0.253	822.7	0.000	0.000	100.0	0.0	0.0	167.4	0.000	0.000	0.0 0.0 0.0 0.0 0.0 0.0 0.0 0.0 0.0 0.0 0.0 0.0 0.0 0.0 0.0 0.0 0.0 0.0 0.0 0.0 0.0 0.0 0.0 0.0 0.0 0.0 0.0 0.0 0.0 0.0 0.0 0.0 0.0 0.0 0.0 0.0 0.0 0.0 0.0 0.0 0.0 0.0 0.0 0.0 0.0 0.0 0.0 0.0 0.0 3.8 13.9 23.5 26.2 20.5 10.2 2.0 0.0 0.0 0.0 0.0 0.0 0.0 0.0 0.0 0.0 0.0 0.0 0.0 0.0 0.0	0.4000 0.4632 0.5365 0.6213 0.7195 0.8332 0.9649 1.117 1.294 1.499 1.736 2.010 2.328 2.696 3.122 3.615 4.187 4.849 5.615 6.503 7.531 8.721 10.10 11.70 13.54 15.69 18.17 21.04 24.36 28.21 32.67 37.84 43.82 50.75 58.77 68.06 78.82 91.28 105.7 122.4 141.8 164.2 190.1 220.2 255.0 295.3 342.0 396.1 458.7 531.2 615.1 712.4 825.0 955.4 1106 1281 1484 1718 1990 2305 2669 3091 3580 4145 4801 5560 6439 7456 8635 1.000e4
13	Size	DOPC 21EX 1mg'ml 06 03 25 3	06 March 2025 15:57:27	25.0	785.8	0.147	835.6	0.000	0.000	100.0	0.0	0.0	167.7	0.000	0.000	0.0 0.0 0.0 0.0 0.0 0.0 0.0 0.0 0.0 0.0 0.0 0.0 0.0 0.0 0.0 0.0 0.0 0.0 0.0 0.0 0.0 0.0 0.0 0.0 0.0 0.0 0.0 0.0 0.0 0.0 0.0 0.0 0.0 0.0 0.0 0.0 0.0 0.0 0.0 0.0 0.0 0.0 0.0 0.0 0.0 0.0 0.0 0.0 0.0 2.4 12.7 23.3 26.7 21.3 11.0 2.5 0.0 0.0 0.0 0.0 0.0 0.0 0.0 0.0 0.0 0.0 0.0 0.0 0.0 0.0	0.4000 0.4632 0.5365 0.6213 0.7195 0.8332 0.9649 1.117 1.294 1.499 1.736 2.010 2.328 2.696 3.122 3.615 4.187 4.849 5.615 6.503 7.531 8.721 10.10 11.70 13.54 15.69 18.17 21.04 24.36 28.21 32.67 37.84 43.82 50.75 58.77 68.06 78.82 91.28 105.7 122.4 141.8 164.2 190.1 220.2 255.0 295.3 342.0 396.1 458.7 531.2 615.1 712.4 825.0 955.4 1106 1281 1484 1718 1990 2305 2669 3091 3580 4145 4801 5560 6439 7456 8635 1.000e4
14	Size	DOPC 21EX 1mg'ml 06 03 25 4	06 March 2025 15:59:50	25.0	702.4	0.309	1136	307.8	5345	79.9	19.5	0.6	591.3	63.42	367.0	0.0 0.0 0.0 0.0 0.0 0.0 0.0 0.0 0.0 0.0 0.0 0.0 0.0 0.0 0.0 0.0 0.0 0.0 0.0 0.0 0.0 0.0 0.0 0.0 0.0 0.0 0.0 0.0 0.0 0.0 0.0 0.0 0.0 0.0 0.0 0.0 0.0 0.0 0.0 0.0 0.0 0.0 0.9 2.4 3.7 4.4 4.6 4.6 4.6 5.0 5.8 6.7 7.7 8.4 8.6 8.3 7.4 6.1 4.6 3.1 1.8 0.8 0.2 0.0 0.2 0.5 0.0 0.0 0.0 0.0	0.4000 0.4632 0.5365 0.6213 0.7195 0.8332 0.9649 1.117 1.294 1.499 1.736 2.010 2.328 2.696 3.122 3.615 4.187 4.849 5.615 6.503 7.531 8.721 10.10 11.70 13.54 15.69 18.17 21.04 24.36 28.21 32.67 37.84 43.82 50.75 58.77 68.06 78.82 91.28 105.7 122.4 141.8 164.2 190.1 220.2 255.0 295.3 342.0 396.1 458.7 531.2 615.1 712.4 825.0 955.4 1106 1281 1484 1718 1990 2305 2669 3091 3580 4145 4801 5560 6439 7456 8635 1.000e4
15	Size	DOPC 21EX 1mg'ml 06 03 25 5	06 March 2025 16:02:12	25.0	782.0	0.230	747.0	0.000	0.000	100.0	0.0	0.0	155.1	0.000	0.000	0.0 0.0 0.0 0.0 0.0 0.0 0.0 0.0 0.0 0.0 0.0 0.0 0.0 0.0 0.0 0.0 0.0 0.0 0.0 0.0 0.0 0.0 0.0 0.0 0.0 0.0 0.0 0.0 0.0 0.0 0.0 0.0 0.0 0.0 0.0 0.0 0.0 0.0 0.0 0.0 0.0 0.0 0.0 0.0 0.0 0.0 0.0 0.0 1.7 10.7 20.8 25.5 22.5 13.9 4.9 0.0 0.0 0.0 0.0 0.0 0.0 0.0 0.0 0.0 0.0 0.0 0.0 0.0 0.0 0.0	0.4000 0.4632 0.5365 0.6213 0.7195 0.8332 0.9649 1.117 1.294 1.499 1.736 2.010 2.328 2.696 3.122 3.615 4.187 4.849 5.615 6.503 7.531 8.721 10.10 11.70 13.54 15.69 18.17 21.04 24.36 28.21 32.67 37.84 43.82 50.75 58.77 68.06 78.82 91.28 105.7 122.4 141.8 164.2 190.1 220.2 255.0 295.3 342.0 396.1 458.7 531.2 615.1 712.4 825.0 955.4 1106 1281 1484 1718 1990 2305 2669 3091 3580 4145 4801 5560 6439 7456 8635 1.000e4
16	Size	DOPC 11EX 1mg'ml 06 03 25 1	06 March 2025 16:14:19	25.0	807.9	0.518	1451	260.5	4887	69.1	23.8	7.1	621.2	77.16	702.7	0.0 0.0 0.0 0.0 0.0 0.0 0.0 0.0 0.0 0.0 0.0 0.0 0.0 0.0 0.0 0.0 0.0 0.0 0.0 0.0 0.0 0.0 0.0 0.0 0.0 0.0 0.0 0.0 0.0 0.0 0.0 0.0 0.0 0.0 0.0 0.0 0.0 0.0 0.0 0.1 0.8 2.1 3.4 4.3 4.4 3.8 2.7 1.6 0.9 0.9 1.8 3.3 5.3 7.2 8.7 9.3 9.1 8.1 6.4 4.4 2.7 1.4 0.9 1.1 2.0 3.2 0.0 0.0 0.0 0.0	0.4000 0.4632 0.5365 0.6213 0.7195 0.8332 0.9649 1.117 1.294 1.499 1.736 2.010 2.328 2.696 3.122 3.615 4.187 4.849 5.615 6.503 7.531 8.721 10.10 11.70 13.54 15.69 18.17 21.04 24.36 28.21 32.67 37.84 43.82 50.75 58.77 68.06 78.82 91.28 105.7 122.4 141.8 164.2 190.1 220.2 255.0 295.3 342.0 396.1 458.7 531.2 615.1 712.4 825.0 955.4 1106 1281 1484 1718 1990 2305 2669 3091 3580 4145 4801 5560 6439 7456 8635 1.000e4
17	Size	DOPC 11EX 1mg'ml 06 03 25 2	06 March 2025 16:16:41	25.0	740.6	0.708	1080	270.2	5377	66.4	28.2	5.4	365.4	75.17	324.4	0.0 0.0 0.0 0.0 0.0 0.0 0.0 0.0 0.0 0.0 0.0 0.0 0.0 0.0 0.0 0.0 0.0 0.0 0.0 0.0 0.0 0.0 0.0 0.0 0.0 0.0 0.0 0.0 0.0 0.0 0.0 0.0 0.0 0.0 0.0 0.0 0.0 0.0 0.0 0.0 0.2 1.7 3.8 5.4 5.8 4.9 3.4 1.9 1.4 2.1 4.0 6.6 9.0 10.5 10.7 9.5 7.1 4.3 1.8 0.3 0.0 0.0 0.0 0.0 1.3 4.1 0.0 0.0 0.0 0.0	0.4000 0.4632 0.5365 0.6213 0.7195 0.8332 0.9649 1.117 1.294 1.499 1.736 2.010 2.328 2.696 3.122 3.615 4.187 4.849 5.615 6.503 7.531 8.721 10.10 11.70 13.54 15.69 18.17 21.04 24.36 28.21 32.67 37.84 43.82 50.75 58.77 68.06 78.82 91.28 105.7 122.4 141.8 164.2 190.1 220.2 255.0 295.3 342.0 396.1 458.7 531.2 615.1 712.4 825.0 955.4 1106 1281 1484 1718 1990 2305 2669 3091 3580 4145 4801 5560 6439 7456 8635 1.000e4
18	Size	DOPC 11EX 1mg'ml 06 03 25 3	06 March 2025 16:19:04	25.0	704.0	0.753	1038	244.1	5219	68.7	23.6	7.6	361.0	61.65	464.5	0.0 0.0 0.0 0.0 0.0 0.0 0.0 0.0 0.0 0.0 0.0 0.0 0.0 0.0 0.0 0.0 0.0 0.0 0.0 0.0 0.0 0.0 0.0 0.0 0.0 0.0 0.0 0.0 0.0 0.0 0.0 0.0 0.0 0.0 0.0 0.0 0.0 0.0 0.0 0.0 0.6 2.3 4.2 5.1 4.9 3.6 2.1 1.1 1.2 2.5 4.9 7.5 9.8 10.9 10.6 9.0 6.5 3.8 1.5 0.3 0.0 0.0 0.0 0.6 2.3 4.8 0.0 0.0 0.0 0.0	0.4000 0.4632 0.5365 0.6213 0.7195 0.8332 0.9649 1.117 1.294 1.499 1.736 2.010 2.328 2.696 3.122 3.615 4.187 4.849 5.615 6.503 7.531 8.721 10.10 11.70 13.54 15.69 18.17 21.04 24.36 28.21 32.67 37.84 43.82 50.75 58.77 68.06 78.82 91.28 105.7 122.4 141.8 164.2 190.1 220.2 255.0 295.3 342.0 396.1 458.7 531.2 615.1 712.4 825.0 955.4 1106 1281 1484 1718 1990 2305 2669 3091 3580 4145 4801 5560 6439 7456 8635 1.000e4
19	Size	DOPC 11EX 1mg'ml 06 03 25 4	06 March 2025 16:21:26	25.0	711.2	0.662	724.6	5372	0.000	93.8	6.2	0.0	386.2	327.4	0.000	0.0 0.0 0.0 0.0 0.0 0.0 0.0 0.0 0.0 0.0 0.0 0.0 0.0 0.0 0.0 0.0 0.0 0.0 0.0 0.0 0.0 0.0 0.0 0.0 0.0 0.0 0.0 0.0 0.0 0.0 0.0 0.0 0.0 0.0 0.0 0.0 0.0 0.0 0.0 0.3 1.0 1.8 2.6 3.2 3.5 3.7 3.9 4.5 5.5 6.8 8.2 9.3 9.8 9.5 8.2 6.2 3.8 1.7 0.4 0.0 0.0 0.0 0.0 0.0 1.5 4.7 0.0 0.0 0.0 0.0	0.4000 0.4632 0.5365 0.6213 0.7195 0.8332 0.9649 1.117 1.294 1.499 1.736 2.010 2.328 2.696 3.122 3.615 4.187 4.849 5.615 6.503 7.531 8.721 10.10 11.70 13.54 15.69 18.17 21.04 24.36 28.21 32.67 37.84 43.82 50.75 58.77 68.06 78.82 91.28 105.7 122.4 141.8 164.2 190.1 220.2 255.0 295.3 342.0 396.1 458.7 531.2 615.1 712.4 825.0 955.4 1106 1281 1484 1718 1990 2305 2669 3091 3580 4145 4801 5560 6439 7456 8635 1.000e4
20	Size	DOPC 11EX 1mg'ml 06 03 25 5	06 March 2025 16:23:49	25.0	730.7	0.549	998.3	4487	110.5	81.0	15.0	4.0	707.6	873.3	22.00	0.0 0.0 0.0 0.0 0.0 0.0 0.0 0.0 0.0 0.0 0.0 0.0 0.0 0.0 0.0 0.0 0.0 0.0 0.0 0.0 0.0 0.0 0.0 0.0 0.0 0.0 0.0 0.0 0.0 0.0 0.0 0.0 0.0 0.0 0.0 0.1 0.4 0.8 0.9 1.0 0.9 0.9 1.2 1.7 2.5 3.4 4.1 4.7 5.0 5.2 5.3 5.4 5.5 5.7 5.7 5.6 5.2 4.5 3.7 2.9 2.3 2.1 2.3 2.9 3.7 4.5 0.0 0.0 0.0 0.0	0.4000 0.4632 0.5365 0.6213 0.7195 0.8332 0.9649 1.117 1.294 1.499 1.736 2.010 2.328 2.696 3.122 3.615 4.187 4.849 5.615 6.503 7.531 8.721 10.10 11.70 13.54 15.69 18.17 21.04 24.36 28.21 32.67 37.84 43.82 50.75 58.77 68.06 78.82 91.28 105.7 122.4 141.8 164.2 190.1 220.2 255.0 295.3 342.0 396.1 458.7 531.2 615.1 712.4 825.0 955.4 1106 1281 1484 1718 1990 2305 2669 3091 3580 4145 4801 5560 6439 7456 8635 1.000e4
21	Size	DOPC 5EX 1mg'ml 06 03 25 1	06 March 2025 16:34:56	25.0	1609	0.391	1176	5367	0.000	91.4	8.6	0.0	302.3	330.3	0.000	0.0 0.0 0.0 0.0 0.0 0.0 0.0 0.0 0.0 0.0 0.0 0.0 0.0 0.0 0.0 0.0 0.0 0.0 0.0 0.0 0.0 0.0 0.0 0.0 0.0 0.0 0.0 0.0 0.0 0.0 0.0 0.0 0.0 0.0 0.0 0.0 0.0 0.0 0.0 0.0 0.0 0.0 0.0 0.0 0.0 0.0 0.0 0.0 0.0 0.0 0.5 4.7 11.1 16.6 19.1 17.5 12.8 7.0 2.2 0.0 0.0 0.0 0.0 0.0 2.2 6.4 0.0 0.0 0.0 0.0	0.4000 0.4632 0.5365 0.6213 0.7195 0.8332 0.9649 1.117 1.294 1.499 1.736 2.010 2.328 2.696 3.122 3.615 4.187 4.849 5.615 6.503 7.531 8.721 10.10 11.70 13.54 15.69 18.17 21.04 24.36 28.21 32.67 37.84 43.82 50.75 58.77 68.06 78.82 91.28 105.7 122.4 141.8 164.2 190.1 220.2 255.0 295.3 342.0 396.1 458.7 531.2 615.1 712.4 825.0 955.4 1106 1281 1484 1718 1990 2305 2669 3091 3580 4145 4801 5560 6439 7456 8635 1.000e4
22	Size	DOPC 5EX 1mg'ml 06 03 25 2	06 March 2025 16:37:59	25.0	1488	0.382	1053	0.000	0.000	100.0	0.0	0.0	199.5	0.000	0.000	0.0 0.0 0.0 0.0 0.0 0.0 0.0 0.0 0.0 0.0 0.0 0.0 0.0 0.0 0.0 0.0 0.0 0.0 0.0 0.0 0.0 0.0 0.0 0.0 0.0 0.0 0.0 0.0 0.0 0.0 0.0 0.0 0.0 0.0 0.0 0.0 0.0 0.0 0.0 0.0 0.0 0.0 0.0 0.0 0.0 0.0 0.0 0.0 0.0 0.0 0.0 5.3 17.1 26.5 26.6 17.9 6.5 0.0 0.0 0.0 0.0 0.0 0.0 0.0 0.0 0.0 0.0 0.0 0.0 0.0	0.4000 0.4632 0.5365 0.6213 0.7195 0.8332 0.9649 1.117 1.294 1.499 1.736 2.010 2.328 2.696 3.122 3.615 4.187 4.849 5.615 6.503 7.531 8.721 10.10 11.70 13.54 15.69 18.17 21.04 24.36 28.21 32.67 37.84 43.82 50.75 58.77 68.06 78.82 91.28 105.7 122.4 141.8 164.2 190.1 220.2 255.0 295.3 342.0 396.1 458.7 531.2 615.1 712.4 825.0 955.4 1106 1281 1484 1718 1990 2305 2669 3091 3580 4145 4801 5560 6439 7456 8635 1.000e4
23	Size	DOPC 5EX 1mg'ml 06 03 25 3	06 March 2025 16:41:02	25.0	1505	0.304	1301	5416	0.000	96.3	3.7	0.0	373.8	297.3	0.000	0.0 0.0 0.0 0.0 0.0 0.0 0.0 0.0 0.0 0.0 0.0 0.0 0.0 0.0 0.0 0.0 0.0 0.0 0.0 0.0 0.0 0.0 0.0 0.0 0.0 0.0 0.0 0.0 0.0 0.0 0.0 0.0 0.0 0.0 0.0 0.0 0.0 0.0 0.0 0.0 0.0 0.0 0.0 0.0 0.0 0.0 0.0 0.0 0.0 0.0 0.3 3.2 8.3 13.6 17.2 18.0 15.7 11.3 6.3 2.2 0.2 0.0 0.0 0.0 0.7 3.0 0.0 0.0 0.0 0.0	0.4000 0.4632 0.5365 0.6213 0.7195 0.8332 0.9649 1.117 1.294 1.499 1.736 2.010 2.328 2.696 3.122 3.615 4.187 4.849 5.615 6.503 7.531 8.721 10.10 11.70 13.54 15.69 18.17 21.04 24.36 28.21 32.67 37.84 43.82 50.75 58.77 68.06 78.82 91.28 105.7 122.4 141.8 164.2 190.1 220.2 255.0 295.3 342.0 396.1 458.7 531.2 615.1 712.4 825.0 955.4 1106 1281 1484 1718 1990 2305 2669 3091 3580 4145 4801 5560 6439 7456 8635 1.000e4
24	Size	DOPC 5EX 1mg'ml 06 03 25 4	06 March 2025 16:44:05	25.0	1293	0.314	1098	0.000	0.000	100.0	0.0	0.0	222.3	0.000	0.000	0.0 0.0 0.0 0.0 0.0 0.0 0.0 0.0 0.0 0.0 0.0 0.0 0.0 0.0 0.0 0.0 0.0 0.0 0.0 0.0 0.0 0.0 0.0 0.0 0.0 0.0 0.0 0.0 0.0 0.0 0.0 0.0 0.0 0.0 0.0 0.0 0.0 0.0 0.0 0.0 0.0 0.0 0.0 0.0 0.0 0.0 0.0 0.0 0.0 0.0 0.0 3.7 14.3 24.1 26.3 20.0 9.7 1.8 0.0 0.0 0.0 0.0 0.0 0.0 0.0 0.0 0.0 0.0 0.0 0.0	0.4000 0.4632 0.5365 0.6213 0.7195 0.8332 0.9649 1.117 1.294 1.499 1.736 2.010 2.328 2.696 3.122 3.615 4.187 4.849 5.615 6.503 7.531 8.721 10.10 11.70 13.54 15.69 18.17 21.04 24.36 28.21 32.67 37.84 43.82 50.75 58.77 68.06 78.82 91.28 105.7 122.4 141.8 164.2 190.1 220.2 255.0 295.3 342.0 396.1 458.7 531.2 615.1 712.4 825.0 955.4 1106 1281 1484 1718 1990 2305 2669 3091 3580 4145 4801 5560 6439 7456 8635 1.000e4
25	Size	DOPC 5EX 1mg'ml 06 03 25 5	06 March 2025 16:47:08	25.0	1284	0.266	1136	0.000	0.000	100.0	0.0	0.0	220.5	0.000	0.000	0.0 0.0 0.0 0.0 0.0 0.0 0.0 0.0 0.0 0.0 0.0 0.0 0.0 0.0 0.0 0.0 0.0 0.0 0.0 0.0 0.0 0.0 0.0 0.0 0.0 0.0 0.0 0.0 0.0 0.0 0.0 0.0 0.0 0.0 0.0 0.0 0.0 0.0 0.0 0.0 0.0 0.0 0.0 0.0 0.0 0.0 0.0 0.0 0.0 0.0 0.0 0.9 11.3 23.1 27.6 22.5 11.8 2.7 0.0 0.0 0.0 0.0 0.0 0.0 0.0 0.0 0.0 0.0 0.0 0.0	0.4000 0.4632 0.5365 0.6213 0.7195 0.8332 0.9649 1.117 1.294 1.499 1.736 2.010 2.328 2.696 3.122 3.615 4.187 4.849 5.615 6.503 7.531 8.721 10.10 11.70 13.54 15.69 18.17 21.04 24.36 28.21 32.67 37.84 43.82 50.75 58.77 68.06 78.82 91.28 105.7 122.4 141.8 164.2 190.1 220.2 255.0 295.3 342.0 396.1 458.7 531.2 615.1 712.4 825.0 955.4 1106 1281 1484 1718 1990 2305 2669 3091 3580 4145 4801 5560 6439 7456 8635 1.000e4
26	Size	POPC 31EX TRIS 1mg'mL CALCEIN CALIB 1 06 03 25 1	06 March 2025 16:53:45	25.0	587.1	0.662	650.0	129.4	0.000	74.7	25.3	0.0	141.1	27.80	0.000	0.0 0.0 0.0 0.0 0.0 0.0 0.0 0.0 0.0 0.0 0.0 0.0 0.0 0.0 0.0 0.0 0.0 0.0 0.0 0.0 0.0 0.0 0.0 0.0 0.0 0.0 0.0 0.0 0.0 0.0 0.0 0.0 0.0 0.0 0.0 0.0 0.7 2.6 4.8 6.1 5.8 3.8 1.5 0.0 0.0 0.0 0.0 2.4 7.8 14.0 17.8 16.9 11.4 4.4 0.0 0.0 0.0 0.0 0.0 0.0 0.0 0.0 0.0 0.0 0.0 0.0 0.0 0.0 0.0 0.0	0.4000 0.4632 0.5365 0.6213 0.7195 0.8332 0.9649 1.117 1.294 1.499 1.736 2.010 2.328 2.696 3.122 3.615 4.187 4.849 5.615 6.503 7.531 8.721 10.10 11.70 13.54 15.69 18.17 21.04 24.36 28.21 32.67 37.84 43.82 50.75 58.77 68.06 78.82 91.28 105.7 122.4 141.8 164.2 190.1 220.2 255.0 295.3 342.0 396.1 458.7 531.2 615.1 712.4 825.0 955.4 1106 1281 1484 1718 1990 2305 2669 3091 3580 4145 4801 5560 6439 7456 8635 1.000e4
27	Size	POPC 31EX TRIS 1mg'mL CALCEIN CALIB 1 06 03 25 2	06 March 2025 16:56:38	25.0	523.8	0.482	485.9	167.0	0.000	80.8	19.2	0.0	158.7	34.86	0.000	0.0 0.0 0.0 0.0 0.0 0.0 0.0 0.0 0.0 0.0 0.0 0.0 0.0 0.0 0.0 0.0 0.0 0.0 0.0 0.0 0.0 0.0 0.0 0.0 0.0 0.0 0.0 0.0 0.0 0.0 0.0 0.0 0.0 0.0 0.0 0.0 0.0 0.0 1.0 2.6 4.0 4.5 4.1 3.7 3.9 5.4 8.1 11.2 13.5 13.9 11.9 8.0 3.6 0.6 0.0 0.0 0.0 0.0 0.0 0.0 0.0 0.0 0.0 0.0 0.0 0.0 0.0 0.0 0.0 0.0	0.4000 0.4632 0.5365 0.6213 0.7195 0.8332 0.9649 1.117 1.294 1.499 1.736 2.010 2.328 2.696 3.122 3.615 4.187 4.849 5.615 6.503 7.531 8.721 10.10 11.70 13.54 15.69 18.17 21.04 24.36 28.21 32.67 37.84 43.82 50.75 58.77 68.06 78.82 91.28 105.7 122.4 141.8 164.2 190.1 220.2 255.0 295.3 342.0 396.1 458.7 531.2 615.1 712.4 825.0 955.4 1106 1281 1484 1718 1990 2305 2669 3091 3580 4145 4801 5560 6439 7456 8635 1.000e4
28	Size	POPC 31EX TRIS 1mg'mL CALCEIN CALIB 1 06 03 25 3	06 March 2025 16:59:31	25.0	550.7	0.582	673.2	126.8	0.000	77.8	22.2	0.0	165.0	23.74	0.000	0.0 0.0 0.0 0.0 0.0 0.0 0.0 0.0 0.0 0.0 0.0 0.0 0.0 0.0 0.0 0.0 0.0 0.0 0.0 0.0 0.0 0.0 0.0 0.0 0.0 0.0 0.0 0.0 0.0 0.0 0.0 0.0 0.0 0.0 0.0 0.0 0.0 2.3 5.1 6.3 5.2 2.7 0.6 0.0 0.0 0.0 0.0 2.7 7.8 13.2 16.5 16.2 12.4 6.8 2.0 0.0 0.0 0.0 0.0 0.0 0.0 0.0 0.0 0.0 0.0 0.0 0.0 0.0 0.0 0.0	0.4000 0.4632 0.5365 0.6213 0.7195 0.8332 0.9649 1.117 1.294 1.499 1.736 2.010 2.328 2.696 3.122 3.615 4.187 4.849 5.615 6.503 7.531 8.721 10.10 11.70 13.54 15.69 18.17 21.04 24.36 28.21 32.67 37.84 43.82 50.75 58.77 68.06 78.82 91.28 105.7 122.4 141.8 164.2 190.1 220.2 255.0 295.3 342.0 396.1 458.7 531.2 615.1 712.4 825.0 955.4 1106 1281 1484 1718 1990 2305 2669 3091 3580 4145 4801 5560 6439 7456 8635 1.000e4
29	Size	POPC 31EX TRIS 1mg'mL CALCEIN CALIB 1 06 03 25 4	06 March 2025 17:02:24	25.0	503.8	0.618	851.9	154.4	0.000	69.2	30.8	0.0	225.8	29.24	0.000	0.0 0.0 0.0 0.0 0.0 0.0 0.0 0.0 0.0 0.0 0.0 0.0 0.0 0.0 0.0 0.0 0.0 0.0 0.0 0.0 0.0 0.0 0.0 0.0 0.0 0.0 0.0 0.0 0.0 0.0 0.0 0.0 0.0 0.0 0.0 0.0 0.0 0.0 1.8 5.7 8.4 8.0 5.1 1.8 0.0 0.0 0.0 0.0 1.4 4.7 9.1 12.6 14.0 12.6 8.9 4.6 1.3 0.0 0.0 0.0 0.0 0.0 0.0 0.0 0.0 0.0 0.0 0.0 0.0 0.0	0.4000 0.4632 0.5365 0.6213 0.7195 0.8332 0.9649 1.117 1.294 1.499 1.736 2.010 2.328 2.696 3.122 3.615 4.187 4.849 5.615 6.503 7.531 8.721 10.10 11.70 13.54 15.69 18.17 21.04 24.36 28.21 32.67 37.84 43.82 50.75 58.77 68.06 78.82 91.28 105.7 122.4 141.8 164.2 190.1 220.2 255.0 295.3 342.0 396.1 458.7 531.2 615.1 712.4 825.0 955.4 1106 1281 1484 1718 1990 2305 2669 3091 3580 4145 4801 5560 6439 7456 8635 1.000e4
30	Size	POPC 31EX TRIS 1mg'mL CALCEIN CALIB 1 06 03 25 5	06 March 2025 17:05:17	25.0	528.9	0.710	693.2	124.6	0.000	80.0	20.0	0.0	181.7	25.63	0.000	0.0 0.0 0.0 0.0 0.0 0.0 0.0 0.0 0.0 0.0 0.0 0.0 0.0 0.0 0.0 0.0 0.0 0.0 0.0 0.0 0.0 0.0 0.0 0.0 0.0 0.0 0.0 0.0 0.0 0.0 0.0 0.0 0.0 0.0 0.0 0.0 0.6 2.5 4.5 5.2 4.3 2.3 0.6 0.0 0.0 0.0 0.3 2.8 7.4 12.3 15.7 16.1 13.3 8.4 3.4 0.4 0.0 0.0 0.0 0.0 0.0 0.0 0.0 0.0 0.0 0.0 0.0 0.0 0.0 0.0	0.4000 0.4632 0.5365 0.6213 0.7195 0.8332 0.9649 1.117 1.294 1.499 1.736 2.010 2.328 2.696 3.122 3.615 4.187 4.849 5.615 6.503 7.531 8.721 10.10 11.70 13.54 15.69 18.17 21.04 24.36 28.21 32.67 37.84 43.82 50.75 58.77 68.06 78.82 91.28 105.7 122.4 141.8 164.2 190.1 220.2 255.0 295.3 342.0 396.1 458.7 531.2 615.1 712.4 825.0 955.4 1106 1281 1484 1718 1990 2305 2669 3091 3580 4145 4801 5560 6439 7456 8635 1.000e4
31	Size	POPC 31EX TRIS 1mg'mL CALCEIN CALIB 2 06 03 25 1	06 March 2025 17:09:43	25.0	1093	0.642	818.1	104.3	0.000	90.5	9.5	0.0	143.4	11.79	0.000	0.0 0.0 0.0 0.0 0.0 0.0 0.0 0.0 0.0 0.0 0.0 0.0 0.0 0.0 0.0 0.0 0.0 0.0 0.0 0.0 0.0 0.0 0.0 0.0 0.0 0.0 0.0 0.0 0.0 0.0 0.0 0.0 0.0 0.0 0.0 0.0 0.2 3.0 4.2 2.1 0.0 0.0 0.0 0.0 0.0 0.0 0.0 0.0 0.0 1.4 11.5 23.1 26.9 20.0 7.7 0.0 0.0 0.0 0.0 0.0 0.0 0.0 0.0 0.0 0.0 0.0 0.0 0.0 0.0 0.0	0.4000 0.4632 0.5365 0.6213 0.7195 0.8332 0.9649 1.117 1.294 1.499 1.736 2.010 2.328 2.696 3.122 3.615 4.187 4.849 5.615 6.503 7.531 8.721 10.10 11.70 13.54 15.69 18.17 21.04 24.36 28.21 32.67 37.84 43.82 50.75 58.77 68.06 78.82 91.28 105.7 122.4 141.8 164.2 190.1 220.2 255.0 295.3 342.0 396.1 458.7 531.2 615.1 712.4 825.0 955.4 1106 1281 1484 1718 1990 2305 2669 3091 3580 4145 4801 5560 6439 7456 8635 1.000e4
32	Size	POPC 31EX TRIS 1mg'mL CALCEIN CALIB 2 06 03 25 2	06 March 2025 17:12:16	25.0	1044	0.632	776.3	118.3	0.000	91.9	8.1	0.0	170.4	21.47	0.000	0.0 0.0 0.0 0.0 0.0 0.0 0.0 0.0 0.0 0.0 0.0 0.0 0.0 0.0 0.0 0.0 0.0 0.0 0.0 0.0 0.0 0.0 0.0 0.0 0.0 0.0 0.0 0.0 0.0 0.0 0.0 0.0 0.0 0.0 0.0 0.0 0.3 1.2 2.1 2.3 1.6 0.5 0.0 0.0 0.0 0.0 0.0 0.0 2.0 8.0 15.8 21.4 21.4 15.6 7.0 0.7 0.0 0.0 0.0 0.0 0.0 0.0 0.0 0.0 0.0 0.0 0.0 0.0 0.0 0.0	0.4000 0.4632 0.5365 0.6213 0.7195 0.8332 0.9649 1.117 1.294 1.499 1.736 2.010 2.328 2.696 3.122 3.615 4.187 4.849 5.615 6.503 7.531 8.721 10.10 11.70 13.54 15.69 18.17 21.04 24.36 28.21 32.67 37.84 43.82 50.75 58.77 68.06 78.82 91.28 105.7 122.4 141.8 164.2 190.1 220.2 255.0 295.3 342.0 396.1 458.7 531.2 615.1 712.4 825.0 955.4 1106 1281 1484 1718 1990 2305 2669 3091 3580 4145 4801 5560 6439 7456 8635 1.000e4
33	Size	POPC 31EX TRIS 1mg'mL CALCEIN CALIB 2 06 03 25 3	06 March 2025 17:14:49	25.0	1077	0.654	845.7	122.7	0.000	89.3	10.7	0.0	206.6	20.17	0.000	0.0 0.0 0.0 0.0 0.0 0.0 0.0 0.0 0.0 0.0 0.0 0.0 0.0 0.0 0.0 0.0 0.0 0.0 0.0 0.0 0.0 0.0 0.0 0.0 0.0 0.0 0.0 0.0 0.0 0.0 0.0 0.0 0.0 0.0 0.0 0.0 0.0 1.1 2.8 3.4 2.5 0.9 0.0 0.0 0.0 0.0 0.0 0.0 1.0 5.3 11.7 17.3 19.5 17.3 11.5 5.0 0.7 0.0 0.0 0.0 0.0 0.0 0.0 0.0 0.0 0.0 0.0 0.0 0.0 0.0	0.4000 0.4632 0.5365 0.6213 0.7195 0.8332 0.9649 1.117 1.294 1.499 1.736 2.010 2.328 2.696 3.122 3.615 4.187 4.849 5.615 6.503 7.531 8.721 10.10 11.70 13.54 15.69 18.17 21.04 24.36 28.21 32.67 37.84 43.82 50.75 58.77 68.06 78.82 91.28 105.7 122.4 141.8 164.2 190.1 220.2 255.0 295.3 342.0 396.1 458.7 531.2 615.1 712.4 825.0 955.4 1106 1281 1484 1718 1990 2305 2669 3091 3580 4145 4801 5560 6439 7456 8635 1.000e4
34	Size	POPC 31EX TRIS 1mg'mL CALCEIN CALIB 2 06 03 25 4	06 March 2025 17:17:22	25.0	942.7	0.806	784.9	190.2	5560	84.5	12.5	2.9	198.7	32.30	0.000	0.0 0.0 0.0 0.0 0.0 0.0 0.0 0.0 0.0 0.0 0.0 0.0 0.0 0.0 0.0 0.0 0.0 0.0 0.0 0.0 0.0 0.0 0.0 0.0 0.0 0.0 0.0 0.0 0.0 0.0 0.0 0.0 0.0 0.0 0.0 0.0 0.0 0.0 0.0 0.0 1.5 3.3 3.8 2.8 1.1 0.0 0.0 0.4 3.3 8.3 13.7 17.2 17.3 13.7 8.0 2.6 0.0 0.0 0.0 0.0 0.0 0.0 0.0 0.0 0.0 2.9 0.0 0.0 0.0 0.0	0.4000 0.4632 0.5365 0.6213 0.7195 0.8332 0.9649 1.117 1.294 1.499 1.736 2.010 2.328 2.696 3.122 3.615 4.187 4.849 5.615 6.503 7.531 8.721 10.10 11.70 13.54 15.69 18.17 21.04 24.36 28.21 32.67 37.84 43.82 50.75 58.77 68.06 78.82 91.28 105.7 122.4 141.8 164.2 190.1 220.2 255.0 295.3 342.0 396.1 458.7 531.2 615.1 712.4 825.0 955.4 1106 1281 1484 1718 1990 2305 2669 3091 3580 4145 4801 5560 6439 7456 8635 1.000e4
35	Size	POPC 31EX TRIS 1mg'mL CALCEIN CALIB 2 06 03 25 5	06 March 2025 17:19:54	25.0	1045	0.749	640.9	90.66	0.000	94.1	5.9	0.0	118.6	10.41	0.000	0.0 0.0 0.0 0.0 0.0 0.0 0.0 0.0 0.0 0.0 0.0 0.0 0.0 0.0 0.0 0.0 0.0 0.0 0.0 0.0 0.0 0.0 0.0 0.0 0.0 0.0 0.0 0.0 0.0 0.0 0.0 0.0 0.0 0.0 0.0 0.1 1.8 2.5 1.5 0.0 0.0 0.0 0.0 0.0 0.0 0.0 0.0 0.4 8.7 20.3 26.8 23.4 12.4 2.1 0.0 0.0 0.0 0.0 0.0 0.0 0.0 0.0 0.0 0.0 0.0 0.0 0.0 0.0 0.0 0.0	0.4000 0.4632 0.5365 0.6213 0.7195 0.8332 0.9649 1.117 1.294 1.499 1.736 2.010 2.328 2.696 3.122 3.615 4.187 4.849 5.615 6.503 7.531 8.721 10.10 11.70 13.54 15.69 18.17 21.04 24.36 28.21 32.67 37.84 43.82 50.75 58.77 68.06 78.82 91.28 105.7 122.4 141.8 164.2 190.1 220.2 255.0 295.3 342.0 396.1 458.7 531.2 615.1 712.4 825.0 955.4 1106 1281 1484 1718 1990 2305 2669 3091 3580 4145 4801 5560 6439 7456 8635 1.000e4

Record	Type	Sample Name	Measurement Date and Time	T	Z-Ave	PdI	Pk 1 Mean Int	Pk 2 Mean Int	Pk 3 Mean Int	Pk 1 Area Int	Pk 2 Area Int	Pk 3 Area Int	Size Peak	Size Peak	Size Peak	Intensities	Sizes
 		 	 	Â°C	d.nm	 	d.nm	d.nm	d.nm	Percent	Percent	Percent	d.nm	d.nm	d.nm	Percent	d.nm
1	Size	DOPC 5EX 1mg'ml 01 04 25 1	01 April 2025 13:54:07	25.0	1056	0.687	768.4	0.000	0.000	100.0	0.0	0.0	101.7	0.000	0.000	0.0 0.0 0.0 0.0 0.0 0.0 0.0 0.0 0.0 0.0 0.0 0.0 0.0 0.0 0.0 0.0 0.0 0.0 0.0 0.0 0.0 0.0 0.0 0.0 0.0 0.0 0.0 0.0 0.0 0.0 0.0 0.0 0.0 0.0 0.0 0.0 0.0 0.0 0.0 0.0 0.0 0.0 0.0 0.0 0.0 0.0 0.0 0.0 0.0 0.0 15.1 37.0 34.9 12.9 0.0 0.0 0.0 0.0 0.0 0.0 0.0 0.0 0.0 0.0 0.0 0.0 0.0 0.0 0.0 0.0	0.4000 0.4632 0.5365 0.6213 0.7195 0.8332 0.9649 1.117 1.294 1.499 1.736 2.010 2.328 2.696 3.122 3.615 4.187 4.849 5.615 6.503 7.531 8.721 10.10 11.70 13.54 15.69 18.17 21.04 24.36 28.21 32.67 37.84 43.82 50.75 58.77 68.06 78.82 91.28 105.7 122.4 141.8 164.2 190.1 220.2 255.0 295.3 342.0 396.1 458.7 531.2 615.1 712.4 825.0 955.4 1106 1281 1484 1718 1990 2305 2669 3091 3580 4145 4801 5560 6439 7456 8635 1.000e4
2	Size	DOPC 5EX 1mg'ml 01 04 25 2	01 April 2025 13:56:40	25.0	1231	1.000	836.6	0.000	0.000	100.0	0.0	0.0	99.83	0.000	0.000	0.0 0.0 0.0 0.0 0.0 0.0 0.0 0.0 0.0 0.0 0.0 0.0 0.0 0.0 0.0 0.0 0.0 0.0 0.0 0.0 0.0 0.0 0.0 0.0 0.0 0.0 0.0 0.0 0.0 0.0 0.0 0.0 0.0 0.0 0.0 0.0 0.0 0.0 0.0 0.0 0.0 0.0 0.0 0.0 0.0 0.0 0.0 0.0 0.0 0.0 0.0 27.5 42.8 27.2 2.5 0.0 0.0 0.0 0.0 0.0 0.0 0.0 0.0 0.0 0.0 0.0 0.0 0.0 0.0 0.0	0.4000 0.4632 0.5365 0.6213 0.7195 0.8332 0.9649 1.117 1.294 1.499 1.736 2.010 2.328 2.696 3.122 3.615 4.187 4.849 5.615 6.503 7.531 8.721 10.10 11.70 13.54 15.69 18.17 21.04 24.36 28.21 32.67 37.84 43.82 50.75 58.77 68.06 78.82 91.28 105.7 122.4 141.8 164.2 190.1 220.2 255.0 295.3 342.0 396.1 458.7 531.2 615.1 712.4 825.0 955.4 1106 1281 1484 1718 1990 2305 2669 3091 3580 4145 4801 5560 6439 7456 8635 1.000e4
3	Size	DOPC 5EX 1mg'ml 01 04 25 3	01 April 2025 13:59:13	25.0	1114	0.019	834.3	0.000	0.000	100.0	0.0	0.0	117.0	0.000	0.000	0.0 0.0 0.0 0.0 0.0 0.0 0.0 0.0 0.0 0.0 0.0 0.0 0.0 0.0 0.0 0.0 0.0 0.0 0.0 0.0 0.0 0.0 0.0 0.0 0.0 0.0 0.0 0.0 0.0 0.0 0.0 0.0 0.0 0.0 0.0 0.0 0.0 0.0 0.0 0.0 0.0 0.0 0.0 0.0 0.0 0.0 0.0 0.0 0.0 0.0 4.3 26.7 38.1 25.7 5.2 0.0 0.0 0.0 0.0 0.0 0.0 0.0 0.0 0.0 0.0 0.0 0.0 0.0 0.0 0.0	0.4000 0.4632 0.5365 0.6213 0.7195 0.8332 0.9649 1.117 1.294 1.499 1.736 2.010 2.328 2.696 3.122 3.615 4.187 4.849 5.615 6.503 7.531 8.721 10.10 11.70 13.54 15.69 18.17 21.04 24.36 28.21 32.67 37.84 43.82 50.75 58.77 68.06 78.82 91.28 105.7 122.4 141.8 164.2 190.1 220.2 255.0 295.3 342.0 396.1 458.7 531.2 615.1 712.4 825.0 955.4 1106 1281 1484 1718 1990 2305 2669 3091 3580 4145 4801 5560 6439 7456 8635 1.000e4
4	Size	DOPC 5EX 1mg'ml 01 04 25 4	01 April 2025 14:01:46	25.0	1093	0.323	947.4	0.000	0.000	100.0	0.0	0.0	144.5	0.000	0.000	0.0 0.0 0.0 0.0 0.0 0.0 0.0 0.0 0.0 0.0 0.0 0.0 0.0 0.0 0.0 0.0 0.0 0.0 0.0 0.0 0.0 0.0 0.0 0.0 0.0 0.0 0.0 0.0 0.0 0.0 0.0 0.0 0.0 0.0 0.0 0.0 0.0 0.0 0.0 0.0 0.0 0.0 0.0 0.0 0.0 0.0 0.0 0.0 0.0 0.0 0.0 9.2 28.1 34.8 22.6 5.2 0.0 0.0 0.0 0.0 0.0 0.0 0.0 0.0 0.0 0.0 0.0 0.0 0.0 0.0	0.4000 0.4632 0.5365 0.6213 0.7195 0.8332 0.9649 1.117 1.294 1.499 1.736 2.010 2.328 2.696 3.122 3.615 4.187 4.849 5.615 6.503 7.531 8.721 10.10 11.70 13.54 15.69 18.17 21.04 24.36 28.21 32.67 37.84 43.82 50.75 58.77 68.06 78.82 91.28 105.7 122.4 141.8 164.2 190.1 220.2 255.0 295.3 342.0 396.1 458.7 531.2 615.1 712.4 825.0 955.4 1106 1281 1484 1718 1990 2305 2669 3091 3580 4145 4801 5560 6439 7456 8635 1.000e4
5	Size	DOPC 5EX 1mg'ml 01 04 25 5	01 April 2025 14:04:19	25.0	1177	0.376	887.8	0.000	0.000	100.0	0.0	0.0	125.3	0.000	0.000	0.0 0.0 0.0 0.0 0.0 0.0 0.0 0.0 0.0 0.0 0.0 0.0 0.0 0.0 0.0 0.0 0.0 0.0 0.0 0.0 0.0 0.0 0.0 0.0 0.0 0.0 0.0 0.0 0.0 0.0 0.0 0.0 0.0 0.0 0.0 0.0 0.0 0.0 0.0 0.0 0.0 0.0 0.0 0.0 0.0 0.0 0.0 0.0 0.0 0.0 0.1 18.4 34.4 32.1 14.9 0.0 0.0 0.0 0.0 0.0 0.0 0.0 0.0 0.0 0.0 0.0 0.0 0.0 0.0 0.0	0.4000 0.4632 0.5365 0.6213 0.7195 0.8332 0.9649 1.117 1.294 1.499 1.736 2.010 2.328 2.696 3.122 3.615 4.187 4.849 5.615 6.503 7.531 8.721 10.10 11.70 13.54 15.69 18.17 21.04 24.36 28.21 32.67 37.84 43.82 50.75 58.77 68.06 78.82 91.28 105.7 122.4 141.8 164.2 190.1 220.2 255.0 295.3 342.0 396.1 458.7 531.2 615.1 712.4 825.0 955.4 1106 1281 1484 1718 1990 2305 2669 3091 3580 4145 4801 5560 6439 7456 8635 1.000e4
6	Size	DOPC 11EX 1mg'ml 01 04 25 1	01 April 2025 14:14:23	25.0	559.4	0.313	520.2	0.000	0.000	100.0	0.0	0.0	85.19	0.000	0.000	0.0 0.0 0.0 0.0 0.0 0.0 0.0 0.0 0.0 0.0 0.0 0.0 0.0 0.0 0.0 0.0 0.0 0.0 0.0 0.0 0.0 0.0 0.0 0.0 0.0 0.0 0.0 0.0 0.0 0.0 0.0 0.0 0.0 0.0 0.0 0.0 0.0 0.0 0.0 0.0 0.0 0.0 0.0 0.0 0.0 0.0 0.0 13.5 28.6 31.4 20.4 6.0 0.0 0.0 0.0 0.0 0.0 0.0 0.0 0.0 0.0 0.0 0.0 0.0 0.0 0.0 0.0 0.0 0.0 0.0	0.4000 0.4632 0.5365 0.6213 0.7195 0.8332 0.9649 1.117 1.294 1.499 1.736 2.010 2.328 2.696 3.122 3.615 4.187 4.849 5.615 6.503 7.531 8.721 10.10 11.70 13.54 15.69 18.17 21.04 24.36 28.21 32.67 37.84 43.82 50.75 58.77 68.06 78.82 91.28 105.7 122.4 141.8 164.2 190.1 220.2 255.0 295.3 342.0 396.1 458.7 531.2 615.1 712.4 825.0 955.4 1106 1281 1484 1718 1990 2305 2669 3091 3580 4145 4801 5560 6439 7456 8635 1.000e4
7	Size	DOPC 11EX 1mg'ml 01 04 25 2	01 April 2025 14:17:06	25.0	598.8	0.173	512.7	0.000	0.000	100.0	0.0	0.0	84.17	0.000	0.000	0.0 0.0 0.0 0.0 0.0 0.0 0.0 0.0 0.0 0.0 0.0 0.0 0.0 0.0 0.0 0.0 0.0 0.0 0.0 0.0 0.0 0.0 0.0 0.0 0.0 0.0 0.0 0.0 0.0 0.0 0.0 0.0 0.0 0.0 0.0 0.0 0.0 0.0 0.0 0.0 0.0 0.0 0.0 0.0 0.0 0.0 0.5 15.2 29.7 30.9 18.9 4.8 0.0 0.0 0.0 0.0 0.0 0.0 0.0 0.0 0.0 0.0 0.0 0.0 0.0 0.0 0.0 0.0 0.0 0.0	0.4000 0.4632 0.5365 0.6213 0.7195 0.8332 0.9649 1.117 1.294 1.499 1.736 2.010 2.328 2.696 3.122 3.615 4.187 4.849 5.615 6.503 7.531 8.721 10.10 11.70 13.54 15.69 18.17 21.04 24.36 28.21 32.67 37.84 43.82 50.75 58.77 68.06 78.82 91.28 105.7 122.4 141.8 164.2 190.1 220.2 255.0 295.3 342.0 396.1 458.7 531.2 615.1 712.4 825.0 955.4 1106 1281 1484 1718 1990 2305 2669 3091 3580 4145 4801 5560 6439 7456 8635 1.000e4
8	Size	DOPC 11EX 1mg'ml 01 04 25 3	01 April 2025 14:19:48	25.0	581.6	0.210	565.1	0.000	0.000	100.0	0.0	0.0	109.5	0.000	0.000	0.0 0.0 0.0 0.0 0.0 0.0 0.0 0.0 0.0 0.0 0.0 0.0 0.0 0.0 0.0 0.0 0.0 0.0 0.0 0.0 0.0 0.0 0.0 0.0 0.0 0.0 0.0 0.0 0.0 0.0 0.0 0.0 0.0 0.0 0.0 0.0 0.0 0.0 0.0 0.0 0.0 0.0 0.0 0.0 0.0 0.0 0.0 8.6 20.6 27.2 24.4 14.7 4.6 0.0 0.0 0.0 0.0 0.0 0.0 0.0 0.0 0.0 0.0 0.0 0.0 0.0 0.0 0.0 0.0 0.0	0.4000 0.4632 0.5365 0.6213 0.7195 0.8332 0.9649 1.117 1.294 1.499 1.736 2.010 2.328 2.696 3.122 3.615 4.187 4.849 5.615 6.503 7.531 8.721 10.10 11.70 13.54 15.69 18.17 21.04 24.36 28.21 32.67 37.84 43.82 50.75 58.77 68.06 78.82 91.28 105.7 122.4 141.8 164.2 190.1 220.2 255.0 295.3 342.0 396.1 458.7 531.2 615.1 712.4 825.0 955.4 1106 1281 1484 1718 1990 2305 2669 3091 3580 4145 4801 5560 6439 7456 8635 1.000e4
9	Size	DOPC 11EX 1mg'ml 01 04 25 4	01 April 2025 14:22:31	25.0	563.6	0.119	528.2	0.000	0.000	100.0	0.0	0.0	93.57	0.000	0.000	0.0 0.0 0.0 0.0 0.0 0.0 0.0 0.0 0.0 0.0 0.0 0.0 0.0 0.0 0.0 0.0 0.0 0.0 0.0 0.0 0.0 0.0 0.0 0.0 0.0 0.0 0.0 0.0 0.0 0.0 0.0 0.0 0.0 0.0 0.0 0.0 0.0 0.0 0.0 0.0 0.0 0.0 0.0 0.0 0.0 0.0 1.1 12.9 25.7 29.3 21.8 9.0 0.2 0.0 0.0 0.0 0.0 0.0 0.0 0.0 0.0 0.0 0.0 0.0 0.0 0.0 0.0 0.0 0.0 0.0	0.4000 0.4632 0.5365 0.6213 0.7195 0.8332 0.9649 1.117 1.294 1.499 1.736 2.010 2.328 2.696 3.122 3.615 4.187 4.849 5.615 6.503 7.531 8.721 10.10 11.70 13.54 15.69 18.17 21.04 24.36 28.21 32.67 37.84 43.82 50.75 58.77 68.06 78.82 91.28 105.7 122.4 141.8 164.2 190.1 220.2 255.0 295.3 342.0 396.1 458.7 531.2 615.1 712.4 825.0 955.4 1106 1281 1484 1718 1990 2305 2669 3091 3580 4145 4801 5560 6439 7456 8635 1.000e4
10	Size	DOPC 11EX 1mg'ml 01 04 25 5	01 April 2025 14:25:13	25.0	575.0	0.247	499.9	0.000	0.000	100.0	0.0	0.0	83.46	0.000	0.000	0.0 0.0 0.0 0.0 0.0 0.0 0.0 0.0 0.0 0.0 0.0 0.0 0.0 0.0 0.0 0.0 0.0 0.0 0.0 0.0 0.0 0.0 0.0 0.0 0.0 0.0 0.0 0.0 0.0 0.0 0.0 0.0 0.0 0.0 0.0 0.0 0.0 0.0 0.0 0.0 0.0 0.0 0.0 0.0 0.0 0.0 2.6 17.7 30.5 29.6 16.5 3.1 0.0 0.0 0.0 0.0 0.0 0.0 0.0 0.0 0.0 0.0 0.0 0.0 0.0 0.0 0.0 0.0 0.0 0.0	0.4000 0.4632 0.5365 0.6213 0.7195 0.8332 0.9649 1.117 1.294 1.499 1.736 2.010 2.328 2.696 3.122 3.615 4.187 4.849 5.615 6.503 7.531 8.721 10.10 11.70 13.54 15.69 18.17 21.04 24.36 28.21 32.67 37.84 43.82 50.75 58.77 68.06 78.82 91.28 105.7 122.4 141.8 164.2 190.1 220.2 255.0 295.3 342.0 396.1 458.7 531.2 615.1 712.4 825.0 955.4 1106 1281 1484 1718 1990 2305 2669 3091 3580 4145 4801 5560 6439 7456 8635 1.000e4
11	Size	DOPC 21EX 1mg'ml 01 04 25 1	01 April 2025 14:44:17	25.0	929.3	0.147	1071	0.000	0.000	100.0	0.0	0.0	269.0	0.000	0.000	0.0 0.0 0.0 0.0 0.0 0.0 0.0 0.0 0.0 0.0 0.0 0.0 0.0 0.0 0.0 0.0 0.0 0.0 0.0 0.0 0.0 0.0 0.0 0.0 0.0 0.0 0.0 0.0 0.0 0.0 0.0 0.0 0.0 0.0 0.0 0.0 0.0 0.0 0.0 0.0 0.0 0.0 0.0 0.0 0.0 0.0 0.0 0.0 0.0 0.0 2.9 9.2 16.0 20.5 20.7 16.6 10.0 3.7 0.2 0.0 0.0 0.0 0.0 0.0 0.0 0.0 0.0 0.0 0.0 0.0	0.4000 0.4632 0.5365 0.6213 0.7195 0.8332 0.9649 1.117 1.294 1.499 1.736 2.010 2.328 2.696 3.122 3.615 4.187 4.849 5.615 6.503 7.531 8.721 10.10 11.70 13.54 15.69 18.17 21.04 24.36 28.21 32.67 37.84 43.82 50.75 58.77 68.06 78.82 91.28 105.7 122.4 141.8 164.2 190.1 220.2 255.0 295.3 342.0 396.1 458.7 531.2 615.1 712.4 825.0 955.4 1106 1281 1484 1718 1990 2305 2669 3091 3580 4145 4801 5560 6439 7456 8635 1.000e4
12	Size	DOPC 21EX 1mg'ml 01 04 25 2	01 April 2025 14:46:29	25.0	897.1	0.250	955.0	0.000	0.000	100.0	0.0	0.0	318.4	0.000	0.000	0.0 0.0 0.0 0.0 0.0 0.0 0.0 0.0 0.0 0.0 0.0 0.0 0.0 0.0 0.0 0.0 0.0 0.0 0.0 0.0 0.0 0.0 0.0 0.0 0.0 0.0 0.0 0.0 0.0 0.0 0.0 0.0 0.0 0.0 0.0 0.0 0.0 0.0 0.0 0.0 0.0 0.0 0.0 0.0 0.0 0.0 0.0 0.3 2.3 5.9 10.1 13.8 16.0 16.0 14.1 10.7 6.8 3.2 0.9 0.0 0.0 0.0 0.0 0.0 0.0 0.0 0.0 0.0 0.0 0.0	0.4000 0.4632 0.5365 0.6213 0.7195 0.8332 0.9649 1.117 1.294 1.499 1.736 2.010 2.328 2.696 3.122 3.615 4.187 4.849 5.615 6.503 7.531 8.721 10.10 11.70 13.54 15.69 18.17 21.04 24.36 28.21 32.67 37.84 43.82 50.75 58.77 68.06 78.82 91.28 105.7 122.4 141.8 164.2 190.1 220.2 255.0 295.3 342.0 396.1 458.7 531.2 615.1 712.4 825.0 955.4 1106 1281 1484 1718 1990 2305 2669 3091 3580 4145 4801 5560 6439 7456 8635 1.000e4
13	Size	DOPC 21EX 1mg'ml 01 04 25 3	01 April 2025 14:48:41	25.0	910.9	0.212	1125	0.000	0.000	100.0	0.0	0.0	390.1	0.000	0.000	0.0 0.0 0.0 0.0 0.0 0.0 0.0 0.0 0.0 0.0 0.0 0.0 0.0 0.0 0.0 0.0 0.0 0.0 0.0 0.0 0.0 0.0 0.0 0.0 0.0 0.0 0.0 0.0 0.0 0.0 0.0 0.0 0.0 0.0 0.0 0.0 0.0 0.0 0.0 0.0 0.0 0.0 0.0 0.0 0.0 0.0 0.0 0.0 0.5 2.5 5.8 9.7 13.2 15.2 15.5 14.0 11.0 7.3 3.9 1.3 0.1 0.0 0.0 0.0 0.0 0.0 0.0 0.0 0.0 0.0	0.4000 0.4632 0.5365 0.6213 0.7195 0.8332 0.9649 1.117 1.294 1.499 1.736 2.010 2.328 2.696 3.122 3.615 4.187 4.849 5.615 6.503 7.531 8.721 10.10 11.70 13.54 15.69 18.17 21.04 24.36 28.21 32.67 37.84 43.82 50.75 58.77 68.06 78.82 91.28 105.7 122.4 141.8 164.2 190.1 220.2 255.0 295.3 342.0 396.1 458.7 531.2 615.1 712.4 825.0 955.4 1106 1281 1484 1718 1990 2305 2669 3091 3580 4145 4801 5560 6439 7456 8635 1.000e4
14	Size	DOPC 21EX 1mg'ml 01 04 25 4	01 April 2025 14:50:53	25.0	917.3	0.233	996.9	0.000	0.000	100.0	0.0	0.0	289.0	0.000	0.000	0.0 0.0 0.0 0.0 0.0 0.0 0.0 0.0 0.0 0.0 0.0 0.0 0.0 0.0 0.0 0.0 0.0 0.0 0.0 0.0 0.0 0.0 0.0 0.0 0.0 0.0 0.0 0.0 0.0 0.0 0.0 0.0 0.0 0.0 0.0 0.0 0.0 0.0 0.0 0.0 0.0 0.0 0.0 0.0 0.0 0.0 0.0 0.0 0.0 2.5 7.6 13.4 17.5 18.7 16.8 12.5 7.4 3.0 0.5 0.0 0.0 0.0 0.0 0.0 0.0 0.0 0.0 0.0 0.0 0.0	0.4000 0.4632 0.5365 0.6213 0.7195 0.8332 0.9649 1.117 1.294 1.499 1.736 2.010 2.328 2.696 3.122 3.615 4.187 4.849 5.615 6.503 7.531 8.721 10.10 11.70 13.54 15.69 18.17 21.04 24.36 28.21 32.67 37.84 43.82 50.75 58.77 68.06 78.82 91.28 105.7 122.4 141.8 164.2 190.1 220.2 255.0 295.3 342.0 396.1 458.7 531.2 615.1 712.4 825.0 955.4 1106 1281 1484 1718 1990 2305 2669 3091 3580 4145 4801 5560 6439 7456 8635 1.000e4
15	Size	DOPC 21EX 1mg'ml 01 04 25 5	01 April 2025 14:53:06	25.0	881.8	0.274	951.8	4947	0.000	94.1	5.9	0.0	410.1	630.1	0.000	0.0 0.0 0.0 0.0 0.0 0.0 0.0 0.0 0.0 0.0 0.0 0.0 0.0 0.0 0.0 0.0 0.0 0.0 0.0 0.0 0.0 0.0 0.0 0.0 0.0 0.0 0.0 0.0 0.0 0.0 0.0 0.0 0.0 0.0 0.0 0.0 0.0 0.0 0.0 0.0 0.0 0.0 0.0 0.0 0.0 0.0 0.6 2.4 5.0 7.7 10.1 11.6 12.1 11.7 10.4 8.5 6.3 4.2 2.3 1.0 0.2 0.0 0.3 1.1 1.9 2.6 0.0 0.0 0.0 0.0	0.4000 0.4632 0.5365 0.6213 0.7195 0.8332 0.9649 1.117 1.294 1.499 1.736 2.010 2.328 2.696 3.122 3.615 4.187 4.849 5.615 6.503 7.531 8.721 10.10 11.70 13.54 15.69 18.17 21.04 24.36 28.21 32.67 37.84 43.82 50.75 58.77 68.06 78.82 91.28 105.7 122.4 141.8 164.2 190.1 220.2 255.0 295.3 342.0 396.1 458.7 531.2 615.1 712.4 825.0 955.4 1106 1281 1484 1718 1990 2305 2669 3091 3580 4145 4801 5560 6439 7456 8635 1.000e4
16	Size	DOPC 31EX 1mg'ml 01 04 25 1	01 April 2025 15:11:47	25.0	852.6	0.255	908.7	0.000	0.000	100.0	0.0	0.0	159.6	0.000	0.000	0.0 0.0 0.0 0.0 0.0 0.0 0.0 0.0 0.0 0.0 0.0 0.0 0.0 0.0 0.0 0.0 0.0 0.0 0.0 0.0 0.0 0.0 0.0 0.0 0.0 0.0 0.0 0.0 0.0 0.0 0.0 0.0 0.0 0.0 0.0 0.0 0.0 0.0 0.0 0.0 0.0 0.0 0.0 0.0 0.0 0.0 0.0 0.0 0.0 0.0 3.1 16.9 28.8 28.7 17.6 4.9 0.0 0.0 0.0 0.0 0.0 0.0 0.0 0.0 0.0 0.0 0.0 0.0 0.0 0.0	0.4000 0.4632 0.5365 0.6213 0.7195 0.8332 0.9649 1.117 1.294 1.499 1.736 2.010 2.328 2.696 3.122 3.615 4.187 4.849 5.615 6.503 7.531 8.721 10.10 11.70 13.54 15.69 18.17 21.04 24.36 28.21 32.67 37.84 43.82 50.75 58.77 68.06 78.82 91.28 105.7 122.4 141.8 164.2 190.1 220.2 255.0 295.3 342.0 396.1 458.7 531.2 615.1 712.4 825.0 955.4 1106 1281 1484 1718 1990 2305 2669 3091 3580 4145 4801 5560 6439 7456 8635 1.000e4
17	Size	DOPC 31EX 1mg'ml 01 04 25 2	01 April 2025 15:14:10	25.0	1015	0.291	895.8	0.000	0.000	100.0	0.0	0.0	189.5	0.000	0.000	0.0 0.0 0.0 0.0 0.0 0.0 0.0 0.0 0.0 0.0 0.0 0.0 0.0 0.0 0.0 0.0 0.0 0.0 0.0 0.0 0.0 0.0 0.0 0.0 0.0 0.0 0.0 0.0 0.0 0.0 0.0 0.0 0.0 0.0 0.0 0.0 0.0 0.0 0.0 0.0 0.0 0.0 0.0 0.0 0.0 0.0 0.0 0.0 0.0 0.9 8.5 18.6 24.7 23.6 16.2 6.8 0.7 0.0 0.0 0.0 0.0 0.0 0.0 0.0 0.0 0.0 0.0 0.0 0.0 0.0	0.4000 0.4632 0.5365 0.6213 0.7195 0.8332 0.9649 1.117 1.294 1.499 1.736 2.010 2.328 2.696 3.122 3.615 4.187 4.849 5.615 6.503 7.531 8.721 10.10 11.70 13.54 15.69 18.17 21.04 24.36 28.21 32.67 37.84 43.82 50.75 58.77 68.06 78.82 91.28 105.7 122.4 141.8 164.2 190.1 220.2 255.0 295.3 342.0 396.1 458.7 531.2 615.1 712.4 825.0 955.4 1106 1281 1484 1718 1990 2305 2669 3091 3580 4145 4801 5560 6439 7456 8635 1.000e4
18	Size	DOPC 31EX 1mg'ml 01 04 25 3	01 April 2025 15:16:32	25.0	1009	0.310	926.0	0.000	0.000	100.0	0.0	0.0	217.3	0.000	0.000	0.0 0.0 0.0 0.0 0.0 0.0 0.0 0.0 0.0 0.0 0.0 0.0 0.0 0.0 0.0 0.0 0.0 0.0 0.0 0.0 0.0 0.0 0.0 0.0 0.0 0.0 0.0 0.0 0.0 0.0 0.0 0.0 0.0 0.0 0.0 0.0 0.0 0.0 0.0 0.0 0.0 0.0 0.0 0.0 0.0 0.0 0.0 0.0 0.0 1.7 8.1 16.2 21.9 22.3 17.3 9.6 2.9 0.0 0.0 0.0 0.0 0.0 0.0 0.0 0.0 0.0 0.0 0.0 0.0 0.0	0.4000 0.4632 0.5365 0.6213 0.7195 0.8332 0.9649 1.117 1.294 1.499 1.736 2.010 2.328 2.696 3.122 3.615 4.187 4.849 5.615 6.503 7.531 8.721 10.10 11.70 13.54 15.69 18.17 21.04 24.36 28.21 32.67 37.84 43.82 50.75 58.77 68.06 78.82 91.28 105.7 122.4 141.8 164.2 190.1 220.2 255.0 295.3 342.0 396.1 458.7 531.2 615.1 712.4 825.0 955.4 1106 1281 1484 1718 1990 2305 2669 3091 3580 4145 4801 5560 6439 7456 8635 1.000e4
19	Size	DOPC 31EX 1mg'ml 01 04 25 4	01 April 2025 15:18:55	25.0	964.1	0.312	858.2	0.000	0.000	100.0	0.0	0.0	218.6	0.000	0.000	0.0 0.0 0.0 0.0 0.0 0.0 0.0 0.0 0.0 0.0 0.0 0.0 0.0 0.0 0.0 0.0 0.0 0.0 0.0 0.0 0.0 0.0 0.0 0.0 0.0 0.0 0.0 0.0 0.0 0.0 0.0 0.0 0.0 0.0 0.0 0.0 0.0 0.0 0.0 0.0 0.0 0.0 0.0 0.0 0.0 0.0 0.0 0.0 1.1 5.9 12.8 18.7 21.1 19.0 13.3 6.5 1.6 0.0 0.0 0.0 0.0 0.0 0.0 0.0 0.0 0.0 0.0 0.0 0.0 0.0	0.4000 0.4632 0.5365 0.6213 0.7195 0.8332 0.9649 1.117 1.294 1.499 1.736 2.010 2.328 2.696 3.122 3.615 4.187 4.849 5.615 6.503 7.531 8.721 10.10 11.70 13.54 15.69 18.17 21.04 24.36 28.21 32.67 37.84 43.82 50.75 58.77 68.06 78.82 91.28 105.7 122.4 141.8 164.2 190.1 220.2 255.0 295.3 342.0 396.1 458.7 531.2 615.1 712.4 825.0 955.4 1106 1281 1484 1718 1990 2305 2669 3091 3580 4145 4801 5560 6439 7456 8635 1.000e4
20	Size	DOPC 31EX 1mg'ml 01 04 25 5	01 April 2025 15:21:17	25.0	996.0	0.369	923.9	0.000	0.000	100.0	0.0	0.0	264.5	0.000	0.000	0.0 0.0 0.0 0.0 0.0 0.0 0.0 0.0 0.0 0.0 0.0 0.0 0.0 0.0 0.0 0.0 0.0 0.0 0.0 0.0 0.0 0.0 0.0 0.0 0.0 0.0 0.0 0.0 0.0 0.0 0.0 0.0 0.0 0.0 0.0 0.0 0.0 0.0 0.0 0.0 0.0 0.0 0.0 0.0 0.0 0.0 0.0 0.0 1.3 5.0 10.1 15.2 18.3 18.4 15.4 10.3 4.9 1.2 0.0 0.0 0.0 0.0 0.0 0.0 0.0 0.0 0.0 0.0 0.0 0.0	0.4000 0.4632 0.5365 0.6213 0.7195 0.8332 0.9649 1.117 1.294 1.499 1.736 2.010 2.328 2.696 3.122 3.615 4.187 4.849 5.615 6.503 7.531 8.721 10.10 11.70 13.54 15.69 18.17 21.04 24.36 28.21 32.67 37.84 43.82 50.75 58.77 68.06 78.82 91.28 105.7 122.4 141.8 164.2 190.1 220.2 255.0 295.3 342.0 396.1 458.7 531.2 615.1 712.4 825.0 955.4 1106 1281 1484 1718 1990 2305 2669 3091 3580 4145 4801 5560 6439 7456 8635 1.000e4
21	Size	DOPC 41EX 1mg'ml 01 04 25 1	01 April 2025 15:34:16	25.0	205.0	0.892	4328	135.0	29.84	47.7	34.5	17.8	907.0	41.21	9.307	0.0 0.0 0.0 0.0 0.0 0.0 0.0 0.0 0.0 0.0 0.0 0.0 0.0 0.0 0.0 0.0 0.0 0.0 0.0 0.0 0.0 0.0 0.0 0.0 0.0 0.5 1.4 2.4 3.1 3.3 2.9 2.1 1.2 0.6 0.4 0.9 2.1 3.5 5.0 5.9 6.0 5.1 3.5 1.7 0.4 0.0 0.0 0.0 0.0 0.0 0.0 0.0 0.0 0.0 0.0 0.0 0.0 0.0 0.0 0.5 2.2 5.0 7.9 10.2 11.3 10.8 0.0 0.0 0.0 0.0	0.4000 0.4632 0.5365 0.6213 0.7195 0.8332 0.9649 1.117 1.294 1.499 1.736 2.010 2.328 2.696 3.122 3.615 4.187 4.849 5.615 6.503 7.531 8.721 10.10 11.70 13.54 15.69 18.17 21.04 24.36 28.21 32.67 37.84 43.82 50.75 58.77 68.06 78.82 91.28 105.7 122.4 141.8 164.2 190.1 220.2 255.0 295.3 342.0 396.1 458.7 531.2 615.1 712.4 825.0 955.4 1106 1281 1484 1718 1990 2305 2669 3091 3580 4145 4801 5560 6439 7456 8635 1.000e4
22	Size	DOPC 41EX 1mg'ml 01 04 25 2	01 April 2025 15:36:38	25.0	337.7	0.828	116.7	4917	25.89	39.9	31.6	15.5	42.59	670.6	6.797	0.0 0.0 0.0 0.0 0.0 0.0 0.0 0.0 0.0 0.0 0.0 0.0 0.0 0.0 0.0 0.0 0.0 0.0 0.0 0.0 0.0 0.0 0.0 0.0 0.0 0.7 2.0 3.1 3.4 2.9 1.9 1.0 0.6 0.9 1.7 2.9 4.1 5.2 5.8 5.8 5.2 4.0 2.5 1.2 0.2 0.0 0.0 0.0 0.0 0.0 0.0 0.0 0.6 1.6 2.5 3.0 2.7 1.8 0.8 0.1 0.0 0.4 2.2 5.5 9.8 14.0 0.0 0.0 0.0 0.0	0.4000 0.4632 0.5365 0.6213 0.7195 0.8332 0.9649 1.117 1.294 1.499 1.736 2.010 2.328 2.696 3.122 3.615 4.187 4.849 5.615 6.503 7.531 8.721 10.10 11.70 13.54 15.69 18.17 21.04 24.36 28.21 32.67 37.84 43.82 50.75 58.77 68.06 78.82 91.28 105.7 122.4 141.8 164.2 190.1 220.2 255.0 295.3 342.0 396.1 458.7 531.2 615.1 712.4 825.0 955.4 1106 1281 1484 1718 1990 2305 2669 3091 3580 4145 4801 5560 6439 7456 8635 1.000e4
23	Size	DOPC 41EX 1mg'ml 01 04 25 3	01 April 2025 15:39:01	25.0	508.9	0.549	115.2	1602	28.13	47.7	28.5	23.8	35.34	318.2	9.058	0.0 0.0 0.0 0.0 0.0 0.0 0.0 0.0 0.0 0.0 0.0 0.0 0.0 0.0 0.0 0.0 0.0 0.0 0.0 0.0 0.0 0.0 0.0 0.0 0.4 1.3 2.5 3.5 4.1 4.0 3.4 2.4 1.5 1.1 1.5 2.8 4.7 6.8 8.2 8.4 7.2 4.9 2.2 0.4 0.0 0.0 0.0 0.0 0.0 0.0 0.0 0.0 0.0 0.1 2.3 5.4 7.5 7.2 4.7 1.7 0.0 0.0 0.0 0.0 0.0 0.0 0.0 0.0 0.0 0.0	0.4000 0.4632 0.5365 0.6213 0.7195 0.8332 0.9649 1.117 1.294 1.499 1.736 2.010 2.328 2.696 3.122 3.615 4.187 4.849 5.615 6.503 7.531 8.721 10.10 11.70 13.54 15.69 18.17 21.04 24.36 28.21 32.67 37.84 43.82 50.75 58.77 68.06 78.82 91.28 105.7 122.4 141.8 164.2 190.1 220.2 255.0 295.3 342.0 396.1 458.7 531.2 615.1 712.4 825.0 955.4 1106 1281 1484 1718 1990 2305 2669 3091 3580 4145 4801 5560 6439 7456 8635 1.000e4
24	Size	DOPC 41EX 1mg'ml 01 04 25 4	01 April 2025 15:41:23	25.0	293.4	0.726	63.17	4803	317.6	33.3	30.2	27.2	18.53	759.3	82.11	0.0 0.0 0.0 0.0 0.0 0.0 0.0 0.0 0.0 0.0 0.0 0.0 0.0 0.0 0.0 0.0 0.0 0.0 0.0 0.0 0.0 0.0 0.0 0.1 1.0 2.1 2.5 2.0 1.2 0.6 0.8 1.9 3.6 5.2 6.2 6.0 4.8 3.0 1.2 0.2 0.0 0.3 1.4 3.0 4.7 5.6 5.4 4.1 2.3 0.7 0.0 0.0 0.0 0.0 0.0 0.0 0.0 0.0 0.0 0.0 0.2 1.0 2.7 5.4 8.8 12.2 0.0 0.0 0.0 0.0	0.4000 0.4632 0.5365 0.6213 0.7195 0.8332 0.9649 1.117 1.294 1.499 1.736 2.010 2.328 2.696 3.122 3.615 4.187 4.849 5.615 6.503 7.531 8.721 10.10 11.70 13.54 15.69 18.17 21.04 24.36 28.21 32.67 37.84 43.82 50.75 58.77 68.06 78.82 91.28 105.7 122.4 141.8 164.2 190.1 220.2 255.0 295.3 342.0 396.1 458.7 531.2 615.1 712.4 825.0 955.4 1106 1281 1484 1718 1990 2305 2669 3091 3580 4145 4801 5560 6439 7456 8635 1.000e4
25	Size	DOPC 41EX 1mg'ml 01 04 25 5	01 April 2025 15:43:46	25.0	290.7	0.727	113.9	4634	25.23	38.7	32.6	16.1	39.21	877.0	5.949	0.0 0.0 0.0 0.0 0.0 0.0 0.0 0.0 0.0 0.0 0.0 0.0 0.0 0.0 0.0 0.0 0.0 0.0 0.0 0.0 0.0 0.0 0.0 0.0 0.0 0.7 2.1 3.4 3.8 3.2 2.0 0.8 0.2 0.5 1.6 3.1 4.6 5.8 6.2 5.8 4.8 3.4 2.0 0.8 0.2 0.0 0.0 0.0 0.0 0.0 0.0 0.2 0.7 1.5 2.1 2.4 2.3 1.8 1.1 0.6 0.7 1.6 3.5 6.1 9.0 11.4 0.0 0.0 0.0 0.0	0.4000 0.4632 0.5365 0.6213 0.7195 0.8332 0.9649 1.117 1.294 1.499 1.736 2.010 2.328 2.696 3.122 3.615 4.187 4.849 5.615 6.503 7.531 8.721 10.10 11.70 13.54 15.69 18.17 21.04 24.36 28.21 32.67 37.84 43.82 50.75 58.77 68.06 78.82 91.28 105.7 122.4 141.8 164.2 190.1 220.2 255.0 295.3 342.0 396.1 458.7 531.2 615.1 712.4 825.0 955.4 1106 1281 1484 1718 1990 2305 2669 3091 3580 4145 4801 5560 6439 7456 8635 1.000e4

Record	Type	Sample Name	Measurement Date and Time	T	Z-Ave	PdI	Pk 1 Mean Int	Pk 2 Mean Int	Pk 3 Mean Int	Pk 1 Area Int	Pk 2 Area Int	Pk 3 Area Int	Size Peak	Size Peak	Size Peak	Intensities	Sizes
 		 	 	Â°C	d.nm	 	d.nm	d.nm	d.nm	Percent	Percent	Percent	d.nm	d.nm	d.nm	Percent	d.nm
1	Size	DOPC 01 05 25 41EX 1mg'ml 1	01 May 2025 13:25:44	25.0	0.000	1.000	0.000	0.000	0.000	0.0	0.0	0.0	0.000	0.000	0.000	0.0 0.0 0.0 0.0 0.0 0.0 0.0 0.0 0.0 0.0 0.0 0.0 0.0 0.0 0.0 0.0 0.0 0.0 0.0 0.0 0.0 0.0 0.0 0.0 0.0 0.0 0.0 0.0 0.0 0.0 0.0 0.0 0.0 0.0 0.0 0.0 0.0 0.0 0.0 0.0 0.0 0.0 0.0 0.0 0.0 0.0 0.0 0.0 0.0 0.0 0.0 0.0 0.0 0.0 0.0 0.0 0.0 0.0 0.0 0.0 0.0 0.0 0.0 0.0 0.0 0.0 0.0 0.0 0.0 0.0	0.4000 0.4632 0.5365 0.6213 0.7195 0.8332 0.9649 1.117 1.294 1.499 1.736 2.010 2.328 2.696 3.122 3.615 4.187 4.849 5.615 6.503 7.531 8.721 10.10 11.70 13.54 15.69 18.17 21.04 24.36 28.21 32.67 37.84 43.82 50.75 58.77 68.06 78.82 91.28 105.7 122.4 141.8 164.2 190.1 220.2 255.0 295.3 342.0 396.1 458.7 531.2 615.1 712.4 825.0 955.4 1106 1281 1484 1718 1990 2305 2669 3091 3580 4145 4801 5560 6439 7456 8635 1.000e4
2	Size	DOPC 01 05 25 41EX 1mg'ml 2	01 May 2025 13:28:27	25.0	2.353e5	1.000	0.000	0.000	0.000	0.0	0.0	0.0	0.000	0.000	0.000	0.0 0.0 0.0 0.0 0.0 0.0 0.0 0.0 0.0 0.0 0.0 0.0 0.0 0.0 0.0 0.0 0.0 0.0 0.0 0.0 0.0 0.0 0.0 0.0 0.0 0.0 0.0 0.0 0.0 0.0 0.0 0.0 0.0 0.0 0.0 0.0 0.0 0.0 0.0 0.0 0.0 0.0 0.0 0.0 0.0 0.0 0.0 0.0 0.0 0.0 0.0 0.0 0.0 0.0 0.0 0.0 0.0 0.0 0.0 0.0 0.0 0.0 0.0 0.0 0.0 0.0 0.0 0.0 0.0 0.0	0.4000 0.4632 0.5365 0.6213 0.7195 0.8332 0.9649 1.117 1.294 1.499 1.736 2.010 2.328 2.696 3.122 3.615 4.187 4.849 5.615 6.503 7.531 8.721 10.10 11.70 13.54 15.69 18.17 21.04 24.36 28.21 32.67 37.84 43.82 50.75 58.77 68.06 78.82 91.28 105.7 122.4 141.8 164.2 190.1 220.2 255.0 295.3 342.0 396.1 458.7 531.2 615.1 712.4 825.0 955.4 1106 1281 1484 1718 1990 2305 2669 3091 3580 4145 4801 5560 6439 7456 8635 1.000e4
3	Size	DOPC 01 05 25 41EX 1mg'ml 3	01 May 2025 13:31:10	25.0	2.478e5	1.000	0.000	0.000	0.000	0.0	0.0	0.0	0.000	0.000	0.000	0.0 0.0 0.0 0.0 0.0 0.0 0.0 0.0 0.0 0.0 0.0 0.0 0.0 0.0 0.0 0.0 0.0 0.0 0.0 0.0 0.0 0.0 0.0 0.0 0.0 0.0 0.0 0.0 0.0 0.0 0.0 0.0 0.0 0.0 0.0 0.0 0.0 0.0 0.0 0.0 0.0 0.0 0.0 0.0 0.0 0.0 0.0 0.0 0.0 0.0 0.0 0.0 0.0 0.0 0.0 0.0 0.0 0.0 0.0 0.0 0.0 0.0 0.0 0.0 0.0 0.0 0.0 0.0 0.0 0.0	0.4000 0.4632 0.5365 0.6213 0.7195 0.8332 0.9649 1.117 1.294 1.499 1.736 2.010 2.328 2.696 3.122 3.615 4.187 4.849 5.615 6.503 7.531 8.721 10.10 11.70 13.54 15.69 18.17 21.04 24.36 28.21 32.67 37.84 43.82 50.75 58.77 68.06 78.82 91.28 105.7 122.4 141.8 164.2 190.1 220.2 255.0 295.3 342.0 396.1 458.7 531.2 615.1 712.4 825.0 955.4 1106 1281 1484 1718 1990 2305 2669 3091 3580 4145 4801 5560 6439 7456 8635 1.000e4
4	Size	DOPC 01 05 25 41EX 1mg'ml 4	01 May 2025 13:33:52	25.0	1.302e4	1.000	5281	0.000	0.000	100.0	0.0	0.0	410.6	0.000	0.000	0.0 0.0 0.0 0.0 0.0 0.0 0.0 0.0 0.0 0.0 0.0 0.0 0.0 0.0 0.0 0.0 0.0 0.0 0.0 0.0 0.0 0.0 0.0 0.0 0.0 0.0 0.0 0.0 0.0 0.0 0.0 0.0 0.0 0.0 0.0 0.0 0.0 0.0 0.0 0.0 0.0 0.0 0.0 0.0 0.0 0.0 0.0 0.0 0.0 0.0 0.0 0.0 0.0 0.0 0.0 0.0 0.0 0.0 0.0 0.0 0.0 0.0 0.0 3.7 29.7 66.5 0.0 0.0 0.0 0.0	0.4000 0.4632 0.5365 0.6213 0.7195 0.8332 0.9649 1.117 1.294 1.499 1.736 2.010 2.328 2.696 3.122 3.615 4.187 4.849 5.615 6.503 7.531 8.721 10.10 11.70 13.54 15.69 18.17 21.04 24.36 28.21 32.67 37.84 43.82 50.75 58.77 68.06 78.82 91.28 105.7 122.4 141.8 164.2 190.1 220.2 255.0 295.3 342.0 396.1 458.7 531.2 615.1 712.4 825.0 955.4 1106 1281 1484 1718 1990 2305 2669 3091 3580 4145 4801 5560 6439 7456 8635 1.000e4
5	Size	DOPC 01 05 25 41EX 1mg'ml 5	01 May 2025 13:36:35	25.0	1.033e4	1.000	5259	0.000	0.000	100.0	0.0	0.0	434.4	0.000	0.000	0.0 0.0 0.0 0.0 0.0 0.0 0.0 0.0 0.0 0.0 0.0 0.0 0.0 0.0 0.0 0.0 0.0 0.0 0.0 0.0 0.0 0.0 0.0 0.0 0.0 0.0 0.0 0.0 0.0 0.0 0.0 0.0 0.0 0.0 0.0 0.0 0.0 0.0 0.0 0.0 0.0 0.0 0.0 0.0 0.0 0.0 0.0 0.0 0.0 0.0 0.0 0.0 0.0 0.0 0.0 0.0 0.0 0.0 0.0 0.0 0.0 0.0 0.0 5.5 29.4 65.1 0.0 0.0 0.0 0.0	0.4000 0.4632 0.5365 0.6213 0.7195 0.8332 0.9649 1.117 1.294 1.499 1.736 2.010 2.328 2.696 3.122 3.615 4.187 4.849 5.615 6.503 7.531 8.721 10.10 11.70 13.54 15.69 18.17 21.04 24.36 28.21 32.67 37.84 43.82 50.75 58.77 68.06 78.82 91.28 105.7 122.4 141.8 164.2 190.1 220.2 255.0 295.3 342.0 396.1 458.7 531.2 615.1 712.4 825.0 955.4 1106 1281 1484 1718 1990 2305 2669 3091 3580 4145 4801 5560 6439 7456 8635 1.000e4
6	Size	DOPC 01 05 25 31EX 1mg'ml 1	01 May 2025 13:47:32	25.0	1078	0.335	1076	5527	0.000	98.3	1.7	0.0	364.5	154.2	0.000	0.0 0.0 0.0 0.0 0.0 0.0 0.0 0.0 0.0 0.0 0.0 0.0 0.0 0.0 0.0 0.0 0.0 0.0 0.0 0.0 0.0 0.0 0.0 0.0 0.0 0.0 0.0 0.0 0.0 0.0 0.0 0.0 0.0 0.0 0.0 0.0 0.0 0.0 0.0 0.0 0.0 0.0 0.0 0.0 0.0 0.0 0.0 0.0 1.0 3.3 6.6 10.3 13.5 15.3 15.4 13.5 10.1 6.1 2.7 0.6 0.0 0.0 0.0 0.0 0.1 1.6 0.0 0.0 0.0 0.0	0.4000 0.4632 0.5365 0.6213 0.7195 0.8332 0.9649 1.117 1.294 1.499 1.736 2.010 2.328 2.696 3.122 3.615 4.187 4.849 5.615 6.503 7.531 8.721 10.10 11.70 13.54 15.69 18.17 21.04 24.36 28.21 32.67 37.84 43.82 50.75 58.77 68.06 78.82 91.28 105.7 122.4 141.8 164.2 190.1 220.2 255.0 295.3 342.0 396.1 458.7 531.2 615.1 712.4 825.0 955.4 1106 1281 1484 1718 1990 2305 2669 3091 3580 4145 4801 5560 6439 7456 8635 1.000e4
7	Size	DOPC 01 05 25 31EX 1mg'ml 2	01 May 2025 13:49:55	25.0	956.5	0.287	825.3	0.000	0.000	100.0	0.0	0.0	157.0	0.000	0.000	0.0 0.0 0.0 0.0 0.0 0.0 0.0 0.0 0.0 0.0 0.0 0.0 0.0 0.0 0.0 0.0 0.0 0.0 0.0 0.0 0.0 0.0 0.0 0.0 0.0 0.0 0.0 0.0 0.0 0.0 0.0 0.0 0.0 0.0 0.0 0.0 0.0 0.0 0.0 0.0 0.0 0.0 0.0 0.0 0.0 0.0 0.0 0.0 0.0 2.1 13.0 24.4 27.9 21.4 9.9 1.2 0.0 0.0 0.0 0.0 0.0 0.0 0.0 0.0 0.0 0.0 0.0 0.0 0.0 0.0	0.4000 0.4632 0.5365 0.6213 0.7195 0.8332 0.9649 1.117 1.294 1.499 1.736 2.010 2.328 2.696 3.122 3.615 4.187 4.849 5.615 6.503 7.531 8.721 10.10 11.70 13.54 15.69 18.17 21.04 24.36 28.21 32.67 37.84 43.82 50.75 58.77 68.06 78.82 91.28 105.7 122.4 141.8 164.2 190.1 220.2 255.0 295.3 342.0 396.1 458.7 531.2 615.1 712.4 825.0 955.4 1106 1281 1484 1718 1990 2305 2669 3091 3580 4145 4801 5560 6439 7456 8635 1.000e4
8	Size	DOPC 01 05 25 31EX 1mg'ml 3	01 May 2025 13:52:17	25.0	937.0	0.304	801.5	0.000	0.000	100.0	0.0	0.0	188.7	0.000	0.000	0.0 0.0 0.0 0.0 0.0 0.0 0.0 0.0 0.0 0.0 0.0 0.0 0.0 0.0 0.0 0.0 0.0 0.0 0.0 0.0 0.0 0.0 0.0 0.0 0.0 0.0 0.0 0.0 0.0 0.0 0.0 0.0 0.0 0.0 0.0 0.0 0.0 0.0 0.0 0.0 0.0 0.0 0.0 0.0 0.0 0.0 0.0 0.0 1.6 8.0 16.2 21.8 22.1 17.3 9.8 3.1 0.0 0.0 0.0 0.0 0.0 0.0 0.0 0.0 0.0 0.0 0.0 0.0 0.0 0.0	0.4000 0.4632 0.5365 0.6213 0.7195 0.8332 0.9649 1.117 1.294 1.499 1.736 2.010 2.328 2.696 3.122 3.615 4.187 4.849 5.615 6.503 7.531 8.721 10.10 11.70 13.54 15.69 18.17 21.04 24.36 28.21 32.67 37.84 43.82 50.75 58.77 68.06 78.82 91.28 105.7 122.4 141.8 164.2 190.1 220.2 255.0 295.3 342.0 396.1 458.7 531.2 615.1 712.4 825.0 955.4 1106 1281 1484 1718 1990 2305 2669 3091 3580 4145 4801 5560 6439 7456 8635 1.000e4
9	Size	DOPC 01 05 25 31EX 1mg'ml 4	01 May 2025 13:54:39	25.0	994.6	0.322	861.6	5551	0.000	98.2	1.8	0.0	241.1	81.06	0.000	0.0 0.0 0.0 0.0 0.0 0.0 0.0 0.0 0.0 0.0 0.0 0.0 0.0 0.0 0.0 0.0 0.0 0.0 0.0 0.0 0.0 0.0 0.0 0.0 0.0 0.0 0.0 0.0 0.0 0.0 0.0 0.0 0.0 0.0 0.0 0.0 0.0 0.0 0.0 0.0 0.0 0.0 0.0 0.0 0.0 0.0 0.0 0.0 2.1 7.0 12.9 17.4 18.9 17.1 12.7 7.3 2.7 0.2 0.0 0.0 0.0 0.0 0.0 0.0 0.0 1.7 0.0 0.0 0.0 0.0	0.4000 0.4632 0.5365 0.6213 0.7195 0.8332 0.9649 1.117 1.294 1.499 1.736 2.010 2.328 2.696 3.122 3.615 4.187 4.849 5.615 6.503 7.531 8.721 10.10 11.70 13.54 15.69 18.17 21.04 24.36 28.21 32.67 37.84 43.82 50.75 58.77 68.06 78.82 91.28 105.7 122.4 141.8 164.2 190.1 220.2 255.0 295.3 342.0 396.1 458.7 531.2 615.1 712.4 825.0 955.4 1106 1281 1484 1718 1990 2305 2669 3091 3580 4145 4801 5560 6439 7456 8635 1.000e4
10	Size	DOPC 01 05 25 31EX 1mg'ml 5	01 May 2025 13:57:02	25.0	883.4	0.252	814.2	0.000	0.000	100.0	0.0	0.0	191.2	0.000	0.000	0.0 0.0 0.0 0.0 0.0 0.0 0.0 0.0 0.0 0.0 0.0 0.0 0.0 0.0 0.0 0.0 0.0 0.0 0.0 0.0 0.0 0.0 0.0 0.0 0.0 0.0 0.0 0.0 0.0 0.0 0.0 0.0 0.0 0.0 0.0 0.0 0.0 0.0 0.0 0.0 0.0 0.0 0.0 0.0 0.0 0.0 0.0 0.0 1.2 7.2 15.3 21.3 22.4 18.1 10.8 3.7 0.0 0.0 0.0 0.0 0.0 0.0 0.0 0.0 0.0 0.0 0.0 0.0 0.0 0.0	0.4000 0.4632 0.5365 0.6213 0.7195 0.8332 0.9649 1.117 1.294 1.499 1.736 2.010 2.328 2.696 3.122 3.615 4.187 4.849 5.615 6.503 7.531 8.721 10.10 11.70 13.54 15.69 18.17 21.04 24.36 28.21 32.67 37.84 43.82 50.75 58.77 68.06 78.82 91.28 105.7 122.4 141.8 164.2 190.1 220.2 255.0 295.3 342.0 396.1 458.7 531.2 615.1 712.4 825.0 955.4 1106 1281 1484 1718 1990 2305 2669 3091 3580 4145 4801 5560 6439 7456 8635 1.000e4
11	Size	DOPC 01 05 25 21EX 1mg'ml 1	01 May 2025 14:06:31	25.0	4.374e4	1.000	0.000	0.000	0.000	0.0	0.0	0.0	0.000	0.000	0.000	0.0 0.0 0.0 0.0 0.0 0.0 0.0 0.0 0.0 0.0 0.0 0.0 0.0 0.0 0.0 0.0 0.0 0.0 0.0 0.0 0.0 0.0 0.0 0.0 0.0 0.0 0.0 0.0 0.0 0.0 0.0 0.0 0.0 0.0 0.0 0.0 0.0 0.0 0.0 0.0 0.0 0.0 0.0 0.0 0.0 0.0 0.0 0.0 0.0 0.0 0.0 0.0 0.0 0.0 0.0 0.0 0.0 0.0 0.0 0.0 0.0 0.0 0.0 0.0 0.0 0.0 0.0 0.0 0.0 0.0	0.4000 0.4632 0.5365 0.6213 0.7195 0.8332 0.9649 1.117 1.294 1.499 1.736 2.010 2.328 2.696 3.122 3.615 4.187 4.849 5.615 6.503 7.531 8.721 10.10 11.70 13.54 15.69 18.17 21.04 24.36 28.21 32.67 37.84 43.82 50.75 58.77 68.06 78.82 91.28 105.7 122.4 141.8 164.2 190.1 220.2 255.0 295.3 342.0 396.1 458.7 531.2 615.1 712.4 825.0 955.4 1106 1281 1484 1718 1990 2305 2669 3091 3580 4145 4801 5560 6439 7456 8635 1.000e4
12	Size	DOPC 01 05 25 21EX 1mg'ml 2	01 May 2025 14:08:43	25.0	9.813e4	1.000	0.000	0.000	0.000	0.0	0.0	0.0	0.000	0.000	0.000	0.0 0.0 0.0 0.0 0.0 0.0 0.0 0.0 0.0 0.0 0.0 0.0 0.0 0.0 0.0 0.0 0.0 0.0 0.0 0.0 0.0 0.0 0.0 0.0 0.0 0.0 0.0 0.0 0.0 0.0 0.0 0.0 0.0 0.0 0.0 0.0 0.0 0.0 0.0 0.0 0.0 0.0 0.0 0.0 0.0 0.0 0.0 0.0 0.0 0.0 0.0 0.0 0.0 0.0 0.0 0.0 0.0 0.0 0.0 0.0 0.0 0.0 0.0 0.0 0.0 0.0 0.0 0.0 0.0 0.0	0.4000 0.4632 0.5365 0.6213 0.7195 0.8332 0.9649 1.117 1.294 1.499 1.736 2.010 2.328 2.696 3.122 3.615 4.187 4.849 5.615 6.503 7.531 8.721 10.10 11.70 13.54 15.69 18.17 21.04 24.36 28.21 32.67 37.84 43.82 50.75 58.77 68.06 78.82 91.28 105.7 122.4 141.8 164.2 190.1 220.2 255.0 295.3 342.0 396.1 458.7 531.2 615.1 712.4 825.0 955.4 1106 1281 1484 1718 1990 2305 2669 3091 3580 4145 4801 5560 6439 7456 8635 1.000e4
13	Size	DOPC 01 05 25 21EX 1mg'ml 3	01 May 2025 14:10:55	25.0	1.190e5	1.000	0.000	0.000	0.000	0.0	0.0	0.0	0.000	0.000	0.000	0.0 0.0 0.0 0.0 0.0 0.0 0.0 0.0 0.0 0.0 0.0 0.0 0.0 0.0 0.0 0.0 0.0 0.0 0.0 0.0 0.0 0.0 0.0 0.0 0.0 0.0 0.0 0.0 0.0 0.0 0.0 0.0 0.0 0.0 0.0 0.0 0.0 0.0 0.0 0.0 0.0 0.0 0.0 0.0 0.0 0.0 0.0 0.0 0.0 0.0 0.0 0.0 0.0 0.0 0.0 0.0 0.0 0.0 0.0 0.0 0.0 0.0 0.0 0.0 0.0 0.0 0.0 0.0 0.0 0.0	0.4000 0.4632 0.5365 0.6213 0.7195 0.8332 0.9649 1.117 1.294 1.499 1.736 2.010 2.328 2.696 3.122 3.615 4.187 4.849 5.615 6.503 7.531 8.721 10.10 11.70 13.54 15.69 18.17 21.04 24.36 28.21 32.67 37.84 43.82 50.75 58.77 68.06 78.82 91.28 105.7 122.4 141.8 164.2 190.1 220.2 255.0 295.3 342.0 396.1 458.7 531.2 615.1 712.4 825.0 955.4 1106 1281 1484 1718 1990 2305 2669 3091 3580 4145 4801 5560 6439 7456 8635 1.000e4
14	Size	DOPC 01 05 25 21EX 1mg'ml 4	01 May 2025 14:13:08	25.0	1.001e4	0.610	5483	0.000	0.000	100.0	0.0	0.0	228.0	0.000	0.000	0.0 0.0 0.0 0.0 0.0 0.0 0.0 0.0 0.0 0.0 0.0 0.0 0.0 0.0 0.0 0.0 0.0 0.0 0.0 0.0 0.0 0.0 0.0 0.0 0.0 0.0 0.0 0.0 0.0 0.0 0.0 0.0 0.0 0.0 0.0 0.0 0.0 0.0 0.0 0.0 0.0 0.0 0.0 0.0 0.0 0.0 0.0 0.0 0.0 0.0 0.0 0.0 0.0 0.0 0.0 0.0 0.0 0.0 0.0 0.0 0.0 0.0 0.0 0.0 10.0 90.0 0.0 0.0 0.0 0.0	0.4000 0.4632 0.5365 0.6213 0.7195 0.8332 0.9649 1.117 1.294 1.499 1.736 2.010 2.328 2.696 3.122 3.615 4.187 4.849 5.615 6.503 7.531 8.721 10.10 11.70 13.54 15.69 18.17 21.04 24.36 28.21 32.67 37.84 43.82 50.75 58.77 68.06 78.82 91.28 105.7 122.4 141.8 164.2 190.1 220.2 255.0 295.3 342.0 396.1 458.7 531.2 615.1 712.4 825.0 955.4 1106 1281 1484 1718 1990 2305 2669 3091 3580 4145 4801 5560 6439 7456 8635 1.000e4
15	Size	DOPC 01 05 25 21EX 1mg'ml 5	01 May 2025 14:15:20	25.0	1.754e4	1.000	0.000	0.000	0.000	0.0	0.0	0.0	0.000	0.000	0.000	0.0 0.0 0.0 0.0 0.0 0.0 0.0 0.0 0.0 0.0 0.0 0.0 0.0 0.0 0.0 0.0 0.0 0.0 0.0 0.0 0.0 0.0 0.0 0.0 0.0 0.0 0.0 0.0 0.0 0.0 0.0 0.0 0.0 0.0 0.0 0.0 0.0 0.0 0.0 0.0 0.0 0.0 0.0 0.0 0.0 0.0 0.0 0.0 0.0 0.0 0.0 0.0 0.0 0.0 0.0 0.0 0.0 0.0 0.0 0.0 0.0 0.0 0.0 0.0 0.0 0.0 0.0 0.0 0.0 0.0	0.4000 0.4632 0.5365 0.6213 0.7195 0.8332 0.9649 1.117 1.294 1.499 1.736 2.010 2.328 2.696 3.122 3.615 4.187 4.849 5.615 6.503 7.531 8.721 10.10 11.70 13.54 15.69 18.17 21.04 24.36 28.21 32.67 37.84 43.82 50.75 58.77 68.06 78.82 91.28 105.7 122.4 141.8 164.2 190.1 220.2 255.0 295.3 342.0 396.1 458.7 531.2 615.1 712.4 825.0 955.4 1106 1281 1484 1718 1990 2305 2669 3091 3580 4145 4801 5560 6439 7456 8635 1.000e4
16	Size	DOPC 01 05 25 11EX 1mg'ml 1	01 May 2025 14:24:25	25.0	582.1	0.196	510.3	0.000	0.000	100.0	0.0	0.0	85.10	0.000	0.000	0.0 0.0 0.0 0.0 0.0 0.0 0.0 0.0 0.0 0.0 0.0 0.0 0.0 0.0 0.0 0.0 0.0 0.0 0.0 0.0 0.0 0.0 0.0 0.0 0.0 0.0 0.0 0.0 0.0 0.0 0.0 0.0 0.0 0.0 0.0 0.0 0.0 0.0 0.0 0.0 0.0 0.0 0.0 0.0 0.0 0.0 1.2 15.7 29.5 30.4 18.5 4.7 0.0 0.0 0.0 0.0 0.0 0.0 0.0 0.0 0.0 0.0 0.0 0.0 0.0 0.0 0.0 0.0 0.0 0.0	0.4000 0.4632 0.5365 0.6213 0.7195 0.8332 0.9649 1.117 1.294 1.499 1.736 2.010 2.328 2.696 3.122 3.615 4.187 4.849 5.615 6.503 7.531 8.721 10.10 11.70 13.54 15.69 18.17 21.04 24.36 28.21 32.67 37.84 43.82 50.75 58.77 68.06 78.82 91.28 105.7 122.4 141.8 164.2 190.1 220.2 255.0 295.3 342.0 396.1 458.7 531.2 615.1 712.4 825.0 955.4 1106 1281 1484 1718 1990 2305 2669 3091 3580 4145 4801 5560 6439 7456 8635 1.000e4
17	Size	DOPC 01 05 25 11EX 1mg'ml 2	01 May 2025 14:27:08	25.0	466.7	0.319	398.3	0.000	0.000	100.0	0.0	0.0	87.20	0.000	0.000	0.0 0.0 0.0 0.0 0.0 0.0 0.0 0.0 0.0 0.0 0.0 0.0 0.0 0.0 0.0 0.0 0.0 0.0 0.0 0.0 0.0 0.0 0.0 0.0 0.0 0.0 0.0 0.0 0.0 0.0 0.0 0.0 0.0 0.0 0.0 0.0 0.0 0.0 0.0 0.0 0.0 0.0 0.0 0.0 4.9 14.2 22.1 24.2 19.7 11.3 3.6 0.0 0.0 0.0 0.0 0.0 0.0 0.0 0.0 0.0 0.0 0.0 0.0 0.0 0.0 0.0 0.0 0.0 0.0 0.0	0.4000 0.4632 0.5365 0.6213 0.7195 0.8332 0.9649 1.117 1.294 1.499 1.736 2.010 2.328 2.696 3.122 3.615 4.187 4.849 5.615 6.503 7.531 8.721 10.10 11.70 13.54 15.69 18.17 21.04 24.36 28.21 32.67 37.84 43.82 50.75 58.77 68.06 78.82 91.28 105.7 122.4 141.8 164.2 190.1 220.2 255.0 295.3 342.0 396.1 458.7 531.2 615.1 712.4 825.0 955.4 1106 1281 1484 1718 1990 2305 2669 3091 3580 4145 4801 5560 6439 7456 8635 1.000e4
18	Size	DOPC 01 05 25 11EX 1mg'ml 3	01 May 2025 14:29:51	25.0	531.7	0.266	489.9	0.000	0.000	100.0	0.0	0.0	98.92	0.000	0.000	0.0 0.0 0.0 0.0 0.0 0.0 0.0 0.0 0.0 0.0 0.0 0.0 0.0 0.0 0.0 0.0 0.0 0.0 0.0 0.0 0.0 0.0 0.0 0.0 0.0 0.0 0.0 0.0 0.0 0.0 0.0 0.0 0.0 0.0 0.0 0.0 0.0 0.0 0.0 0.0 0.0 0.0 0.0 0.0 0.0 0.7 9.0 19.7 25.8 23.8 15.3 5.5 0.0 0.0 0.0 0.0 0.0 0.0 0.0 0.0 0.0 0.0 0.0 0.0 0.0 0.0 0.0 0.0 0.0 0.0	0.4000 0.4632 0.5365 0.6213 0.7195 0.8332 0.9649 1.117 1.294 1.499 1.736 2.010 2.328 2.696 3.122 3.615 4.187 4.849 5.615 6.503 7.531 8.721 10.10 11.70 13.54 15.69 18.17 21.04 24.36 28.21 32.67 37.84 43.82 50.75 58.77 68.06 78.82 91.28 105.7 122.4 141.8 164.2 190.1 220.2 255.0 295.3 342.0 396.1 458.7 531.2 615.1 712.4 825.0 955.4 1106 1281 1484 1718 1990 2305 2669 3091 3580 4145 4801 5560 6439 7456 8635 1.000e4
19	Size	DOPC 01 05 25 11EX 1mg'ml 4	01 May 2025 14:32:34	25.0	467.2	0.312	418.1	0.000	0.000	100.0	0.0	0.0	77.19	0.000	0.000	0.0 0.0 0.0 0.0 0.0 0.0 0.0 0.0 0.0 0.0 0.0 0.0 0.0 0.0 0.0 0.0 0.0 0.0 0.0 0.0 0.0 0.0 0.0 0.0 0.0 0.0 0.0 0.0 0.0 0.0 0.0 0.0 0.0 0.0 0.0 0.0 0.0 0.0 0.0 0.0 0.0 0.0 0.0 0.0 0.0 7.8 21.2 28.8 25.2 13.8 3.2 0.0 0.0 0.0 0.0 0.0 0.0 0.0 0.0 0.0 0.0 0.0 0.0 0.0 0.0 0.0 0.0 0.0 0.0 0.0	0.4000 0.4632 0.5365 0.6213 0.7195 0.8332 0.9649 1.117 1.294 1.499 1.736 2.010 2.328 2.696 3.122 3.615 4.187 4.849 5.615 6.503 7.531 8.721 10.10 11.70 13.54 15.69 18.17 21.04 24.36 28.21 32.67 37.84 43.82 50.75 58.77 68.06 78.82 91.28 105.7 122.4 141.8 164.2 190.1 220.2 255.0 295.3 342.0 396.1 458.7 531.2 615.1 712.4 825.0 955.4 1106 1281 1484 1718 1990 2305 2669 3091 3580 4145 4801 5560 6439 7456 8635 1.000e4
20	Size	DOPC 01 05 25 11EX 1mg'ml 5	01 May 2025 14:35:16	25.0	510.3	0.285	459.1	5560	0.000	98.9	1.1	0.0	112.9	0.000	0.000	0.0 0.0 0.0 0.0 0.0 0.0 0.0 0.0 0.0 0.0 0.0 0.0 0.0 0.0 0.0 0.0 0.0 0.0 0.0 0.0 0.0 0.0 0.0 0.0 0.0 0.0 0.0 0.0 0.0 0.0 0.0 0.0 0.0 0.0 0.0 0.0 0.0 0.0 0.0 0.0 0.0 0.0 0.0 0.0 1.4 7.0 14.4 20.1 21.5 17.9 11.3 4.6 0.5 0.0 0.0 0.0 0.0 0.0 0.0 0.0 0.0 0.0 0.0 0.0 0.0 1.1 0.0 0.0 0.0 0.0	0.4000 0.4632 0.5365 0.6213 0.7195 0.8332 0.9649 1.117 1.294 1.499 1.736 2.010 2.328 2.696 3.122 3.615 4.187 4.849 5.615 6.503 7.531 8.721 10.10 11.70 13.54 15.69 18.17 21.04 24.36 28.21 32.67 37.84 43.82 50.75 58.77 68.06 78.82 91.28 105.7 122.4 141.8 164.2 190.1 220.2 255.0 295.3 342.0 396.1 458.7 531.2 615.1 712.4 825.0 955.4 1106 1281 1484 1718 1990 2305 2669 3091 3580 4145 4801 5560 6439 7456 8635 1.000e4
21	Size	DOPC 01 05 25 5EX 1mg'ml 1	01 May 2025 14:45:07	25.0	1071	0.156	706.2	0.000	0.000	100.0	0.0	0.0	81.13	0.000	0.000	0.0 0.0 0.0 0.0 0.0 0.0 0.0 0.0 0.0 0.0 0.0 0.0 0.0 0.0 0.0 0.0 0.0 0.0 0.0 0.0 0.0 0.0 0.0 0.0 0.0 0.0 0.0 0.0 0.0 0.0 0.0 0.0 0.0 0.0 0.0 0.0 0.0 0.0 0.0 0.0 0.0 0.0 0.0 0.0 0.0 0.0 0.0 0.0 0.0 2.0 30.6 43.2 24.2 0.0 0.0 0.0 0.0 0.0 0.0 0.0 0.0 0.0 0.0 0.0 0.0 0.0 0.0 0.0 0.0 0.0	0.4000 0.4632 0.5365 0.6213 0.7195 0.8332 0.9649 1.117 1.294 1.499 1.736 2.010 2.328 2.696 3.122 3.615 4.187 4.849 5.615 6.503 7.531 8.721 10.10 11.70 13.54 15.69 18.17 21.04 24.36 28.21 32.67 37.84 43.82 50.75 58.77 68.06 78.82 91.28 105.7 122.4 141.8 164.2 190.1 220.2 255.0 295.3 342.0 396.1 458.7 531.2 615.1 712.4 825.0 955.4 1106 1281 1484 1718 1990 2305 2669 3091 3580 4145 4801 5560 6439 7456 8635 1.000e4
22	Size	DOPC 01 05 25 5EX 1mg'ml 2	01 May 2025 14:47:29	25.0	1146	0.474	672.9	0.000	0.000	100.0	0.0	0.0	84.29	0.000	0.000	0.0 0.0 0.0 0.0 0.0 0.0 0.0 0.0 0.0 0.0 0.0 0.0 0.0 0.0 0.0 0.0 0.0 0.0 0.0 0.0 0.0 0.0 0.0 0.0 0.0 0.0 0.0 0.0 0.0 0.0 0.0 0.0 0.0 0.0 0.0 0.0 0.0 0.0 0.0 0.0 0.0 0.0 0.0 0.0 0.0 0.0 0.0 0.0 0.0 10.4 37.2 38.7 13.7 0.0 0.0 0.0 0.0 0.0 0.0 0.0 0.0 0.0 0.0 0.0 0.0 0.0 0.0 0.0 0.0 0.0	0.4000 0.4632 0.5365 0.6213 0.7195 0.8332 0.9649 1.117 1.294 1.499 1.736 2.010 2.328 2.696 3.122 3.615 4.187 4.849 5.615 6.503 7.531 8.721 10.10 11.70 13.54 15.69 18.17 21.04 24.36 28.21 32.67 37.84 43.82 50.75 58.77 68.06 78.82 91.28 105.7 122.4 141.8 164.2 190.1 220.2 255.0 295.3 342.0 396.1 458.7 531.2 615.1 712.4 825.0 955.4 1106 1281 1484 1718 1990 2305 2669 3091 3580 4145 4801 5560 6439 7456 8635 1.000e4
23	Size	DOPC 01 05 25 5EX 1mg'ml 3	01 May 2025 14:49:52	25.0	1271	0.315	745.0	0.000	0.000	100.0	0.0	0.0	91.21	0.000	0.000	0.0 0.0 0.0 0.0 0.0 0.0 0.0 0.0 0.0 0.0 0.0 0.0 0.0 0.0 0.0 0.0 0.0 0.0 0.0 0.0 0.0 0.0 0.0 0.0 0.0 0.0 0.0 0.0 0.0 0.0 0.0 0.0 0.0 0.0 0.0 0.0 0.0 0.0 0.0 0.0 0.0 0.0 0.0 0.0 0.0 0.0 0.0 0.0 0.0 0.0 19.2 41.9 33.2 5.7 0.0 0.0 0.0 0.0 0.0 0.0 0.0 0.0 0.0 0.0 0.0 0.0 0.0 0.0 0.0 0.0	0.4000 0.4632 0.5365 0.6213 0.7195 0.8332 0.9649 1.117 1.294 1.499 1.736 2.010 2.328 2.696 3.122 3.615 4.187 4.849 5.615 6.503 7.531 8.721 10.10 11.70 13.54 15.69 18.17 21.04 24.36 28.21 32.67 37.84 43.82 50.75 58.77 68.06 78.82 91.28 105.7 122.4 141.8 164.2 190.1 220.2 255.0 295.3 342.0 396.1 458.7 531.2 615.1 712.4 825.0 955.4 1106 1281 1484 1718 1990 2305 2669 3091 3580 4145 4801 5560 6439 7456 8635 1.000e4
24	Size	DOPC 01 05 25 5EX 1mg'ml 4	01 May 2025 14:52:14	25.0	879.1	0.534	542.3	0.000	0.000	100.0	0.0	0.0	68.66	0.000	0.000	0.0 0.0 0.0 0.0 0.0 0.0 0.0 0.0 0.0 0.0 0.0 0.0 0.0 0.0 0.0 0.0 0.0 0.0 0.0 0.0 0.0 0.0 0.0 0.0 0.0 0.0 0.0 0.0 0.0 0.0 0.0 0.0 0.0 0.0 0.0 0.0 0.0 0.0 0.0 0.0 0.0 0.0 0.0 0.0 0.0 0.0 0.0 0.7 26.2 41.2 27.8 4.2 0.0 0.0 0.0 0.0 0.0 0.0 0.0 0.0 0.0 0.0 0.0 0.0 0.0 0.0 0.0 0.0 0.0 0.0	0.4000 0.4632 0.5365 0.6213 0.7195 0.8332 0.9649 1.117 1.294 1.499 1.736 2.010 2.328 2.696 3.122 3.615 4.187 4.849 5.615 6.503 7.531 8.721 10.10 11.70 13.54 15.69 18.17 21.04 24.36 28.21 32.67 37.84 43.82 50.75 58.77 68.06 78.82 91.28 105.7 122.4 141.8 164.2 190.1 220.2 255.0 295.3 342.0 396.1 458.7 531.2 615.1 712.4 825.0 955.4 1106 1281 1484 1718 1990 2305 2669 3091 3580 4145 4801 5560 6439 7456 8635 1.000e4
25	Size	DOPC 01 05 25 5EX 1mg'ml 5	01 May 2025 14:54:37	25.0	941.0	0.450	571.8	0.000	0.000	100.0	0.0	0.0	76.56	0.000	0.000	0.0 0.0 0.0 0.0 0.0 0.0 0.0 0.0 0.0 0.0 0.0 0.0 0.0 0.0 0.0 0.0 0.0 0.0 0.0 0.0 0.0 0.0 0.0 0.0 0.0 0.0 0.0 0.0 0.0 0.0 0.0 0.0 0.0 0.0 0.0 0.0 0.0 0.0 0.0 0.0 0.0 0.0 0.0 0.0 0.0 0.0 0.0 0.0 16.1 36.6 34.4 12.9 0.0 0.0 0.0 0.0 0.0 0.0 0.0 0.0 0.0 0.0 0.0 0.0 0.0 0.0 0.0 0.0 0.0 0.0	0.4000 0.4632 0.5365 0.6213 0.7195 0.8332 0.9649 1.117 1.294 1.499 1.736 2.010 2.328 2.696 3.122 3.615 4.187 4.849 5.615 6.503 7.531 8.721 10.10 11.70 13.54 15.69 18.17 21.04 24.36 28.21 32.67 37.84 43.82 50.75 58.77 68.06 78.82 91.28 105.7 122.4 141.8 164.2 190.1 220.2 255.0 295.3 342.0 396.1 458.7 531.2 615.1 712.4 825.0 955.4 1106 1281 1484 1718 1990 2305 2669 3091 3580 4145 4801 5560 6439 7456 8635 1.000e4

