Record	Type	Sample Name	Measurement Date and Time	T	Z-Ave	PdI	Pk 1 Mean Int	Pk 2 Mean Int	Pk 3 Mean Int	Pk 1 Area Int	Pk 2 Area Int	Pk 3 Area Int	Size Peak	Size Peak	Size Peak	Intensities	Sizes
 		 	 	Â°C	d.nm	 	d.nm	d.nm	d.nm	Percent	Percent	Percent	d.nm	d.nm	d.nm	Percent	d.nm
1	Size	10 POPC : 0 POPG 0.1 mg_ml C12E6 200 microM 1	24 February 2026 12:56:17	24.7	84.55	0.208	101.2	4401	0.000	98.1	1.9	0.0	49.78	919.8	0.000	0.0 0.0 0.0 0.0 0.0 0.0 0.0 0.0 0.0 0.0 0.0 0.0 0.0 0.0 0.0 0.0 0.0 0.0 0.0 0.0 0.0 0.0 0.0 0.0 0.0 0.0 0.0 0.0 0.0 0.2 1.0 2.5 4.5 6.7 8.7 10.2 11.1 11.2 10.6 9.4 7.7 5.9 4.1 2.5 1.3 0.5 0.1 0.0 0.0 0.0 0.0 0.0 0.0 0.0 0.0 0.0 0.0 0.0 0.0 0.0 0.1 0.2 0.3 0.4 0.5 0.5 0.0 0.0 0.0 0.0	0.4000 0.4632 0.5365 0.6213 0.7195 0.8332 0.9649 1.117 1.294 1.499 1.736 2.010 2.328 2.696 3.122 3.615 4.187 4.849 5.615 6.503 7.531 8.721 10.10 11.70 13.54 15.69 18.17 21.04 24.36 28.21 32.67 37.84 43.82 50.75 58.77 68.06 78.82 91.28 105.7 122.4 141.8 164.2 190.1 220.2 255.0 295.3 342.0 396.1 458.7 531.2 615.1 712.4 825.0 955.4 1106 1281 1484 1718 1990 2305 2669 3091 3580 4145 4801 5560 6439 7456 8635 1.000e4
2	Size	10 POPC : 0 POPG 0.1 mg_ml C12E6 200 microM 2	24 February 2026 12:58:29	25.0	97.96	0.239	120.3	4633	0.000	97.7	2.3	0.0	64.20	814.1	0.000	0.0 0.0 0.0 0.0 0.0 0.0 0.0 0.0 0.0 0.0 0.0 0.0 0.0 0.0 0.0 0.0 0.0 0.0 0.0 0.0 0.0 0.0 0.0 0.0 0.0 0.0 0.0 0.0 0.0 0.0 0.6 1.8 3.3 5.0 6.7 8.1 9.2 9.8 10.0 9.7 8.9 7.7 6.3 4.7 3.2 1.8 0.8 0.2 0.0 0.0 0.0 0.0 0.0 0.0 0.0 0.0 0.0 0.0 0.0 0.0 0.0 0.1 0.3 0.5 0.6 0.7 0.0 0.0 0.0 0.0	0.4000 0.4632 0.5365 0.6213 0.7195 0.8332 0.9649 1.117 1.294 1.499 1.736 2.010 2.328 2.696 3.122 3.615 4.187 4.849 5.615 6.503 7.531 8.721 10.10 11.70 13.54 15.69 18.17 21.04 24.36 28.21 32.67 37.84 43.82 50.75 58.77 68.06 78.82 91.28 105.7 122.4 141.8 164.2 190.1 220.2 255.0 295.3 342.0 396.1 458.7 531.2 615.1 712.4 825.0 955.4 1106 1281 1484 1718 1990 2305 2669 3091 3580 4145 4801 5560 6439 7456 8635 1.000e4
3	Size	10 POPC : 0 POPG 0.1 mg_ml C12E6 200 microM 3	24 February 2026 13:00:41	25.0	106.3	0.259	125.3	3735	0.000	94.4	5.6	0.0	65.64	1166	0.000	0.0 0.0 0.0 0.0 0.0 0.0 0.0 0.0 0.0 0.0 0.0 0.0 0.0 0.0 0.0 0.0 0.0 0.0 0.0 0.0 0.0 0.0 0.0 0.0 0.0 0.0 0.0 0.0 0.0 0.0 0.2 1.0 2.2 3.9 5.8 7.6 9.0 10.0 10.3 10.0 9.1 7.8 6.3 4.7 3.2 1.9 1.0 0.4 0.1 0.0 0.0 0.0 0.0 0.0 0.0 0.0 0.1 0.2 0.3 0.4 0.6 0.7 0.8 0.9 0.9 0.8 0.0 0.0 0.0 0.0	0.4000 0.4632 0.5365 0.6213 0.7195 0.8332 0.9649 1.117 1.294 1.499 1.736 2.010 2.328 2.696 3.122 3.615 4.187 4.849 5.615 6.503 7.531 8.721 10.10 11.70 13.54 15.69 18.17 21.04 24.36 28.21 32.67 37.84 43.82 50.75 58.77 68.06 78.82 91.28 105.7 122.4 141.8 164.2 190.1 220.2 255.0 295.3 342.0 396.1 458.7 531.2 615.1 712.4 825.0 955.4 1106 1281 1484 1718 1990 2305 2669 3091 3580 4145 4801 5560 6439 7456 8635 1.000e4
7	Size	10 POPC : 0 POPG 0.1 mg_ml C12E6 100 microM 1	24 February 2026 14:21:18	25.0	93.43	0.201	107.4	5010	0.000	98.4	1.6	0.0	49.06	604.0	0.000	0.0 0.0 0.0 0.0 0.0 0.0 0.0 0.0 0.0 0.0 0.0 0.0 0.0 0.0 0.0 0.0 0.0 0.0 0.0 0.0 0.0 0.0 0.0 0.0 0.0 0.0 0.0 0.0 0.0 0.0 0.0 0.9 2.9 5.5 8.0 10.2 11.5 12.0 11.6 10.5 8.8 6.8 4.8 2.9 1.4 0.5 0.1 0.0 0.0 0.0 0.0 0.0 0.0 0.0 0.0 0.0 0.0 0.0 0.0 0.0 0.0 0.0 0.1 0.2 0.5 0.7 0.0 0.0 0.0 0.0	0.4000 0.4632 0.5365 0.6213 0.7195 0.8332 0.9649 1.117 1.294 1.499 1.736 2.010 2.328 2.696 3.122 3.615 4.187 4.849 5.615 6.503 7.531 8.721 10.10 11.70 13.54 15.69 18.17 21.04 24.36 28.21 32.67 37.84 43.82 50.75 58.77 68.06 78.82 91.28 105.7 122.4 141.8 164.2 190.1 220.2 255.0 295.3 342.0 396.1 458.7 531.2 615.1 712.4 825.0 955.4 1106 1281 1484 1718 1990 2305 2669 3091 3580 4145 4801 5560 6439 7456 8635 1.000e4
8	Size	10 POPC : 0 POPG 0.1 mg_ml C12E6 100 microM 2	24 February 2026 14:23:51	25.0	94.33	0.227	104.4	5198	23.91	97.4	1.8	0.8	42.24	475.5	3.312	0.0 0.0 0.0 0.0 0.0 0.0 0.0 0.0 0.0 0.0 0.0 0.0 0.0 0.0 0.0 0.0 0.0 0.0 0.0 0.0 0.0 0.0 0.0 0.0 0.0 0.0 0.1 0.2 0.3 0.2 0.4 1.0 2.4 4.5 7.0 9.6 11.7 13.0 13.0 11.8 9.7 6.9 4.1 1.8 0.5 0.0 0.0 0.0 0.0 0.0 0.0 0.0 0.0 0.0 0.0 0.0 0.0 0.0 0.0 0.0 0.0 0.0 0.0 0.2 0.5 1.1 0.0 0.0 0.0 0.0	0.4000 0.4632 0.5365 0.6213 0.7195 0.8332 0.9649 1.117 1.294 1.499 1.736 2.010 2.328 2.696 3.122 3.615 4.187 4.849 5.615 6.503 7.531 8.721 10.10 11.70 13.54 15.69 18.17 21.04 24.36 28.21 32.67 37.84 43.82 50.75 58.77 68.06 78.82 91.28 105.7 122.4 141.8 164.2 190.1 220.2 255.0 295.3 342.0 396.1 458.7 531.2 615.1 712.4 825.0 955.4 1106 1281 1484 1718 1990 2305 2669 3091 3580 4145 4801 5560 6439 7456 8635 1.000e4
9	Size	10 POPC : 0 POPG 0.1 mg_ml C12E6 100 microM 3	24 February 2026 14:26:24	25.0	94.23	0.215	99.45	4777	0.000	96.3	3.7	0.0	37.59	739.4	0.000	0.0 0.0 0.0 0.0 0.0 0.0 0.0 0.0 0.0 0.0 0.0 0.0 0.0 0.0 0.0 0.0 0.0 0.0 0.0 0.0 0.0 0.0 0.0 0.0 0.0 0.0 0.0 0.0 0.0 0.0 0.0 0.0 1.5 4.7 8.5 11.9 14.0 14.3 13.2 10.9 8.0 5.2 2.8 1.1 0.2 0.0 0.0 0.0 0.0 0.0 0.0 0.0 0.0 0.0 0.0 0.0 0.0 0.0 0.0 0.0 0.0 0.1 0.4 0.7 1.1 1.4 0.0 0.0 0.0 0.0	0.4000 0.4632 0.5365 0.6213 0.7195 0.8332 0.9649 1.117 1.294 1.499 1.736 2.010 2.328 2.696 3.122 3.615 4.187 4.849 5.615 6.503 7.531 8.721 10.10 11.70 13.54 15.69 18.17 21.04 24.36 28.21 32.67 37.84 43.82 50.75 58.77 68.06 78.82 91.28 105.7 122.4 141.8 164.2 190.1 220.2 255.0 295.3 342.0 396.1 458.7 531.2 615.1 712.4 825.0 955.4 1106 1281 1484 1718 1990 2305 2669 3091 3580 4145 4801 5560 6439 7456 8635 1.000e4
13	Size	10 POPC : 0 POPG 0.1 mg_ml C12E6 50 microM 1	24 February 2026 14:45:44	25.0	95.43	0.218	105.5	2842	0.000	94.0	6.0	0.0	46.55	1284	0.000	0.0 0.0 0.0 0.0 0.0 0.0 0.0 0.0 0.0 0.0 0.0 0.0 0.0 0.0 0.0 0.0 0.0 0.0 0.0 0.0 0.0 0.0 0.0 0.0 0.0 0.0 0.0 0.0 0.0 0.0 0.0 0.4 2.2 4.9 7.9 10.4 11.9 12.3 11.6 10.1 8.2 6.0 4.0 2.3 1.1 0.4 0.1 0.0 0.0 0.0 0.0 0.0 0.1 0.1 0.2 0.3 0.4 0.5 0.6 0.6 0.6 0.6 0.6 0.5 0.5 0.4 0.0 0.0 0.0 0.0	0.4000 0.4632 0.5365 0.6213 0.7195 0.8332 0.9649 1.117 1.294 1.499 1.736 2.010 2.328 2.696 3.122 3.615 4.187 4.849 5.615 6.503 7.531 8.721 10.10 11.70 13.54 15.69 18.17 21.04 24.36 28.21 32.67 37.84 43.82 50.75 58.77 68.06 78.82 91.28 105.7 122.4 141.8 164.2 190.1 220.2 255.0 295.3 342.0 396.1 458.7 531.2 615.1 712.4 825.0 955.4 1106 1281 1484 1718 1990 2305 2669 3091 3580 4145 4801 5560 6439 7456 8635 1.000e4
14	Size	10 POPC : 0 POPG 0.1 mg_ml C12E6 50 microM 2	24 February 2026 14:48:37	25.0	96.91	0.214	107.8	3617	0.000	95.0	5.0	0.0	48.50	1211	0.000	0.0 0.0 0.0 0.0 0.0 0.0 0.0 0.0 0.0 0.0 0.0 0.0 0.0 0.0 0.0 0.0 0.0 0.0 0.0 0.0 0.0 0.0 0.0 0.0 0.0 0.0 0.0 0.0 0.0 0.0 0.0 0.1 1.8 4.7 7.9 10.5 12.0 12.4 11.7 10.3 8.3 6.2 4.3 2.6 1.4 0.6 0.1 0.0 0.0 0.0 0.0 0.0 0.0 0.0 0.0 0.0 0.1 0.2 0.3 0.4 0.5 0.6 0.7 0.7 0.7 0.7 0.0 0.0 0.0 0.0	0.4000 0.4632 0.5365 0.6213 0.7195 0.8332 0.9649 1.117 1.294 1.499 1.736 2.010 2.328 2.696 3.122 3.615 4.187 4.849 5.615 6.503 7.531 8.721 10.10 11.70 13.54 15.69 18.17 21.04 24.36 28.21 32.67 37.84 43.82 50.75 58.77 68.06 78.82 91.28 105.7 122.4 141.8 164.2 190.1 220.2 255.0 295.3 342.0 396.1 458.7 531.2 615.1 712.4 825.0 955.4 1106 1281 1484 1718 1990 2305 2669 3091 3580 4145 4801 5560 6439 7456 8635 1.000e4
15	Size	10 POPC : 0 POPG 0.1 mg_ml C12E6 50 microM 3	24 February 2026 14:51:30	25.0	98.10	0.222	110.7	4727	0.000	97.0	3.0	0.0	51.23	768.4	0.000	0.0 0.0 0.0 0.0 0.0 0.0 0.0 0.0 0.0 0.0 0.0 0.0 0.0 0.0 0.0 0.0 0.0 0.0 0.0 0.0 0.0 0.0 0.0 0.0 0.0 0.0 0.0 0.0 0.0 0.0 0.0 0.3 2.0 4.7 7.6 10.1 11.6 12.1 11.7 10.5 8.8 6.8 4.9 3.1 1.7 0.8 0.2 0.0 0.0 0.0 0.0 0.0 0.0 0.0 0.0 0.0 0.0 0.0 0.0 0.0 0.0 0.1 0.3 0.6 0.9 1.1 0.0 0.0 0.0 0.0	0.4000 0.4632 0.5365 0.6213 0.7195 0.8332 0.9649 1.117 1.294 1.499 1.736 2.010 2.328 2.696 3.122 3.615 4.187 4.849 5.615 6.503 7.531 8.721 10.10 11.70 13.54 15.69 18.17 21.04 24.36 28.21 32.67 37.84 43.82 50.75 58.77 68.06 78.82 91.28 105.7 122.4 141.8 164.2 190.1 220.2 255.0 295.3 342.0 396.1 458.7 531.2 615.1 712.4 825.0 955.4 1106 1281 1484 1718 1990 2305 2669 3091 3580 4145 4801 5560 6439 7456 8635 1.000e4
19	Size	10 POPC : 0 POPG 0.1 mg_ml C12E6 20 microM 1	24 February 2026 15:07:14	25.0	93.07	0.214	101.6	4983	0.000	97.6	2.4	0.0	40.69	617.1	0.000	0.0 0.0 0.0 0.0 0.0 0.0 0.0 0.0 0.0 0.0 0.0 0.0 0.0 0.0 0.0 0.0 0.0 0.0 0.0 0.0 0.0 0.0 0.0 0.0 0.0 0.0 0.0 0.0 0.0 0.0 0.0 0.8 2.5 5.1 8.0 10.7 12.6 13.3 12.8 11.3 8.9 6.1 3.6 1.6 0.4 0.0 0.0 0.0 0.0 0.0 0.0 0.0 0.0 0.0 0.0 0.0 0.0 0.0 0.0 0.0 0.0 0.0 0.1 0.4 0.8 1.1 0.0 0.0 0.0 0.0	0.4000 0.4632 0.5365 0.6213 0.7195 0.8332 0.9649 1.117 1.294 1.499 1.736 2.010 2.328 2.696 3.122 3.615 4.187 4.849 5.615 6.503 7.531 8.721 10.10 11.70 13.54 15.69 18.17 21.04 24.36 28.21 32.67 37.84 43.82 50.75 58.77 68.06 78.82 91.28 105.7 122.4 141.8 164.2 190.1 220.2 255.0 295.3 342.0 396.1 458.7 531.2 615.1 712.4 825.0 955.4 1106 1281 1484 1718 1990 2305 2669 3091 3580 4145 4801 5560 6439 7456 8635 1.000e4
20	Size	10 POPC : 0 POPG 0.1 mg_ml C12E6 20 microM 2	24 February 2026 15:09:16	25.0	92.55	0.176	114.7	18.90	0.000	99.9	0.1	0.0	55.21	1.901	0.000	0.0 0.0 0.0 0.0 0.0 0.0 0.0 0.0 0.0 0.0 0.0 0.0 0.0 0.0 0.0 0.0 0.0 0.0 0.0 0.0 0.0 0.0 0.0 0.0 0.0 0.0 0.0 0.0 0.0 0.2 0.7 1.6 2.9 4.7 6.6 8.5 10.0 11.1 11.4 10.9 9.8 8.1 6.1 4.1 2.3 1.0 0.2 0.0 0.0 0.0 0.0 0.0 0.0 0.0 0.0 0.0 0.0 0.0 0.0 0.0 0.0 0.0 0.0 0.0 0.0 0.0 0.0 0.0 0.0 0.0	0.4000 0.4632 0.5365 0.6213 0.7195 0.8332 0.9649 1.117 1.294 1.499 1.736 2.010 2.328 2.696 3.122 3.615 4.187 4.849 5.615 6.503 7.531 8.721 10.10 11.70 13.54 15.69 18.17 21.04 24.36 28.21 32.67 37.84 43.82 50.75 58.77 68.06 78.82 91.28 105.7 122.4 141.8 164.2 190.1 220.2 255.0 295.3 342.0 396.1 458.7 531.2 615.1 712.4 825.0 955.4 1106 1281 1484 1718 1990 2305 2669 3091 3580 4145 4801 5560 6439 7456 8635 1.000e4
21	Size	10 POPC : 0 POPG 0.1 mg_ml C12E6 20 microM 3	24 February 2026 15:11:18	25.0	91.33	0.168	108.5	0.000	0.000	100.0	0.0	0.0	47.47	0.000	0.000	0.0 0.0 0.0 0.0 0.0 0.0 0.0 0.0 0.0 0.0 0.0 0.0 0.0 0.0 0.0 0.0 0.0 0.0 0.0 0.0 0.0 0.0 0.0 0.0 0.0 0.0 0.0 0.0 0.0 0.0 0.3 1.1 2.7 4.8 7.2 9.5 11.4 12.4 12.4 11.5 9.7 7.5 5.1 2.9 1.3 0.3 0.0 0.0 0.0 0.0 0.0 0.0 0.0 0.0 0.0 0.0 0.0 0.0 0.0 0.0 0.0 0.0 0.0 0.0 0.0 0.0 0.0 0.0 0.0 0.0	0.4000 0.4632 0.5365 0.6213 0.7195 0.8332 0.9649 1.117 1.294 1.499 1.736 2.010 2.328 2.696 3.122 3.615 4.187 4.849 5.615 6.503 7.531 8.721 10.10 11.70 13.54 15.69 18.17 21.04 24.36 28.21 32.67 37.84 43.82 50.75 58.77 68.06 78.82 91.28 105.7 122.4 141.8 164.2 190.1 220.2 255.0 295.3 342.0 396.1 458.7 531.2 615.1 712.4 825.0 955.4 1106 1281 1484 1718 1990 2305 2669 3091 3580 4145 4801 5560 6439 7456 8635 1.000e4
25	Size	10 POPC : 0 POPG 0.1 mg_ml C12E6 10 microM 1	24 February 2026 15:29:18	25.0	96.22	0.219	109.2	4698	0.000	97.2	2.8	0.0	48.31	783.2	0.000	0.0 0.0 0.0 0.0 0.0 0.0 0.0 0.0 0.0 0.0 0.0 0.0 0.0 0.0 0.0 0.0 0.0 0.0 0.0 0.0 0.0 0.0 0.0 0.0 0.0 0.0 0.0 0.0 0.0 0.0 0.0 0.8 2.4 4.7 7.2 9.5 11.2 12.1 12.0 11.0 9.3 7.2 5.0 3.0 1.4 0.4 0.0 0.0 0.0 0.0 0.0 0.0 0.0 0.0 0.0 0.0 0.0 0.0 0.0 0.0 0.0 0.1 0.3 0.6 0.8 1.0 0.0 0.0 0.0 0.0	0.4000 0.4632 0.5365 0.6213 0.7195 0.8332 0.9649 1.117 1.294 1.499 1.736 2.010 2.328 2.696 3.122 3.615 4.187 4.849 5.615 6.503 7.531 8.721 10.10 11.70 13.54 15.69 18.17 21.04 24.36 28.21 32.67 37.84 43.82 50.75 58.77 68.06 78.82 91.28 105.7 122.4 141.8 164.2 190.1 220.2 255.0 295.3 342.0 396.1 458.7 531.2 615.1 712.4 825.0 955.4 1106 1281 1484 1718 1990 2305 2669 3091 3580 4145 4801 5560 6439 7456 8635 1.000e4
26	Size	10 POPC : 0 POPG 0.1 mg_ml C12E6 10 microM 2	24 February 2026 15:31:20	25.0	107.8	0.314	124.8	4800	0.000	95.1	4.9	0.0	68.80	727.7	0.000	0.0 0.0 0.0 0.0 0.0 0.0 0.0 0.0 0.0 0.0 0.0 0.0 0.0 0.0 0.0 0.0 0.0 0.0 0.0 0.0 0.0 0.0 0.0 0.0 0.0 0.0 0.0 0.0 0.0 0.0 0.3 1.1 2.5 4.3 6.2 8.0 9.3 10.0 10.1 9.6 8.7 7.4 6.0 4.5 3.2 2.0 1.2 0.5 0.2 0.0 0.0 0.0 0.0 0.0 0.0 0.0 0.0 0.0 0.0 0.0 0.0 0.1 0.5 0.9 1.5 1.9 0.0 0.0 0.0 0.0	0.4000 0.4632 0.5365 0.6213 0.7195 0.8332 0.9649 1.117 1.294 1.499 1.736 2.010 2.328 2.696 3.122 3.615 4.187 4.849 5.615 6.503 7.531 8.721 10.10 11.70 13.54 15.69 18.17 21.04 24.36 28.21 32.67 37.84 43.82 50.75 58.77 68.06 78.82 91.28 105.7 122.4 141.8 164.2 190.1 220.2 255.0 295.3 342.0 396.1 458.7 531.2 615.1 712.4 825.0 955.4 1106 1281 1484 1718 1990 2305 2669 3091 3580 4145 4801 5560 6439 7456 8635 1.000e4
27	Size	10 POPC : 0 POPG 0.1 mg_ml C12E6 10 microM 3	24 February 2026 15:33:22	25.0	115.9	0.314	126.0	4634	0.000	93.7	6.3	0.0	56.29	817.4	0.000	0.0 0.0 0.0 0.0 0.0 0.0 0.0 0.0 0.0 0.0 0.0 0.0 0.0 0.0 0.0 0.0 0.0 0.0 0.0 0.0 0.0 0.0 0.0 0.0 0.0 0.0 0.0 0.1 0.5 0.9 1.0 1.0 1.2 1.9 3.4 5.4 7.7 9.9 11.3 11.9 11.3 9.7 7.5 5.0 2.8 1.1 0.2 0.0 0.0 0.0 0.0 0.0 0.0 0.0 0.0 0.0 0.0 0.0 0.0 0.0 0.1 0.4 0.8 1.3 1.7 2.1 0.0 0.0 0.0 0.0	0.4000 0.4632 0.5365 0.6213 0.7195 0.8332 0.9649 1.117 1.294 1.499 1.736 2.010 2.328 2.696 3.122 3.615 4.187 4.849 5.615 6.503 7.531 8.721 10.10 11.70 13.54 15.69 18.17 21.04 24.36 28.21 32.67 37.84 43.82 50.75 58.77 68.06 78.82 91.28 105.7 122.4 141.8 164.2 190.1 220.2 255.0 295.3 342.0 396.1 458.7 531.2 615.1 712.4 825.0 955.4 1106 1281 1484 1718 1990 2305 2669 3091 3580 4145 4801 5560 6439 7456 8635 1.000e4
31	Size	10 POPC : 0 POPG 0.1 mg_ml C12E6 50 microM 1	24 February 2026 15:57:52	25.0	94.40	0.220	104.3	4984	0.000	97.6	2.4	0.0	43.61	616.4	0.000	0.0 0.0 0.0 0.0 0.0 0.0 0.0 0.0 0.0 0.0 0.0 0.0 0.0 0.0 0.0 0.0 0.0 0.0 0.0 0.0 0.0 0.0 0.0 0.0 0.0 0.0 0.0 0.0 0.0 0.0 0.0 0.8 2.6 5.0 7.8 10.2 12.0 12.8 12.5 11.1 9.1 6.6 4.2 2.1 0.7 0.1 0.0 0.0 0.0 0.0 0.0 0.0 0.0 0.0 0.0 0.0 0.0 0.0 0.0 0.0 0.0 0.0 0.1 0.4 0.8 1.1 0.0 0.0 0.0 0.0	0.4000 0.4632 0.5365 0.6213 0.7195 0.8332 0.9649 1.117 1.294 1.499 1.736 2.010 2.328 2.696 3.122 3.615 4.187 4.849 5.615 6.503 7.531 8.721 10.10 11.70 13.54 15.69 18.17 21.04 24.36 28.21 32.67 37.84 43.82 50.75 58.77 68.06 78.82 91.28 105.7 122.4 141.8 164.2 190.1 220.2 255.0 295.3 342.0 396.1 458.7 531.2 615.1 712.4 825.0 955.4 1106 1281 1484 1718 1990 2305 2669 3091 3580 4145 4801 5560 6439 7456 8635 1.000e4
32	Size	10 POPC : 0 POPG 0.1 mg_ml C12E6 50 microM 2	24 February 2026 16:00:04	25.0	94.75	0.231	101.0	5039	0.000	97.2	2.8	0.0	38.50	588.5	0.000	0.0 0.0 0.0 0.0 0.0 0.0 0.0 0.0 0.0 0.0 0.0 0.0 0.0 0.0 0.0 0.0 0.0 0.0 0.0 0.0 0.0 0.0 0.0 0.0 0.0 0.0 0.0 0.0 0.0 0.0 0.0 0.4 1.9 4.7 8.0 11.0 13.2 14.0 13.4 11.5 8.8 5.8 3.1 1.2 0.2 0.0 0.0 0.0 0.0 0.0 0.0 0.0 0.0 0.0 0.0 0.0 0.0 0.0 0.0 0.0 0.0 0.0 0.1 0.4 0.9 1.4 0.0 0.0 0.0 0.0	0.4000 0.4632 0.5365 0.6213 0.7195 0.8332 0.9649 1.117 1.294 1.499 1.736 2.010 2.328 2.696 3.122 3.615 4.187 4.849 5.615 6.503 7.531 8.721 10.10 11.70 13.54 15.69 18.17 21.04 24.36 28.21 32.67 37.84 43.82 50.75 58.77 68.06 78.82 91.28 105.7 122.4 141.8 164.2 190.1 220.2 255.0 295.3 342.0 396.1 458.7 531.2 615.1 712.4 825.0 955.4 1106 1281 1484 1718 1990 2305 2669 3091 3580 4145 4801 5560 6439 7456 8635 1.000e4
33	Size	10 POPC : 0 POPG 0.1 mg_ml C12E6 50 microM 3	24 February 2026 16:02:17	25.0	95.39	0.229	103.6	4812	0.000	96.5	3.5	0.0	43.15	719.8	0.000	0.0 0.0 0.0 0.0 0.0 0.0 0.0 0.0 0.0 0.0 0.0 0.0 0.0 0.0 0.0 0.0 0.0 0.0 0.0 0.0 0.0 0.0 0.0 0.0 0.0 0.0 0.0 0.0 0.0 0.0 0.0 0.5 2.2 5.0 8.0 10.7 12.4 13.0 12.4 10.8 8.6 6.2 3.9 2.0 0.7 0.1 0.0 0.0 0.0 0.0 0.0 0.0 0.0 0.0 0.0 0.0 0.0 0.0 0.0 0.0 0.0 0.1 0.3 0.7 1.0 1.3 0.0 0.0 0.0 0.0	0.4000 0.4632 0.5365 0.6213 0.7195 0.8332 0.9649 1.117 1.294 1.499 1.736 2.010 2.328 2.696 3.122 3.615 4.187 4.849 5.615 6.503 7.531 8.721 10.10 11.70 13.54 15.69 18.17 21.04 24.36 28.21 32.67 37.84 43.82 50.75 58.77 68.06 78.82 91.28 105.7 122.4 141.8 164.2 190.1 220.2 255.0 295.3 342.0 396.1 458.7 531.2 615.1 712.4 825.0 955.4 1106 1281 1484 1718 1990 2305 2669 3091 3580 4145 4801 5560 6439 7456 8635 1.000e4
37	Size	10 POPC : 0 POPG 0.1 mg_ml C12E6 10 microM 1	24 February 2026 16:19:51	25.0	97.47	0.238	116.9	4832	0.000	97.5	2.5	0.0	64.11	710.5	0.000	0.0 0.0 0.0 0.0 0.0 0.0 0.0 0.0 0.0 0.0 0.0 0.0 0.0 0.0 0.0 0.0 0.0 0.0 0.0 0.0 0.0 0.0 0.0 0.0 0.0 0.0 0.0 0.0 0.0 0.0 0.1 1.3 3.4 5.7 7.7 9.2 10.1 10.3 10.0 9.2 8.1 6.9 5.5 4.1 2.8 1.7 0.9 0.3 0.1 0.0 0.0 0.0 0.0 0.0 0.0 0.0 0.0 0.0 0.0 0.0 0.0 0.1 0.2 0.5 0.8 1.0 0.0 0.0 0.0 0.0	0.4000 0.4632 0.5365 0.6213 0.7195 0.8332 0.9649 1.117 1.294 1.499 1.736 2.010 2.328 2.696 3.122 3.615 4.187 4.849 5.615 6.503 7.531 8.721 10.10 11.70 13.54 15.69 18.17 21.04 24.36 28.21 32.67 37.84 43.82 50.75 58.77 68.06 78.82 91.28 105.7 122.4 141.8 164.2 190.1 220.2 255.0 295.3 342.0 396.1 458.7 531.2 615.1 712.4 825.0 955.4 1106 1281 1484 1718 1990 2305 2669 3091 3580 4145 4801 5560 6439 7456 8635 1.000e4
38	Size	10 POPC : 0 POPG 0.1 mg_ml C12E6 10 microM 2	24 February 2026 16:21:53	25.0	97.96	0.237	114.4	4714	0.000	97.1	2.9	0.0	55.43	771.6	0.000	0.0 0.0 0.0 0.0 0.0 0.0 0.0 0.0 0.0 0.0 0.0 0.0 0.0 0.0 0.0 0.0 0.0 0.0 0.0 0.0 0.0 0.0 0.0 0.0 0.0 0.0 0.0 0.0 0.0 0.2 0.8 1.7 3.0 4.6 6.4 8.2 9.7 10.6 11.0 10.5 9.4 7.8 5.9 3.9 2.2 1.0 0.2 0.0 0.0 0.0 0.0 0.0 0.0 0.0 0.0 0.0 0.0 0.0 0.0 0.0 0.0 0.1 0.3 0.6 0.8 1.0 0.0 0.0 0.0 0.0	0.4000 0.4632 0.5365 0.6213 0.7195 0.8332 0.9649 1.117 1.294 1.499 1.736 2.010 2.328 2.696 3.122 3.615 4.187 4.849 5.615 6.503 7.531 8.721 10.10 11.70 13.54 15.69 18.17 21.04 24.36 28.21 32.67 37.84 43.82 50.75 58.77 68.06 78.82 91.28 105.7 122.4 141.8 164.2 190.1 220.2 255.0 295.3 342.0 396.1 458.7 531.2 615.1 712.4 825.0 955.4 1106 1281 1484 1718 1990 2305 2669 3091 3580 4145 4801 5560 6439 7456 8635 1.000e4
39	Size	10 POPC : 0 POPG 0.1 mg_ml C12E6 10 microM 3	24 February 2026 16:23:56	25.0	96.93	0.229	106.1	4468	0.000	95.6	4.4	0.0	44.68	892.9	0.000	0.0 0.0 0.0 0.0 0.0 0.0 0.0 0.0 0.0 0.0 0.0 0.0 0.0 0.0 0.0 0.0 0.0 0.0 0.0 0.0 0.0 0.0 0.0 0.0 0.0 0.0 0.0 0.0 0.0 0.0 0.0 0.6 2.2 4.6 7.4 9.9 11.7 12.6 12.3 11.0 9.0 6.6 4.3 2.3 0.9 0.2 0.0 0.0 0.0 0.0 0.0 0.0 0.0 0.0 0.0 0.0 0.0 0.0 0.0 0.0 0.2 0.4 0.6 0.9 1.1 1.2 0.0 0.0 0.0 0.0	0.4000 0.4632 0.5365 0.6213 0.7195 0.8332 0.9649 1.117 1.294 1.499 1.736 2.010 2.328 2.696 3.122 3.615 4.187 4.849 5.615 6.503 7.531 8.721 10.10 11.70 13.54 15.69 18.17 21.04 24.36 28.21 32.67 37.84 43.82 50.75 58.77 68.06 78.82 91.28 105.7 122.4 141.8 164.2 190.1 220.2 255.0 295.3 342.0 396.1 458.7 531.2 615.1 712.4 825.0 955.4 1106 1281 1484 1718 1990 2305 2669 3091 3580 4145 4801 5560 6439 7456 8635 1.000e4
43	Size	10 POPC : 0 POPG 0.1 mg_ml DDAC 200 microM 1	26 February 2026 09:23:00	25.0	125.9	0.358	179.5	4950	0.000	97.9	2.1	0.0	115.6	636.3	0.000	0.0 0.0 0.0 0.0 0.0 0.0 0.0 0.0 0.0 0.0 0.0 0.0 0.0 0.0 0.0 0.0 0.0 0.0 0.0 0.0 0.0 0.0 0.0 0.0 0.0 0.0 0.0 0.0 0.0 0.0 0.5 1.7 3.1 4.3 4.9 5.2 5.2 5.3 5.5 6.1 6.7 7.4 7.8 7.8 7.4 6.5 5.2 3.7 2.3 1.1 0.4 0.0 0.0 0.0 0.0 0.0 0.0 0.0 0.0 0.0 0.0 0.0 0.1 0.4 0.7 0.9 0.0 0.0 0.0 0.0	0.4000 0.4632 0.5365 0.6213 0.7195 0.8332 0.9649 1.117 1.294 1.499 1.736 2.010 2.328 2.696 3.122 3.615 4.187 4.849 5.615 6.503 7.531 8.721 10.10 11.70 13.54 15.69 18.17 21.04 24.36 28.21 32.67 37.84 43.82 50.75 58.77 68.06 78.82 91.28 105.7 122.4 141.8 164.2 190.1 220.2 255.0 295.3 342.0 396.1 458.7 531.2 615.1 712.4 825.0 955.4 1106 1281 1484 1718 1990 2305 2669 3091 3580 4145 4801 5560 6439 7456 8635 1.000e4
44	Size	10 POPC : 0 POPG 0.1 mg_ml DDAC 200 microM 2	26 February 2026 09:25:42	25.0	124.8	0.371	286.7	79.22	0.000	59.0	41.0	0.0	146.5	25.01	0.000	0.0 0.0 0.0 0.0 0.0 0.0 0.0 0.0 0.0 0.0 0.0 0.0 0.0 0.0 0.0 0.0 0.0 0.0 0.0 0.0 0.0 0.0 0.0 0.0 0.0 0.0 0.0 0.0 0.0 0.0 0.0 1.1 2.8 4.4 5.6 6.2 6.2 5.9 5.6 5.4 5.5 5.7 6.0 6.3 6.4 6.2 5.7 4.9 3.9 2.9 1.8 1.0 0.4 0.1 0.0 0.0 0.0 0.0 0.0 0.0 0.0 0.0 0.0 0.0 0.0 0.0 0.0 0.0 0.0 0.0	0.4000 0.4632 0.5365 0.6213 0.7195 0.8332 0.9649 1.117 1.294 1.499 1.736 2.010 2.328 2.696 3.122 3.615 4.187 4.849 5.615 6.503 7.531 8.721 10.10 11.70 13.54 15.69 18.17 21.04 24.36 28.21 32.67 37.84 43.82 50.75 58.77 68.06 78.82 91.28 105.7 122.4 141.8 164.2 190.1 220.2 255.0 295.3 342.0 396.1 458.7 531.2 615.1 712.4 825.0 955.4 1106 1281 1484 1718 1990 2305 2669 3091 3580 4145 4801 5560 6439 7456 8635 1.000e4
45	Size	10 POPC : 0 POPG 0.1 mg_ml DDAC 200 microM 3	26 February 2026 09:28:25	25.0	125.0	0.342	168.4	4590	0.000	96.7	3.3	0.0	103.1	834.1	0.000	0.0 0.0 0.0 0.0 0.0 0.0 0.0 0.0 0.0 0.0 0.0 0.0 0.0 0.0 0.0 0.0 0.0 0.0 0.0 0.0 0.0 0.0 0.0 0.0 0.0 0.0 0.0 0.0 0.1 0.5 1.2 1.8 2.4 2.9 3.4 4.2 5.0 6.0 7.0 7.9 8.5 8.6 8.4 7.7 6.6 5.3 4.0 2.6 1.5 0.7 0.2 0.0 0.0 0.0 0.0 0.0 0.0 0.0 0.0 0.0 0.1 0.2 0.4 0.7 0.9 1.0 0.0 0.0 0.0 0.0	0.4000 0.4632 0.5365 0.6213 0.7195 0.8332 0.9649 1.117 1.294 1.499 1.736 2.010 2.328 2.696 3.122 3.615 4.187 4.849 5.615 6.503 7.531 8.721 10.10 11.70 13.54 15.69 18.17 21.04 24.36 28.21 32.67 37.84 43.82 50.75 58.77 68.06 78.82 91.28 105.7 122.4 141.8 164.2 190.1 220.2 255.0 295.3 342.0 396.1 458.7 531.2 615.1 712.4 825.0 955.4 1106 1281 1484 1718 1990 2305 2669 3091 3580 4145 4801 5560 6439 7456 8635 1.000e4
49	Size	10 POPC : 0 POPG 0.1 mg_ml DDAC 100 microM 1	26 February 2026 09:40:42	25.0	93.43	0.228	114.1	0.000	0.000	100.0	0.0	0.0	55.44	0.000	0.000	0.0 0.0 0.0 0.0 0.0 0.0 0.0 0.0 0.0 0.0 0.0 0.0 0.0 0.0 0.0 0.0 0.0 0.0 0.0 0.0 0.0 0.0 0.0 0.0 0.0 0.0 0.0 0.0 0.3 0.9 1.5 2.3 3.2 4.4 5.8 7.5 9.1 10.4 11.1 11.1 10.2 8.5 6.4 4.2 2.2 0.8 0.1 0.0 0.0 0.0 0.0 0.0 0.0 0.0 0.0 0.0 0.0 0.0 0.0 0.0 0.0 0.0 0.0 0.0 0.0 0.0 0.0 0.0 0.0 0.0	0.4000 0.4632 0.5365 0.6213 0.7195 0.8332 0.9649 1.117 1.294 1.499 1.736 2.010 2.328 2.696 3.122 3.615 4.187 4.849 5.615 6.503 7.531 8.721 10.10 11.70 13.54 15.69 18.17 21.04 24.36 28.21 32.67 37.84 43.82 50.75 58.77 68.06 78.82 91.28 105.7 122.4 141.8 164.2 190.1 220.2 255.0 295.3 342.0 396.1 458.7 531.2 615.1 712.4 825.0 955.4 1106 1281 1484 1718 1990 2305 2669 3091 3580 4145 4801 5560 6439 7456 8635 1.000e4
50	Size	10 POPC : 0 POPG 0.1 mg_ml DDAC 100 microM 2	26 February 2026 09:42:54	25.0	89.79	0.220	109.6	3995	0.000	97.5	2.5	0.0	58.52	1083	0.000	0.0 0.0 0.0 0.0 0.0 0.0 0.0 0.0 0.0 0.0 0.0 0.0 0.0 0.0 0.0 0.0 0.0 0.0 0.0 0.0 0.0 0.0 0.0 0.0 0.0 0.0 0.0 0.0 0.0 0.0 0.7 2.1 4.1 6.2 8.1 9.5 10.4 10.6 10.1 9.2 7.9 6.4 4.9 3.4 2.2 1.2 0.5 0.1 0.0 0.0 0.0 0.0 0.0 0.0 0.0 0.0 0.0 0.0 0.1 0.1 0.2 0.3 0.4 0.4 0.5 0.5 0.0 0.0 0.0 0.0	0.4000 0.4632 0.5365 0.6213 0.7195 0.8332 0.9649 1.117 1.294 1.499 1.736 2.010 2.328 2.696 3.122 3.615 4.187 4.849 5.615 6.503 7.531 8.721 10.10 11.70 13.54 15.69 18.17 21.04 24.36 28.21 32.67 37.84 43.82 50.75 58.77 68.06 78.82 91.28 105.7 122.4 141.8 164.2 190.1 220.2 255.0 295.3 342.0 396.1 458.7 531.2 615.1 712.4 825.0 955.4 1106 1281 1484 1718 1990 2305 2669 3091 3580 4145 4801 5560 6439 7456 8635 1.000e4
51	Size	10 POPC : 0 POPG 0.1 mg_ml DDAC 100 microM 3	26 February 2026 09:45:07	25.0	91.72	0.214	120.5	0.000	0.000	100.0	0.0	0.0	64.87	0.000	0.000	0.0 0.0 0.0 0.0 0.0 0.0 0.0 0.0 0.0 0.0 0.0 0.0 0.0 0.0 0.0 0.0 0.0 0.0 0.0 0.0 0.0 0.0 0.0 0.0 0.0 0.0 0.0 0.0 0.2 0.8 1.7 2.6 3.6 4.7 5.9 7.1 8.3 9.2 9.9 9.9 9.5 8.4 6.9 5.1 3.4 1.8 0.7 0.1 0.0 0.0 0.0 0.0 0.0 0.0 0.0 0.0 0.0 0.0 0.0 0.0 0.0 0.0 0.0 0.0 0.0 0.0 0.0 0.0 0.0 0.0	0.4000 0.4632 0.5365 0.6213 0.7195 0.8332 0.9649 1.117 1.294 1.499 1.736 2.010 2.328 2.696 3.122 3.615 4.187 4.849 5.615 6.503 7.531 8.721 10.10 11.70 13.54 15.69 18.17 21.04 24.36 28.21 32.67 37.84 43.82 50.75 58.77 68.06 78.82 91.28 105.7 122.4 141.8 164.2 190.1 220.2 255.0 295.3 342.0 396.1 458.7 531.2 615.1 712.4 825.0 955.4 1106 1281 1484 1718 1990 2305 2669 3091 3580 4145 4801 5560 6439 7456 8635 1.000e4
55	Size	10 POPC : 0 POPG 0.1 mg_ml DDAC 50 microM 1	26 February 2026 09:54:24	25.0	105.5	0.269	123.7	30.08	0.000	94.6	5.4	0.0	50.17	5.454	0.000	0.0 0.0 0.0 0.0 0.0 0.0 0.0 0.0 0.0 0.0 0.0 0.0 0.0 0.0 0.0 0.0 0.0 0.0 0.0 0.0 0.0 0.0 0.0 0.0 0.0 0.0 0.0 0.5 1.1 1.4 1.3 1.2 1.4 2.2 3.7 5.9 8.4 10.8 12.4 12.9 12.1 10.2 7.4 4.5 2.0 0.5 0.0 0.0 0.0 0.0 0.0 0.0 0.0 0.0 0.0 0.0 0.0 0.0 0.0 0.0 0.0 0.0 0.0 0.0 0.0 0.0 0.0 0.0 0.0 0.0	0.4000 0.4632 0.5365 0.6213 0.7195 0.8332 0.9649 1.117 1.294 1.499 1.736 2.010 2.328 2.696 3.122 3.615 4.187 4.849 5.615 6.503 7.531 8.721 10.10 11.70 13.54 15.69 18.17 21.04 24.36 28.21 32.67 37.84 43.82 50.75 58.77 68.06 78.82 91.28 105.7 122.4 141.8 164.2 190.1 220.2 255.0 295.3 342.0 396.1 458.7 531.2 615.1 712.4 825.0 955.4 1106 1281 1484 1718 1990 2305 2669 3091 3580 4145 4801 5560 6439 7456 8635 1.000e4
56	Size	10 POPC : 0 POPG 0.1 mg_ml DDAC 50 microM 2	26 February 2026 09:56:26	25.0	102.7	0.260	120.8	5169	0.000	98.1	1.9	0.0	58.51	490.9	0.000	0.0 0.0 0.0 0.0 0.0 0.0 0.0 0.0 0.0 0.0 0.0 0.0 0.0 0.0 0.0 0.0 0.0 0.0 0.0 0.0 0.0 0.0 0.0 0.0 0.0 0.0 0.1 0.4 0.6 0.8 0.9 1.3 2.1 3.3 5.0 6.9 8.8 10.2 11.1 11.1 10.4 8.9 7.0 4.8 2.8 1.3 0.3 0.0 0.0 0.0 0.0 0.0 0.0 0.0 0.0 0.0 0.0 0.0 0.0 0.0 0.0 0.0 0.0 0.2 0.6 1.1 0.0 0.0 0.0 0.0	0.4000 0.4632 0.5365 0.6213 0.7195 0.8332 0.9649 1.117 1.294 1.499 1.736 2.010 2.328 2.696 3.122 3.615 4.187 4.849 5.615 6.503 7.531 8.721 10.10 11.70 13.54 15.69 18.17 21.04 24.36 28.21 32.67 37.84 43.82 50.75 58.77 68.06 78.82 91.28 105.7 122.4 141.8 164.2 190.1 220.2 255.0 295.3 342.0 396.1 458.7 531.2 615.1 712.4 825.0 955.4 1106 1281 1484 1718 1990 2305 2669 3091 3580 4145 4801 5560 6439 7456 8635 1.000e4
57	Size	10 POPC : 0 POPG 0.1 mg_ml DDAC 50 microM 3	26 February 2026 09:58:29	25.0	101.8	0.260	117.8	5286	0.000	98.6	1.4	0.0	54.83	413.9	0.000	0.0 0.0 0.0 0.0 0.0 0.0 0.0 0.0 0.0 0.0 0.0 0.0 0.0 0.0 0.0 0.0 0.0 0.0 0.0 0.0 0.0 0.0 0.0 0.0 0.0 0.0 0.3 0.5 0.7 0.7 0.8 1.2 2.0 3.3 5.0 7.0 9.0 10.6 11.6 11.6 10.8 9.1 6.8 4.4 2.3 0.8 0.1 0.0 0.0 0.0 0.0 0.0 0.0 0.0 0.0 0.0 0.0 0.0 0.0 0.0 0.0 0.0 0.0 0.1 0.4 1.0 0.0 0.0 0.0 0.0	0.4000 0.4632 0.5365 0.6213 0.7195 0.8332 0.9649 1.117 1.294 1.499 1.736 2.010 2.328 2.696 3.122 3.615 4.187 4.849 5.615 6.503 7.531 8.721 10.10 11.70 13.54 15.69 18.17 21.04 24.36 28.21 32.67 37.84 43.82 50.75 58.77 68.06 78.82 91.28 105.7 122.4 141.8 164.2 190.1 220.2 255.0 295.3 342.0 396.1 458.7 531.2 615.1 712.4 825.0 955.4 1106 1281 1484 1718 1990 2305 2669 3091 3580 4145 4801 5560 6439 7456 8635 1.000e4
61	Size	10 POPC : 0 POPG 0.1 mg_ml DDAC 20 microM 1	26 February 2026 10:08:03	25.0	108.7	0.347	138.6	4947	0.000	96.6	3.4	0.0	85.88	641.7	0.000	0.0 0.0 0.0 0.0 0.0 0.0 0.0 0.0 0.0 0.0 0.0 0.0 0.0 0.0 0.0 0.0 0.0 0.0 0.0 0.0 0.0 0.0 0.0 0.0 0.0 0.0 0.0 0.0 0.1 0.4 1.1 2.0 3.1 4.3 5.5 6.6 7.5 8.2 8.6 8.6 8.2 7.6 6.7 5.7 4.5 3.4 2.3 1.4 0.6 0.2 0.0 0.0 0.0 0.0 0.0 0.0 0.0 0.0 0.0 0.0 0.0 0.0 0.2 0.6 1.1 1.5 0.0 0.0 0.0 0.0	0.4000 0.4632 0.5365 0.6213 0.7195 0.8332 0.9649 1.117 1.294 1.499 1.736 2.010 2.328 2.696 3.122 3.615 4.187 4.849 5.615 6.503 7.531 8.721 10.10 11.70 13.54 15.69 18.17 21.04 24.36 28.21 32.67 37.84 43.82 50.75 58.77 68.06 78.82 91.28 105.7 122.4 141.8 164.2 190.1 220.2 255.0 295.3 342.0 396.1 458.7 531.2 615.1 712.4 825.0 955.4 1106 1281 1484 1718 1990 2305 2669 3091 3580 4145 4801 5560 6439 7456 8635 1.000e4
62	Size	10 POPC : 0 POPG 0.1 mg_ml DDAC 20 microM 2	26 February 2026 10:10:15	25.0	104.1	0.288	139.0	4637	0.000	96.8	3.2	0.0	93.70	814.4	0.000	0.0 0.0 0.0 0.0 0.0 0.0 0.0 0.0 0.0 0.0 0.0 0.0 0.0 0.0 0.0 0.0 0.0 0.0 0.0 0.0 0.0 0.0 0.0 0.0 0.0 0.0 0.0 0.0 0.0 0.3 1.1 2.4 3.8 5.1 6.3 7.1 7.7 8.0 8.0 7.8 7.4 6.8 6.1 5.3 4.4 3.5 2.5 1.7 0.9 0.4 0.1 0.0 0.0 0.0 0.0 0.0 0.0 0.0 0.0 0.0 0.0 0.2 0.4 0.6 0.9 1.0 0.0 0.0 0.0 0.0	0.4000 0.4632 0.5365 0.6213 0.7195 0.8332 0.9649 1.117 1.294 1.499 1.736 2.010 2.328 2.696 3.122 3.615 4.187 4.849 5.615 6.503 7.531 8.721 10.10 11.70 13.54 15.69 18.17 21.04 24.36 28.21 32.67 37.84 43.82 50.75 58.77 68.06 78.82 91.28 105.7 122.4 141.8 164.2 190.1 220.2 255.0 295.3 342.0 396.1 458.7 531.2 615.1 712.4 825.0 955.4 1106 1281 1484 1718 1990 2305 2669 3091 3580 4145 4801 5560 6439 7456 8635 1.000e4
63	Size	10 POPC : 0 POPG 0.1 mg_ml DDAC 20 microM 3	26 February 2026 10:12:28	25.0	105.1	0.349	129.6	4893	0.000	95.9	4.1	0.0	76.66	678.9	0.000	0.0 0.0 0.0 0.0 0.0 0.0 0.0 0.0 0.0 0.0 0.0 0.0 0.0 0.0 0.0 0.0 0.0 0.0 0.0 0.0 0.0 0.0 0.0 0.0 0.0 0.0 0.0 0.0 0.1 0.5 1.2 2.2 3.3 4.6 5.8 7.0 7.9 8.5 8.8 8.8 8.3 7.6 6.5 5.3 4.0 2.7 1.6 0.8 0.3 0.0 0.0 0.0 0.0 0.0 0.0 0.0 0.0 0.0 0.0 0.0 0.0 0.1 0.3 0.7 1.3 1.7 0.0 0.0 0.0 0.0	0.4000 0.4632 0.5365 0.6213 0.7195 0.8332 0.9649 1.117 1.294 1.499 1.736 2.010 2.328 2.696 3.122 3.615 4.187 4.849 5.615 6.503 7.531 8.721 10.10 11.70 13.54 15.69 18.17 21.04 24.36 28.21 32.67 37.84 43.82 50.75 58.77 68.06 78.82 91.28 105.7 122.4 141.8 164.2 190.1 220.2 255.0 295.3 342.0 396.1 458.7 531.2 615.1 712.4 825.0 955.4 1106 1281 1484 1718 1990 2305 2669 3091 3580 4145 4801 5560 6439 7456 8635 1.000e4
67	Size	10 POPC : 0 POPG 0.1 mg_ml DDAC 10 microM 1	26 February 2026 10:20:07	25.0	96.07	0.209	108.8	5275	0.000	98.9	1.1	0.0	46.84	423.1	0.000	0.0 0.0 0.0 0.0 0.0 0.0 0.0 0.0 0.0 0.0 0.0 0.0 0.0 0.0 0.0 0.0 0.0 0.0 0.0 0.0 0.0 0.0 0.0 0.0 0.0 0.0 0.0 0.0 0.0 0.0 0.3 1.2 2.6 4.6 6.9 9.1 11.0 12.2 12.4 11.6 10.0 7.7 5.2 2.8 1.1 0.2 0.0 0.0 0.0 0.0 0.0 0.0 0.0 0.0 0.0 0.0 0.0 0.0 0.0 0.0 0.0 0.0 0.0 0.1 0.3 0.7 0.0 0.0 0.0 0.0	0.4000 0.4632 0.5365 0.6213 0.7195 0.8332 0.9649 1.117 1.294 1.499 1.736 2.010 2.328 2.696 3.122 3.615 4.187 4.849 5.615 6.503 7.531 8.721 10.10 11.70 13.54 15.69 18.17 21.04 24.36 28.21 32.67 37.84 43.82 50.75 58.77 68.06 78.82 91.28 105.7 122.4 141.8 164.2 190.1 220.2 255.0 295.3 342.0 396.1 458.7 531.2 615.1 712.4 825.0 955.4 1106 1281 1484 1718 1990 2305 2669 3091 3580 4145 4801 5560 6439 7456 8635 1.000e4
68	Size	10 POPC : 0 POPG 0.1 mg_ml DDAC 10 microM 2	26 February 2026 10:22:19	25.0	97.17	0.235	110.6	4738	0.000	96.7	3.3	0.0	52.92	763.5	0.000	0.0 0.0 0.0 0.0 0.0 0.0 0.0 0.0 0.0 0.0 0.0 0.0 0.0 0.0 0.0 0.0 0.0 0.0 0.0 0.0 0.0 0.0 0.0 0.0 0.0 0.0 0.0 0.0 0.0 0.0 0.1 1.1 2.9 5.2 7.5 9.4 10.8 11.4 11.1 10.2 8.7 7.0 5.1 3.3 1.9 0.8 0.2 0.0 0.0 0.0 0.0 0.0 0.0 0.0 0.0 0.0 0.0 0.0 0.0 0.0 0.0 0.1 0.3 0.6 0.9 1.2 0.0 0.0 0.0 0.0	0.4000 0.4632 0.5365 0.6213 0.7195 0.8332 0.9649 1.117 1.294 1.499 1.736 2.010 2.328 2.696 3.122 3.615 4.187 4.849 5.615 6.503 7.531 8.721 10.10 11.70 13.54 15.69 18.17 21.04 24.36 28.21 32.67 37.84 43.82 50.75 58.77 68.06 78.82 91.28 105.7 122.4 141.8 164.2 190.1 220.2 255.0 295.3 342.0 396.1 458.7 531.2 615.1 712.4 825.0 955.4 1106 1281 1484 1718 1990 2305 2669 3091 3580 4145 4801 5560 6439 7456 8635 1.000e4
69	Size	10 POPC : 0 POPG 0.1 mg_ml DDAC 10 microM 3	26 February 2026 10:24:32	25.0	97.30	0.248	116.6	5003	0.000	98.0	2.0	0.0	61.28	607.9	0.000	0.0 0.0 0.0 0.0 0.0 0.0 0.0 0.0 0.0 0.0 0.0 0.0 0.0 0.0 0.0 0.0 0.0 0.0 0.0 0.0 0.0 0.0 0.0 0.0 0.0 0.0 0.0 0.0 0.0 0.0 0.5 1.7 3.4 5.3 7.1 8.6 9.7 10.2 10.2 9.7 8.7 7.4 5.9 4.3 2.8 1.5 0.6 0.1 0.0 0.0 0.0 0.0 0.0 0.0 0.0 0.0 0.0 0.0 0.0 0.0 0.0 0.0 0.1 0.3 0.7 1.0 0.0 0.0 0.0 0.0	0.4000 0.4632 0.5365 0.6213 0.7195 0.8332 0.9649 1.117 1.294 1.499 1.736 2.010 2.328 2.696 3.122 3.615 4.187 4.849 5.615 6.503 7.531 8.721 10.10 11.70 13.54 15.69 18.17 21.04 24.36 28.21 32.67 37.84 43.82 50.75 58.77 68.06 78.82 91.28 105.7 122.4 141.8 164.2 190.1 220.2 255.0 295.3 342.0 396.1 458.7 531.2 615.1 712.4 825.0 955.4 1106 1281 1484 1718 1990 2305 2669 3091 3580 4145 4801 5560 6439 7456 8635 1.000e4
73	Size	10 POPC : 0 POPG 0.1 mg_ml TX100 200 microM 1	26 February 2026 11:19:41	25.0	1640	1.000	7.506	41.04	0.000	62.0	38.0	0.0	0.7965	2.983	0.000	0.0 0.0 0.0 0.0 0.0 0.0 0.0 0.0 0.0 0.0 0.0 0.0 0.0 0.0 0.0 0.0 0.0 0.0 0.0 18.1 29.6 14.3 0.0 0.0 0.0 0.0 0.0 0.0 0.0 0.0 0.0 17.6 20.3 0.0 0.0 0.0 0.0 0.0 0.0 0.0 0.0 0.0 0.0 0.0 0.0 0.0 0.0 0.0 0.0 0.0 0.0 0.0 0.0 0.0 0.0 0.0 0.0 0.0 0.0 0.0 0.0 0.0 0.0 0.0 0.0 0.0 0.0 0.0 0.0 0.0	0.4000 0.4632 0.5365 0.6213 0.7195 0.8332 0.9649 1.117 1.294 1.499 1.736 2.010 2.328 2.696 3.122 3.615 4.187 4.849 5.615 6.503 7.531 8.721 10.10 11.70 13.54 15.69 18.17 21.04 24.36 28.21 32.67 37.84 43.82 50.75 58.77 68.06 78.82 91.28 105.7 122.4 141.8 164.2 190.1 220.2 255.0 295.3 342.0 396.1 458.7 531.2 615.1 712.4 825.0 955.4 1106 1281 1484 1718 1990 2305 2669 3091 3580 4145 4801 5560 6439 7456 8635 1.000e4
74	Size	10 POPC : 0 POPG 0.1 mg_ml TX100 200 microM 2	26 February 2026 11:21:43	25.0	680.5	0.712	8.681	183.2	0.000	52.9	47.1	0.0	1.293	17.97	0.000	0.0 0.0 0.0 0.0 0.0 0.0 0.0 0.0 0.0 0.0 0.0 0.0 0.0 0.0 0.0 0.0 0.0 0.0 0.0 4.5 14.3 18.9 12.7 2.5 0.0 0.0 0.0 0.0 0.0 0.0 0.0 0.0 0.0 0.0 0.0 0.0 0.0 0.0 0.0 0.0 0.0 18.8 23.0 5.4 0.0 0.0 0.0 0.0 0.0 0.0 0.0 0.0 0.0 0.0 0.0 0.0 0.0 0.0 0.0 0.0 0.0 0.0 0.0 0.0 0.0 0.0 0.0 0.0 0.0 0.0	0.4000 0.4632 0.5365 0.6213 0.7195 0.8332 0.9649 1.117 1.294 1.499 1.736 2.010 2.328 2.696 3.122 3.615 4.187 4.849 5.615 6.503 7.531 8.721 10.10 11.70 13.54 15.69 18.17 21.04 24.36 28.21 32.67 37.84 43.82 50.75 58.77 68.06 78.82 91.28 105.7 122.4 141.8 164.2 190.1 220.2 255.0 295.3 342.0 396.1 458.7 531.2 615.1 712.4 825.0 955.4 1106 1281 1484 1718 1990 2305 2669 3091 3580 4145 4801 5560 6439 7456 8635 1.000e4
75	Size	10 POPC : 0 POPG 0.1 mg_ml TX100 200 microM 3	26 February 2026 11:23:45	25.0	1813	1.000	7.635	70.24	0.000	64.7	35.3	0.0	0.8137	5.550	0.000	0.0 0.0 0.0 0.0 0.0 0.0 0.0 0.0 0.0 0.0 0.0 0.0 0.0 0.0 0.0 0.0 0.0 0.0 0.0 15.6 30.0 19.1 0.0 0.0 0.0 0.0 0.0 0.0 0.0 0.0 0.0 0.0 0.0 0.0 2.3 23.9 9.1 0.0 0.0 0.0 0.0 0.0 0.0 0.0 0.0 0.0 0.0 0.0 0.0 0.0 0.0 0.0 0.0 0.0 0.0 0.0 0.0 0.0 0.0 0.0 0.0 0.0 0.0 0.0 0.0 0.0 0.0 0.0 0.0 0.0	0.4000 0.4632 0.5365 0.6213 0.7195 0.8332 0.9649 1.117 1.294 1.499 1.736 2.010 2.328 2.696 3.122 3.615 4.187 4.849 5.615 6.503 7.531 8.721 10.10 11.70 13.54 15.69 18.17 21.04 24.36 28.21 32.67 37.84 43.82 50.75 58.77 68.06 78.82 91.28 105.7 122.4 141.8 164.2 190.1 220.2 255.0 295.3 342.0 396.1 458.7 531.2 615.1 712.4 825.0 955.4 1106 1281 1484 1718 1990 2305 2669 3091 3580 4145 4801 5560 6439 7456 8635 1.000e4
79	Size	7 DMPC : 3 DMPG 0.1 mg_ml NONE 0 microM 1	26 February 2026 15:05:01	25.0	115.2	0.236	122.5	5161	0.000	97.4	2.6	0.0	51.10	498.5	0.000	0.0 0.0 0.0 0.0 0.0 0.0 0.0 0.0 0.0 0.0 0.0 0.0 0.0 0.0 0.0 0.0 0.0 0.0 0.0 0.0 0.0 0.0 0.0 0.0 0.0 0.0 0.0 0.0 0.0 0.0 0.0 0.0 0.0 1.6 4.5 7.9 10.9 12.8 13.3 12.7 11.0 8.8 6.4 4.1 2.3 1.0 0.2 0.0 0.0 0.0 0.0 0.0 0.0 0.0 0.0 0.0 0.0 0.0 0.0 0.0 0.0 0.0 0.0 0.3 0.8 1.5 0.0 0.0 0.0 0.0	0.4000 0.4632 0.5365 0.6213 0.7195 0.8332 0.9649 1.117 1.294 1.499 1.736 2.010 2.328 2.696 3.122 3.615 4.187 4.849 5.615 6.503 7.531 8.721 10.10 11.70 13.54 15.69 18.17 21.04 24.36 28.21 32.67 37.84 43.82 50.75 58.77 68.06 78.82 91.28 105.7 122.4 141.8 164.2 190.1 220.2 255.0 295.3 342.0 396.1 458.7 531.2 615.1 712.4 825.0 955.4 1106 1281 1484 1718 1990 2305 2669 3091 3580 4145 4801 5560 6439 7456 8635 1.000e4
80	Size	7 DMPC : 3 DMPG 0.1 mg_ml NONE 0 microM 2	26 February 2026 15:07:44	25.0	110.4	0.224	138.4	4966	0.000	98.8	1.2	0.0	79.40	628.5	0.000	0.0 0.0 0.0 0.0 0.0 0.0 0.0 0.0 0.0 0.0 0.0 0.0 0.0 0.0 0.0 0.0 0.0 0.0 0.0 0.0 0.0 0.0 0.0 0.0 0.0 0.0 0.0 0.0 0.0 0.0 0.0 0.2 1.4 3.3 5.6 7.7 9.3 10.2 10.4 10.0 9.2 8.1 6.8 5.5 4.2 3.0 2.0 1.1 0.6 0.2 0.0 0.0 0.0 0.0 0.0 0.0 0.0 0.0 0.0 0.0 0.0 0.0 0.1 0.2 0.4 0.5 0.0 0.0 0.0 0.0	0.4000 0.4632 0.5365 0.6213 0.7195 0.8332 0.9649 1.117 1.294 1.499 1.736 2.010 2.328 2.696 3.122 3.615 4.187 4.849 5.615 6.503 7.531 8.721 10.10 11.70 13.54 15.69 18.17 21.04 24.36 28.21 32.67 37.84 43.82 50.75 58.77 68.06 78.82 91.28 105.7 122.4 141.8 164.2 190.1 220.2 255.0 295.3 342.0 396.1 458.7 531.2 615.1 712.4 825.0 955.4 1106 1281 1484 1718 1990 2305 2669 3091 3580 4145 4801 5560 6439 7456 8635 1.000e4
81	Size	7 DMPC : 3 DMPG 0.1 mg_ml NONE 0 microM 3	26 February 2026 15:10:27	25.0	111.8	0.207	139.3	0.000	0.000	100.0	0.0	0.0	73.62	0.000	0.000	0.0 0.0 0.0 0.0 0.0 0.0 0.0 0.0 0.0 0.0 0.0 0.0 0.0 0.0 0.0 0.0 0.0 0.0 0.0 0.0 0.0 0.0 0.0 0.0 0.0 0.0 0.0 0.0 0.0 0.0 0.0 0.3 1.5 3.3 5.2 7.0 8.5 9.6 10.2 10.3 9.9 9.1 7.9 6.4 4.8 3.2 1.8 0.8 0.2 0.0 0.0 0.0 0.0 0.0 0.0 0.0 0.0 0.0 0.0 0.0 0.0 0.0 0.0 0.0 0.0 0.0 0.0 0.0 0.0 0.0	0.4000 0.4632 0.5365 0.6213 0.7195 0.8332 0.9649 1.117 1.294 1.499 1.736 2.010 2.328 2.696 3.122 3.615 4.187 4.849 5.615 6.503 7.531 8.721 10.10 11.70 13.54 15.69 18.17 21.04 24.36 28.21 32.67 37.84 43.82 50.75 58.77 68.06 78.82 91.28 105.7 122.4 141.8 164.2 190.1 220.2 255.0 295.3 342.0 396.1 458.7 531.2 615.1 712.4 825.0 955.4 1106 1281 1484 1718 1990 2305 2669 3091 3580 4145 4801 5560 6439 7456 8635 1.000e4
85	Size	7 DMPC : 3 DMPG 0.1 mg_ml DDAC 200 microM 1	26 February 2026 15:32:59	25.0	112.2	0.238	140.6	4850	0.000	98.6	1.4	0.0	72.78	698.8	0.000	0.0 0.0 0.0 0.0 0.0 0.0 0.0 0.0 0.0 0.0 0.0 0.0 0.0 0.0 0.0 0.0 0.0 0.0 0.0 0.0 0.0 0.0 0.0 0.0 0.0 0.0 0.0 0.0 0.0 0.3 0.9 1.5 2.2 3.1 4.1 5.3 6.8 8.2 9.5 10.3 10.4 9.9 8.7 7.0 5.1 3.2 1.7 0.6 0.1 0.0 0.0 0.0 0.0 0.0 0.0 0.0 0.0 0.0 0.0 0.0 0.0 0.0 0.1 0.3 0.4 0.5 0.0 0.0 0.0 0.0	0.4000 0.4632 0.5365 0.6213 0.7195 0.8332 0.9649 1.117 1.294 1.499 1.736 2.010 2.328 2.696 3.122 3.615 4.187 4.849 5.615 6.503 7.531 8.721 10.10 11.70 13.54 15.69 18.17 21.04 24.36 28.21 32.67 37.84 43.82 50.75 58.77 68.06 78.82 91.28 105.7 122.4 141.8 164.2 190.1 220.2 255.0 295.3 342.0 396.1 458.7 531.2 615.1 712.4 825.0 955.4 1106 1281 1484 1718 1990 2305 2669 3091 3580 4145 4801 5560 6439 7456 8635 1.000e4
86	Size	7 DMPC : 3 DMPG 0.1 mg_ml DDAC 200 microM 2	26 February 2026 15:35:22	25.0	110.1	0.231	129.2	4837	25.43	96.7	2.3	1.0	59.22	707.2	3.957	0.0 0.0 0.0 0.0 0.0 0.0 0.0 0.0 0.0 0.0 0.0 0.0 0.0 0.0 0.0 0.0 0.0 0.0 0.0 0.0 0.0 0.0 0.0 0.0 0.0 0.0 0.0 0.2 0.3 0.2 0.1 0.3 1.1 2.5 4.5 6.8 8.9 10.6 11.5 11.6 10.9 9.4 7.5 5.3 3.3 1.7 0.6 0.1 0.0 0.0 0.0 0.0 0.0 0.0 0.0 0.0 0.0 0.0 0.0 0.0 0.0 0.0 0.2 0.4 0.7 0.9 0.0 0.0 0.0 0.0	0.4000 0.4632 0.5365 0.6213 0.7195 0.8332 0.9649 1.117 1.294 1.499 1.736 2.010 2.328 2.696 3.122 3.615 4.187 4.849 5.615 6.503 7.531 8.721 10.10 11.70 13.54 15.69 18.17 21.04 24.36 28.21 32.67 37.84 43.82 50.75 58.77 68.06 78.82 91.28 105.7 122.4 141.8 164.2 190.1 220.2 255.0 295.3 342.0 396.1 458.7 531.2 615.1 712.4 825.0 955.4 1106 1281 1484 1718 1990 2305 2669 3091 3580 4145 4801 5560 6439 7456 8635 1.000e4
87	Size	7 DMPC : 3 DMPG 0.1 mg_ml DDAC 200 microM 3	26 February 2026 15:37:45	25.0	109.4	0.230	135.0	4667	0.000	98.2	1.8	0.0	70.57	797.5	0.000	0.0 0.0 0.0 0.0 0.0 0.0 0.0 0.0 0.0 0.0 0.0 0.0 0.0 0.0 0.0 0.0 0.0 0.0 0.0 0.0 0.0 0.0 0.0 0.0 0.0 0.0 0.0 0.0 0.0 0.0 0.0 0.6 1.7 3.3 5.2 7.0 8.6 9.8 10.4 10.4 9.9 8.8 7.4 5.8 4.2 2.7 1.5 0.6 0.2 0.0 0.0 0.0 0.0 0.0 0.0 0.0 0.0 0.0 0.0 0.0 0.0 0.1 0.2 0.4 0.5 0.6 0.0 0.0 0.0 0.0	0.4000 0.4632 0.5365 0.6213 0.7195 0.8332 0.9649 1.117 1.294 1.499 1.736 2.010 2.328 2.696 3.122 3.615 4.187 4.849 5.615 6.503 7.531 8.721 10.10 11.70 13.54 15.69 18.17 21.04 24.36 28.21 32.67 37.84 43.82 50.75 58.77 68.06 78.82 91.28 105.7 122.4 141.8 164.2 190.1 220.2 255.0 295.3 342.0 396.1 458.7 531.2 615.1 712.4 825.0 955.4 1106 1281 1484 1718 1990 2305 2669 3091 3580 4145 4801 5560 6439 7456 8635 1.000e4
91	Size	7 DMPC : 3 DMPG 0.1 mg_ml DDAC 100 microM 1	26 February 2026 15:53:32	25.0	104.7	0.220	130.1	21.66	4770	97.7	1.2	1.1	63.21	3.663	737.3	0.0 0.0 0.0 0.0 0.0 0.0 0.0 0.0 0.0 0.0 0.0 0.0 0.0 0.0 0.0 0.0 0.0 0.0 0.0 0.0 0.0 0.0 0.0 0.0 0.0 0.1 0.3 0.4 0.3 0.2 0.2 0.6 1.6 3.0 4.9 6.9 8.7 10.2 11.0 11.1 10.5 9.2 7.5 5.5 3.7 2.1 0.9 0.2 0.0 0.0 0.0 0.0 0.0 0.0 0.0 0.0 0.0 0.0 0.0 0.0 0.0 0.0 0.1 0.2 0.3 0.4 0.0 0.0 0.0 0.0	0.4000 0.4632 0.5365 0.6213 0.7195 0.8332 0.9649 1.117 1.294 1.499 1.736 2.010 2.328 2.696 3.122 3.615 4.187 4.849 5.615 6.503 7.531 8.721 10.10 11.70 13.54 15.69 18.17 21.04 24.36 28.21 32.67 37.84 43.82 50.75 58.77 68.06 78.82 91.28 105.7 122.4 141.8 164.2 190.1 220.2 255.0 295.3 342.0 396.1 458.7 531.2 615.1 712.4 825.0 955.4 1106 1281 1484 1718 1990 2305 2669 3091 3580 4145 4801 5560 6439 7456 8635 1.000e4
92	Size	7 DMPC : 3 DMPG 0.1 mg_ml DDAC 100 microM 2	26 February 2026 15:55:35	25.0	105.0	0.222	139.0	0.000	0.000	100.0	0.0	0.0	78.06	0.000	0.000	0.0 0.0 0.0 0.0 0.0 0.0 0.0 0.0 0.0 0.0 0.0 0.0 0.0 0.0 0.0 0.0 0.0 0.0 0.0 0.0 0.0 0.0 0.0 0.0 0.0 0.0 0.0 0.0 0.0 0.2 0.7 1.6 2.6 3.8 5.1 6.4 7.6 8.7 9.4 9.7 9.5 8.8 7.8 6.4 4.9 3.4 2.0 1.0 0.3 0.0 0.0 0.0 0.0 0.0 0.0 0.0 0.0 0.0 0.0 0.0 0.0 0.0 0.0 0.0 0.0 0.0 0.0 0.0 0.0 0.0	0.4000 0.4632 0.5365 0.6213 0.7195 0.8332 0.9649 1.117 1.294 1.499 1.736 2.010 2.328 2.696 3.122 3.615 4.187 4.849 5.615 6.503 7.531 8.721 10.10 11.70 13.54 15.69 18.17 21.04 24.36 28.21 32.67 37.84 43.82 50.75 58.77 68.06 78.82 91.28 105.7 122.4 141.8 164.2 190.1 220.2 255.0 295.3 342.0 396.1 458.7 531.2 615.1 712.4 825.0 955.4 1106 1281 1484 1718 1990 2305 2669 3091 3580 4145 4801 5560 6439 7456 8635 1.000e4
93	Size	7 DMPC : 3 DMPG 0.1 mg_ml DDAC 100 microM 3	26 February 2026 15:57:37	25.0	103.6	0.210	128.7	0.000	0.000	100.0	0.0	0.0	63.28	0.000	0.000	0.0 0.0 0.0 0.0 0.0 0.0 0.0 0.0 0.0 0.0 0.0 0.0 0.0 0.0 0.0 0.0 0.0 0.0 0.0 0.0 0.0 0.0 0.0 0.0 0.0 0.0 0.0 0.1 0.2 0.5 0.7 1.2 2.0 3.2 4.7 6.6 8.4 9.9 10.9 11.2 10.7 9.5 7.8 5.8 3.7 2.0 0.8 0.2 0.0 0.0 0.0 0.0 0.0 0.0 0.0 0.0 0.0 0.0 0.0 0.0 0.0 0.0 0.0 0.0 0.0 0.0 0.0 0.0 0.0 0.0	0.4000 0.4632 0.5365 0.6213 0.7195 0.8332 0.9649 1.117 1.294 1.499 1.736 2.010 2.328 2.696 3.122 3.615 4.187 4.849 5.615 6.503 7.531 8.721 10.10 11.70 13.54 15.69 18.17 21.04 24.36 28.21 32.67 37.84 43.82 50.75 58.77 68.06 78.82 91.28 105.7 122.4 141.8 164.2 190.1 220.2 255.0 295.3 342.0 396.1 458.7 531.2 615.1 712.4 825.0 955.4 1106 1281 1484 1718 1990 2305 2669 3091 3580 4145 4801 5560 6439 7456 8635 1.000e4
97	Size	7 DMPC : 3 DMPG 0.1 mg_ml DDAC 50 microM 1	26 February 2026 16:10:53	25.0	106.6	0.243	123.1	4654	0.000	96.3	3.7	0.0	62.13	807.0	0.000	0.0 0.0 0.0 0.0 0.0 0.0 0.0 0.0 0.0 0.0 0.0 0.0 0.0 0.0 0.0 0.0 0.0 0.0 0.0 0.0 0.0 0.0 0.0 0.0 0.0 0.0 0.0 0.0 0.0 0.0 0.0 0.8 2.3 4.2 6.2 8.0 9.4 10.3 10.6 10.2 9.4 8.0 6.4 4.7 3.1 1.7 0.8 0.2 0.0 0.0 0.0 0.0 0.0 0.0 0.0 0.0 0.0 0.0 0.0 0.0 0.0 0.2 0.4 0.7 1.0 1.2 0.0 0.0 0.0 0.0	0.4000 0.4632 0.5365 0.6213 0.7195 0.8332 0.9649 1.117 1.294 1.499 1.736 2.010 2.328 2.696 3.122 3.615 4.187 4.849 5.615 6.503 7.531 8.721 10.10 11.70 13.54 15.69 18.17 21.04 24.36 28.21 32.67 37.84 43.82 50.75 58.77 68.06 78.82 91.28 105.7 122.4 141.8 164.2 190.1 220.2 255.0 295.3 342.0 396.1 458.7 531.2 615.1 712.4 825.0 955.4 1106 1281 1484 1718 1990 2305 2669 3091 3580 4145 4801 5560 6439 7456 8635 1.000e4
98	Size	7 DMPC : 3 DMPG 0.1 mg_ml DDAC 50 microM 2	26 February 2026 16:13:36	25.0	105.4	0.247	120.9	4644	22.75	95.8	3.7	0.5	56.58	810.0	3.358	0.0 0.0 0.0 0.0 0.0 0.0 0.0 0.0 0.0 0.0 0.0 0.0 0.0 0.0 0.0 0.0 0.0 0.0 0.0 0.0 0.0 0.0 0.0 0.0 0.0 0.0 0.1 0.2 0.1 0.1 0.2 0.8 1.9 3.6 5.6 7.6 9.4 10.7 11.2 11.0 10.0 8.4 6.5 4.5 2.6 1.2 0.4 0.0 0.0 0.0 0.0 0.0 0.0 0.0 0.0 0.0 0.0 0.0 0.0 0.0 0.1 0.2 0.5 0.8 1.0 1.2 0.0 0.0 0.0 0.0	0.4000 0.4632 0.5365 0.6213 0.7195 0.8332 0.9649 1.117 1.294 1.499 1.736 2.010 2.328 2.696 3.122 3.615 4.187 4.849 5.615 6.503 7.531 8.721 10.10 11.70 13.54 15.69 18.17 21.04 24.36 28.21 32.67 37.84 43.82 50.75 58.77 68.06 78.82 91.28 105.7 122.4 141.8 164.2 190.1 220.2 255.0 295.3 342.0 396.1 458.7 531.2 615.1 712.4 825.0 955.4 1106 1281 1484 1718 1990 2305 2669 3091 3580 4145 4801 5560 6439 7456 8635 1.000e4
99	Size	7 DMPC : 3 DMPG 0.1 mg_ml DDAC 50 microM 3	26 February 2026 16:16:19	25.0	103.2	0.234	125.2	4600	0.000	97.8	2.2	0.0	63.32	827.9	0.000	0.0 0.0 0.0 0.0 0.0 0.0 0.0 0.0 0.0 0.0 0.0 0.0 0.0 0.0 0.0 0.0 0.0 0.0 0.0 0.0 0.0 0.0 0.0 0.0 0.0 0.0 0.0 0.0 0.0 0.1 0.6 1.3 2.5 3.9 5.5 7.2 8.8 10.0 10.6 10.6 9.9 8.6 7.0 5.1 3.4 1.9 0.8 0.2 0.0 0.0 0.0 0.0 0.0 0.0 0.0 0.0 0.0 0.0 0.0 0.0 0.0 0.1 0.3 0.4 0.6 0.7 0.0 0.0 0.0 0.0	0.4000 0.4632 0.5365 0.6213 0.7195 0.8332 0.9649 1.117 1.294 1.499 1.736 2.010 2.328 2.696 3.122 3.615 4.187 4.849 5.615 6.503 7.531 8.721 10.10 11.70 13.54 15.69 18.17 21.04 24.36 28.21 32.67 37.84 43.82 50.75 58.77 68.06 78.82 91.28 105.7 122.4 141.8 164.2 190.1 220.2 255.0 295.3 342.0 396.1 458.7 531.2 615.1 712.4 825.0 955.4 1106 1281 1484 1718 1990 2305 2669 3091 3580 4145 4801 5560 6439 7456 8635 1.000e4
103	Size	7 DMPC : 3 DMPG 0.1 mg_ml DDAC 20 microM 1	26 February 2026 16:32:43	25.0	148.1	0.361	193.3	5077	0.000	97.6	2.4	0.0	111.9	564.9	0.000	0.0 0.0 0.0 0.0 0.0 0.0 0.0 0.0 0.0 0.0 0.0 0.0 0.0 0.0 0.0 0.0 0.0 0.0 0.0 0.0 0.0 0.0 0.0 0.0 0.0 0.0 0.0 0.0 0.0 0.0 0.0 0.7 1.8 2.8 3.5 3.9 4.3 4.8 5.6 6.6 7.6 8.5 9.0 9.0 8.4 7.3 5.7 4.1 2.4 1.2 0.3 0.0 0.0 0.0 0.0 0.0 0.0 0.0 0.0 0.0 0.0 0.0 0.1 0.3 0.8 1.3 0.0 0.0 0.0 0.0	0.4000 0.4632 0.5365 0.6213 0.7195 0.8332 0.9649 1.117 1.294 1.499 1.736 2.010 2.328 2.696 3.122 3.615 4.187 4.849 5.615 6.503 7.531 8.721 10.10 11.70 13.54 15.69 18.17 21.04 24.36 28.21 32.67 37.84 43.82 50.75 58.77 68.06 78.82 91.28 105.7 122.4 141.8 164.2 190.1 220.2 255.0 295.3 342.0 396.1 458.7 531.2 615.1 712.4 825.0 955.4 1106 1281 1484 1718 1990 2305 2669 3091 3580 4145 4801 5560 6439 7456 8635 1.000e4
104	Size	7 DMPC : 3 DMPG 0.1 mg_ml DDAC 20 microM 2	26 February 2026 16:35:36	25.0	145.6	0.335	180.7	4993	0.000	96.6	3.4	0.0	102.5	613.2	0.000	0.0 0.0 0.0 0.0 0.0 0.0 0.0 0.0 0.0 0.0 0.0 0.0 0.0 0.0 0.0 0.0 0.0 0.0 0.0 0.0 0.0 0.0 0.0 0.0 0.0 0.0 0.0 0.0 0.0 0.0 0.0 0.2 1.4 2.8 3.9 4.6 5.1 5.7 6.4 7.3 8.1 8.8 9.0 8.7 7.8 6.5 4.8 3.1 1.7 0.7 0.1 0.0 0.0 0.0 0.0 0.0 0.0 0.0 0.0 0.0 0.0 0.0 0.2 0.5 1.1 1.6 0.0 0.0 0.0 0.0	0.4000 0.4632 0.5365 0.6213 0.7195 0.8332 0.9649 1.117 1.294 1.499 1.736 2.010 2.328 2.696 3.122 3.615 4.187 4.849 5.615 6.503 7.531 8.721 10.10 11.70 13.54 15.69 18.17 21.04 24.36 28.21 32.67 37.84 43.82 50.75 58.77 68.06 78.82 91.28 105.7 122.4 141.8 164.2 190.1 220.2 255.0 295.3 342.0 396.1 458.7 531.2 615.1 712.4 825.0 955.4 1106 1281 1484 1718 1990 2305 2669 3091 3580 4145 4801 5560 6439 7456 8635 1.000e4
105	Size	7 DMPC : 3 DMPG 0.1 mg_ml DDAC 20 microM 3	26 February 2026 16:38:29	25.0	142.0	0.373	230.6	4625	0.000	97.2	2.8	0.0	207.3	822.1	0.000	0.0 0.0 0.0 0.0 0.0 0.0 0.0 0.0 0.0 0.0 0.0 0.0 0.0 0.0 0.0 0.0 0.0 0.0 0.0 0.0 0.0 0.0 0.0 0.0 0.0 0.0 0.0 0.0 0.0 0.0 0.0 0.1 0.8 2.3 4.0 5.6 6.8 7.5 7.7 7.4 6.9 6.3 5.7 5.2 4.7 4.4 4.0 3.7 3.4 3.0 2.5 2.0 1.4 0.9 0.5 0.2 0.1 0.0 0.0 0.0 0.0 0.2 0.3 0.6 0.8 0.9 0.0 0.0 0.0 0.0	0.4000 0.4632 0.5365 0.6213 0.7195 0.8332 0.9649 1.117 1.294 1.499 1.736 2.010 2.328 2.696 3.122 3.615 4.187 4.849 5.615 6.503 7.531 8.721 10.10 11.70 13.54 15.69 18.17 21.04 24.36 28.21 32.67 37.84 43.82 50.75 58.77 68.06 78.82 91.28 105.7 122.4 141.8 164.2 190.1 220.2 255.0 295.3 342.0 396.1 458.7 531.2 615.1 712.4 825.0 955.4 1106 1281 1484 1718 1990 2305 2669 3091 3580 4145 4801 5560 6439 7456 8635 1.000e4
109	Size	7 DMPC : 3 DMPG 0.1 mg_ml DDAC 10 microM 1	26 February 2026 16:46:52	25.0	144.3	0.347	205.6	4946	0.000	98.3	1.7	0.0	133.3	641.8	0.000	0.0 0.0 0.0 0.0 0.0 0.0 0.0 0.0 0.0 0.0 0.0 0.0 0.0 0.0 0.0 0.0 0.0 0.0 0.0 0.0 0.0 0.0 0.0 0.0 0.0 0.0 0.0 0.0 0.0 0.0 0.0 0.5 1.6 2.9 3.9 4.6 5.0 5.4 5.7 6.2 6.8 7.4 7.8 7.9 7.6 7.0 6.0 4.7 3.4 2.2 1.2 0.5 0.1 0.0 0.0 0.0 0.0 0.0 0.0 0.0 0.0 0.0 0.1 0.3 0.5 0.8 0.0 0.0 0.0 0.0	0.4000 0.4632 0.5365 0.6213 0.7195 0.8332 0.9649 1.117 1.294 1.499 1.736 2.010 2.328 2.696 3.122 3.615 4.187 4.849 5.615 6.503 7.531 8.721 10.10 11.70 13.54 15.69 18.17 21.04 24.36 28.21 32.67 37.84 43.82 50.75 58.77 68.06 78.82 91.28 105.7 122.4 141.8 164.2 190.1 220.2 255.0 295.3 342.0 396.1 458.7 531.2 615.1 712.4 825.0 955.4 1106 1281 1484 1718 1990 2305 2669 3091 3580 4145 4801 5560 6439 7456 8635 1.000e4
110	Size	7 DMPC : 3 DMPG 0.1 mg_ml DDAC 10 microM 2	26 February 2026 16:49:46	25.0	142.5	0.357	110.4	343.3	5075	56.3	42.2	1.6	41.54	138.0	565.7	0.0 0.0 0.0 0.0 0.0 0.0 0.0 0.0 0.0 0.0 0.0 0.0 0.0 0.0 0.0 0.0 0.0 0.0 0.0 0.0 0.0 0.0 0.0 0.0 0.0 0.0 0.0 0.0 0.0 0.0 0.0 0.0 0.4 2.1 4.3 6.2 7.3 7.6 7.2 6.7 6.1 5.8 5.8 5.9 6.0 5.9 5.6 5.0 4.1 3.0 2.0 1.0 0.4 0.1 0.0 0.0 0.0 0.0 0.0 0.0 0.0 0.0 0.0 0.2 0.5 0.9 0.0 0.0 0.0 0.0	0.4000 0.4632 0.5365 0.6213 0.7195 0.8332 0.9649 1.117 1.294 1.499 1.736 2.010 2.328 2.696 3.122 3.615 4.187 4.849 5.615 6.503 7.531 8.721 10.10 11.70 13.54 15.69 18.17 21.04 24.36 28.21 32.67 37.84 43.82 50.75 58.77 68.06 78.82 91.28 105.7 122.4 141.8 164.2 190.1 220.2 255.0 295.3 342.0 396.1 458.7 531.2 615.1 712.4 825.0 955.4 1106 1281 1484 1718 1990 2305 2669 3091 3580 4145 4801 5560 6439 7456 8635 1.000e4
111	Size	7 DMPC : 3 DMPG 0.1 mg_ml DDAC 10 microM 3	26 February 2026 16:52:39	25.0	140.9	0.366	191.6	4956	0.000	97.3	2.7	0.0	121.9	635.0	0.000	0.0 0.0 0.0 0.0 0.0 0.0 0.0 0.0 0.0 0.0 0.0 0.0 0.0 0.0 0.0 0.0 0.0 0.0 0.0 0.0 0.0 0.0 0.0 0.0 0.0 0.0 0.0 0.2 0.2 0.3 0.4 0.7 1.3 2.2 3.2 4.2 5.2 6.1 6.8 7.4 7.8 8.0 7.9 7.6 7.1 6.2 5.2 4.0 2.7 1.6 0.8 0.2 0.0 0.0 0.0 0.0 0.0 0.0 0.0 0.0 0.0 0.0 0.2 0.5 0.9 1.2 0.0 0.0 0.0 0.0	0.4000 0.4632 0.5365 0.6213 0.7195 0.8332 0.9649 1.117 1.294 1.499 1.736 2.010 2.328 2.696 3.122 3.615 4.187 4.849 5.615 6.503 7.531 8.721 10.10 11.70 13.54 15.69 18.17 21.04 24.36 28.21 32.67 37.84 43.82 50.75 58.77 68.06 78.82 91.28 105.7 122.4 141.8 164.2 190.1 220.2 255.0 295.3 342.0 396.1 458.7 531.2 615.1 712.4 825.0 955.4 1106 1281 1484 1718 1990 2305 2669 3091 3580 4145 4801 5560 6439 7456 8635 1.000e4
115	Size	7 DMPC : 3 DMPG 0.1 mg_ml C12E6 200 microM 1	03 March 2026 10:07:02	25.0	102.2	0.239	124.7	4159	0.000	96.5	3.5	0.0	70.77	1026	0.000	0.0 0.0 0.0 0.0 0.0 0.0 0.0 0.0 0.0 0.0 0.0 0.0 0.0 0.0 0.0 0.0 0.0 0.0 0.0 0.0 0.0 0.0 0.0 0.0 0.0 0.0 0.0 0.0 0.0 0.0 0.0 0.9 2.7 4.9 6.9 8.5 9.6 10.1 9.9 9.3 8.4 7.2 5.9 4.5 3.3 2.2 1.3 0.6 0.2 0.0 0.0 0.0 0.0 0.0 0.0 0.0 0.0 0.0 0.1 0.1 0.3 0.4 0.5 0.7 0.7 0.7 0.0 0.0 0.0 0.0	0.4000 0.4632 0.5365 0.6213 0.7195 0.8332 0.9649 1.117 1.294 1.499 1.736 2.010 2.328 2.696 3.122 3.615 4.187 4.849 5.615 6.503 7.531 8.721 10.10 11.70 13.54 15.69 18.17 21.04 24.36 28.21 32.67 37.84 43.82 50.75 58.77 68.06 78.82 91.28 105.7 122.4 141.8 164.2 190.1 220.2 255.0 295.3 342.0 396.1 458.7 531.2 615.1 712.4 825.0 955.4 1106 1281 1484 1718 1990 2305 2669 3091 3580 4145 4801 5560 6439 7456 8635 1.000e4
116	Size	7 DMPC : 3 DMPG 0.1 mg_ml C12E6 200 microM 2	03 March 2026 10:09:14	25.0	103.6	0.261	132.0	5065	0.000	98.4	1.6	0.0	77.62	571.2	0.000	0.0 0.0 0.0 0.0 0.0 0.0 0.0 0.0 0.0 0.0 0.0 0.0 0.0 0.0 0.0 0.0 0.0 0.0 0.0 0.0 0.0 0.0 0.0 0.0 0.0 0.0 0.0 0.0 0.0 0.0 0.2 1.5 3.4 5.4 6.9 7.9 8.5 8.6 8.6 8.5 8.1 7.6 6.8 5.8 4.5 3.2 1.9 0.9 0.2 0.0 0.0 0.0 0.0 0.0 0.0 0.0 0.0 0.0 0.0 0.0 0.0 0.0 0.0 0.2 0.5 0.8 0.0 0.0 0.0 0.0	0.4000 0.4632 0.5365 0.6213 0.7195 0.8332 0.9649 1.117 1.294 1.499 1.736 2.010 2.328 2.696 3.122 3.615 4.187 4.849 5.615 6.503 7.531 8.721 10.10 11.70 13.54 15.69 18.17 21.04 24.36 28.21 32.67 37.84 43.82 50.75 58.77 68.06 78.82 91.28 105.7 122.4 141.8 164.2 190.1 220.2 255.0 295.3 342.0 396.1 458.7 531.2 615.1 712.4 825.0 955.4 1106 1281 1484 1718 1990 2305 2669 3091 3580 4145 4801 5560 6439 7456 8635 1.000e4
117	Size	7 DMPC : 3 DMPG 0.1 mg_ml C12E6 200 microM 3	03 March 2026 10:11:27	25.0	102.7	0.234	147.9	0.000	0.000	100.0	0.0	0.0	108.0	0.000	0.000	0.0 0.0 0.0 0.0 0.0 0.0 0.0 0.0 0.0 0.0 0.0 0.0 0.0 0.0 0.0 0.0 0.0 0.0 0.0 0.0 0.0 0.0 0.0 0.0 0.0 0.0 0.0 0.0 0.0 0.0 0.1 1.2 3.0 5.0 6.7 8.0 8.7 8.9 8.8 8.3 7.7 6.9 6.0 5.2 4.3 3.5 2.7 2.0 1.4 0.9 0.5 0.2 0.1 0.0 0.0 0.0 0.0 0.0 0.0 0.0 0.0 0.0 0.0 0.0 0.0 0.0 0.0 0.0 0.0 0.0	0.4000 0.4632 0.5365 0.6213 0.7195 0.8332 0.9649 1.117 1.294 1.499 1.736 2.010 2.328 2.696 3.122 3.615 4.187 4.849 5.615 6.503 7.531 8.721 10.10 11.70 13.54 15.69 18.17 21.04 24.36 28.21 32.67 37.84 43.82 50.75 58.77 68.06 78.82 91.28 105.7 122.4 141.8 164.2 190.1 220.2 255.0 295.3 342.0 396.1 458.7 531.2 615.1 712.4 825.0 955.4 1106 1281 1484 1718 1990 2305 2669 3091 3580 4145 4801 5560 6439 7456 8635 1.000e4
121	Size	7 DMPC : 3 DMPG 0.1 mg_ml C12E6 100 microM 1	03 March 2026 10:32:31	25.0	114.6	0.339	144.7	5088	0.000	97.3	2.7	0.0	88.64	557.9	0.000	0.0 0.0 0.0 0.0 0.0 0.0 0.0 0.0 0.0 0.0 0.0 0.0 0.0 0.0 0.0 0.0 0.0 0.0 0.0 0.0 0.0 0.0 0.0 0.0 0.0 0.0 0.0 0.0 0.0 0.0 0.0 0.9 2.7 4.6 6.3 7.3 7.9 8.2 8.2 8.0 7.8 7.5 7.0 6.2 5.2 4.0 2.8 1.6 0.7 0.2 0.0 0.0 0.0 0.0 0.0 0.0 0.0 0.0 0.0 0.0 0.0 0.0 0.1 0.4 0.9 1.4 0.0 0.0 0.0 0.0	0.4000 0.4632 0.5365 0.6213 0.7195 0.8332 0.9649 1.117 1.294 1.499 1.736 2.010 2.328 2.696 3.122 3.615 4.187 4.849 5.615 6.503 7.531 8.721 10.10 11.70 13.54 15.69 18.17 21.04 24.36 28.21 32.67 37.84 43.82 50.75 58.77 68.06 78.82 91.28 105.7 122.4 141.8 164.2 190.1 220.2 255.0 295.3 342.0 396.1 458.7 531.2 615.1 712.4 825.0 955.4 1106 1281 1484 1718 1990 2305 2669 3091 3580 4145 4801 5560 6439 7456 8635 1.000e4
122	Size	7 DMPC : 3 DMPG 0.1 mg_ml C12E6 100 microM 2	03 March 2026 10:34:39	25.0	114.1	0.322	139.0	4767	0.000	96.0	4.0	0.0	75.84	741.2	0.000	0.0 0.0 0.0 0.0 0.0 0.0 0.0 0.0 0.0 0.0 0.0 0.0 0.0 0.0 0.0 0.0 0.0 0.0 0.0 0.0 0.0 0.0 0.0 0.0 0.0 0.0 0.0 0.0 0.0 0.1 0.7 1.6 2.7 3.7 4.8 5.9 7.0 8.0 8.8 9.3 9.4 8.9 7.9 6.5 4.9 3.2 1.8 0.8 0.2 0.0 0.0 0.0 0.0 0.0 0.0 0.0 0.0 0.0 0.0 0.0 0.0 0.1 0.4 0.8 1.2 1.5 0.0 0.0 0.0 0.0	0.4000 0.4632 0.5365 0.6213 0.7195 0.8332 0.9649 1.117 1.294 1.499 1.736 2.010 2.328 2.696 3.122 3.615 4.187 4.849 5.615 6.503 7.531 8.721 10.10 11.70 13.54 15.69 18.17 21.04 24.36 28.21 32.67 37.84 43.82 50.75 58.77 68.06 78.82 91.28 105.7 122.4 141.8 164.2 190.1 220.2 255.0 295.3 342.0 396.1 458.7 531.2 615.1 712.4 825.0 955.4 1106 1281 1484 1718 1990 2305 2669 3091 3580 4145 4801 5560 6439 7456 8635 1.000e4
123	Size	7 DMPC : 3 DMPG 0.1 mg_ml C12E6 100 microM 3	03 March 2026 10:36:46	25.0	112.3	0.293	129.8	4021	0.000	93.7	6.3	0.0	66.72	1071	0.000	0.0 0.0 0.0 0.0 0.0 0.0 0.0 0.0 0.0 0.0 0.0 0.0 0.0 0.0 0.0 0.0 0.0 0.0 0.0 0.0 0.0 0.0 0.0 0.0 0.0 0.0 0.0 0.0 0.0 0.0 0.1 0.8 1.9 3.5 5.3 7.0 8.5 9.5 10.1 10.0 9.4 8.3 6.8 5.2 3.6 2.2 1.1 0.4 0.1 0.0 0.0 0.0 0.0 0.0 0.0 0.0 0.0 0.0 0.2 0.3 0.5 0.8 1.0 1.1 1.2 1.2 0.0 0.0 0.0 0.0	0.4000 0.4632 0.5365 0.6213 0.7195 0.8332 0.9649 1.117 1.294 1.499 1.736 2.010 2.328 2.696 3.122 3.615 4.187 4.849 5.615 6.503 7.531 8.721 10.10 11.70 13.54 15.69 18.17 21.04 24.36 28.21 32.67 37.84 43.82 50.75 58.77 68.06 78.82 91.28 105.7 122.4 141.8 164.2 190.1 220.2 255.0 295.3 342.0 396.1 458.7 531.2 615.1 712.4 825.0 955.4 1106 1281 1484 1718 1990 2305 2669 3091 3580 4145 4801 5560 6439 7456 8635 1.000e4
127	Size	7 DMPC : 3 DMPG 0.1 mg_ml C12E6 50 microM 1	03 March 2026 11:03:22	25.0	134.4	0.348	147.0	1457	4330	88.3	6.4	5.2	70.99	566.8	967.5	0.0 0.0 0.0 0.0 0.0 0.0 0.0 0.0 0.0 0.0 0.0 0.0 0.0 0.0 0.0 0.0 0.0 0.0 0.0 0.0 0.0 0.0 0.0 0.0 0.0 0.0 0.0 0.0 0.0 0.0 0.0 0.0 0.3 1.2 2.7 4.7 6.9 8.7 10.0 10.6 10.3 9.4 7.9 6.2 4.4 2.9 1.6 0.7 0.2 0.0 0.1 0.3 0.5 0.7 0.8 0.9 0.8 0.7 0.6 0.5 0.5 0.6 0.7 1.0 1.2 1.4 0.0 0.0 0.0 0.0	0.4000 0.4632 0.5365 0.6213 0.7195 0.8332 0.9649 1.117 1.294 1.499 1.736 2.010 2.328 2.696 3.122 3.615 4.187 4.849 5.615 6.503 7.531 8.721 10.10 11.70 13.54 15.69 18.17 21.04 24.36 28.21 32.67 37.84 43.82 50.75 58.77 68.06 78.82 91.28 105.7 122.4 141.8 164.2 190.1 220.2 255.0 295.3 342.0 396.1 458.7 531.2 615.1 712.4 825.0 955.4 1106 1281 1484 1718 1990 2305 2669 3091 3580 4145 4801 5560 6439 7456 8635 1.000e4
128	Size	7 DMPC : 3 DMPG 0.1 mg_ml C12E6 50 microM 2	03 March 2026 11:05:24	25.0	137.1	0.334	166.5	4496	34.11	90.8	5.4	3.8	80.73	887.1	6.225	0.0 0.0 0.0 0.0 0.0 0.0 0.0 0.0 0.0 0.0 0.0 0.0 0.0 0.0 0.0 0.0 0.0 0.0 0.0 0.0 0.0 0.0 0.0 0.0 0.0 0.0 0.0 0.0 0.4 0.8 1.0 0.9 0.7 0.9 1.7 3.1 4.9 6.9 8.7 10.0 10.6 10.4 9.5 8.1 6.4 4.5 2.8 1.5 0.6 0.1 0.0 0.0 0.0 0.0 0.0 0.0 0.0 0.0 0.0 0.0 0.2 0.4 0.8 1.1 1.4 1.6 0.0 0.0 0.0 0.0	0.4000 0.4632 0.5365 0.6213 0.7195 0.8332 0.9649 1.117 1.294 1.499 1.736 2.010 2.328 2.696 3.122 3.615 4.187 4.849 5.615 6.503 7.531 8.721 10.10 11.70 13.54 15.69 18.17 21.04 24.36 28.21 32.67 37.84 43.82 50.75 58.77 68.06 78.82 91.28 105.7 122.4 141.8 164.2 190.1 220.2 255.0 295.3 342.0 396.1 458.7 531.2 615.1 712.4 825.0 955.4 1106 1281 1484 1718 1990 2305 2669 3091 3580 4145 4801 5560 6439 7456 8635 1.000e4
129	Size	7 DMPC : 3 DMPG 0.1 mg_ml C12E6 50 microM 3	03 March 2026 11:07:26	25.0	136.4	0.379	201.7	4739	0.000	96.3	3.7	0.0	159.1	762.1	0.000	0.0 0.0 0.0 0.0 0.0 0.0 0.0 0.0 0.0 0.0 0.0 0.0 0.0 0.0 0.0 0.0 0.0 0.0 0.0 0.0 0.0 0.0 0.0 0.0 0.0 0.0 0.0 0.0 0.0 0.0 0.0 0.2 1.2 2.9 4.8 6.3 7.2 7.5 7.4 7.0 6.5 6.0 5.7 5.4 5.1 4.9 4.5 4.0 3.4 2.6 1.9 1.2 0.6 0.2 0.0 0.0 0.0 0.0 0.0 0.0 0.0 0.1 0.4 0.7 1.1 1.3 0.0 0.0 0.0 0.0	0.4000 0.4632 0.5365 0.6213 0.7195 0.8332 0.9649 1.117 1.294 1.499 1.736 2.010 2.328 2.696 3.122 3.615 4.187 4.849 5.615 6.503 7.531 8.721 10.10 11.70 13.54 15.69 18.17 21.04 24.36 28.21 32.67 37.84 43.82 50.75 58.77 68.06 78.82 91.28 105.7 122.4 141.8 164.2 190.1 220.2 255.0 295.3 342.0 396.1 458.7 531.2 615.1 712.4 825.0 955.4 1106 1281 1484 1718 1990 2305 2669 3091 3580 4145 4801 5560 6439 7456 8635 1.000e4
133	Size	7 DMPC : 3 DMPG 0.1 mg_ml C12E6 20 microM 1	03 March 2026 11:24:10	25.0	169.2	0.478	238.2	67.33	5560	77.8	21.2	1.0	105.3	15.76	0.000	0.0 0.0 0.0 0.0 0.0 0.0 0.0 0.0 0.0 0.0 0.0 0.0 0.0 0.0 0.0 0.0 0.0 0.0 0.0 0.0 0.0 0.0 0.0 0.0 0.0 0.0 0.0 0.0 0.0 0.0 0.0 0.5 1.8 3.2 4.1 4.3 4.1 4.0 4.2 4.9 6.1 7.5 8.8 9.6 9.6 8.9 7.3 5.3 3.1 1.3 0.3 0.0 0.0 0.0 0.0 0.0 0.0 0.0 0.0 0.0 0.0 0.0 0.0 0.0 0.0 1.0 0.0 0.0 0.0 0.0	0.4000 0.4632 0.5365 0.6213 0.7195 0.8332 0.9649 1.117 1.294 1.499 1.736 2.010 2.328 2.696 3.122 3.615 4.187 4.849 5.615 6.503 7.531 8.721 10.10 11.70 13.54 15.69 18.17 21.04 24.36 28.21 32.67 37.84 43.82 50.75 58.77 68.06 78.82 91.28 105.7 122.4 141.8 164.2 190.1 220.2 255.0 295.3 342.0 396.1 458.7 531.2 615.1 712.4 825.0 955.4 1106 1281 1484 1718 1990 2305 2669 3091 3580 4145 4801 5560 6439 7456 8635 1.000e4
134	Size	7 DMPC : 3 DMPG 0.1 mg_ml C12E6 20 microM 2	03 March 2026 11:27:03	25.0	162.7	0.476	261.3	77.73	0.000	67.0	33.0	0.0	88.97	21.72	0.000	0.0 0.0 0.0 0.0 0.0 0.0 0.0 0.0 0.0 0.0 0.0 0.0 0.0 0.0 0.0 0.0 0.0 0.0 0.0 0.0 0.0 0.0 0.0 0.0 0.0 0.0 0.0 0.0 0.0 0.0 0.0 0.0 1.1 3.5 5.6 6.6 6.1 4.7 3.4 3.0 3.8 5.7 8.0 10.0 10.9 10.3 8.4 5.5 2.7 0.7 0.0 0.0 0.0 0.0 0.0 0.0 0.0 0.0 0.0 0.0 0.0 0.0 0.0 0.0 0.0 0.0 0.0 0.0 0.0 0.0	0.4000 0.4632 0.5365 0.6213 0.7195 0.8332 0.9649 1.117 1.294 1.499 1.736 2.010 2.328 2.696 3.122 3.615 4.187 4.849 5.615 6.503 7.531 8.721 10.10 11.70 13.54 15.69 18.17 21.04 24.36 28.21 32.67 37.84 43.82 50.75 58.77 68.06 78.82 91.28 105.7 122.4 141.8 164.2 190.1 220.2 255.0 295.3 342.0 396.1 458.7 531.2 615.1 712.4 825.0 955.4 1106 1281 1484 1718 1990 2305 2669 3091 3580 4145 4801 5560 6439 7456 8635 1.000e4
135	Size	7 DMPC : 3 DMPG 0.1 mg_ml C12E6 20 microM 3	03 March 2026 11:29:56	25.0	157.3	0.491	278.1	84.31	5183	61.1	35.3	3.6	135.0	24.04	484.4	0.0 0.0 0.0 0.0 0.0 0.0 0.0 0.0 0.0 0.0 0.0 0.0 0.0 0.0 0.0 0.0 0.0 0.0 0.0 0.0 0.0 0.0 0.0 0.0 0.0 0.0 0.0 0.0 0.0 0.0 0.0 0.2 1.3 2.8 4.3 5.3 5.8 5.9 5.8 5.8 5.8 6.1 6.4 6.6 6.8 6.6 6.1 5.2 4.0 2.8 1.6 0.7 0.2 0.0 0.0 0.0 0.0 0.0 0.0 0.0 0.0 0.0 0.0 0.4 1.2 2.3 0.0 0.0 0.0 0.0	0.4000 0.4632 0.5365 0.6213 0.7195 0.8332 0.9649 1.117 1.294 1.499 1.736 2.010 2.328 2.696 3.122 3.615 4.187 4.849 5.615 6.503 7.531 8.721 10.10 11.70 13.54 15.69 18.17 21.04 24.36 28.21 32.67 37.84 43.82 50.75 58.77 68.06 78.82 91.28 105.7 122.4 141.8 164.2 190.1 220.2 255.0 295.3 342.0 396.1 458.7 531.2 615.1 712.4 825.0 955.4 1106 1281 1484 1718 1990 2305 2669 3091 3580 4145 4801 5560 6439 7456 8635 1.000e4
139	Size	7 DMPC : 3 DMPG 0.1 mg_ml C12E6 10 microM 1	03 March 2026 11:41:32	25.0	141.7	0.333	163.1	5396	0.000	98.6	1.4	0.0	79.45	312.1	0.000	0.0 0.0 0.0 0.0 0.0 0.0 0.0 0.0 0.0 0.0 0.0 0.0 0.0 0.0 0.0 0.0 0.0 0.0 0.0 0.0 0.0 0.0 0.0 0.0 0.0 0.0 0.0 0.0 0.0 0.0 0.3 0.8 1.3 1.9 2.6 3.6 4.9 6.5 8.2 9.7 10.7 11.0 10.5 9.3 7.4 5.1 3.0 1.3 0.3 0.0 0.0 0.0 0.0 0.0 0.0 0.0 0.0 0.0 0.0 0.0 0.0 0.0 0.0 0.0 0.3 1.1 0.0 0.0 0.0 0.0	0.4000 0.4632 0.5365 0.6213 0.7195 0.8332 0.9649 1.117 1.294 1.499 1.736 2.010 2.328 2.696 3.122 3.615 4.187 4.849 5.615 6.503 7.531 8.721 10.10 11.70 13.54 15.69 18.17 21.04 24.36 28.21 32.67 37.84 43.82 50.75 58.77 68.06 78.82 91.28 105.7 122.4 141.8 164.2 190.1 220.2 255.0 295.3 342.0 396.1 458.7 531.2 615.1 712.4 825.0 955.4 1106 1281 1484 1718 1990 2305 2669 3091 3580 4145 4801 5560 6439 7456 8635 1.000e4
140	Size	7 DMPC : 3 DMPG 0.1 mg_ml C12E6 10 microM 2	03 March 2026 11:44:24	25.0	134.5	0.339	160.3	4470	0.000	93.6	6.4	0.0	94.00	905.0	0.000	0.0 0.0 0.0 0.0 0.0 0.0 0.0 0.0 0.0 0.0 0.0 0.0 0.0 0.0 0.0 0.0 0.0 0.0 0.0 0.0 0.0 0.0 0.0 0.0 0.0 0.0 0.0 0.0 0.0 0.0 0.0 0.0 0.2 1.1 2.8 5.0 7.1 8.9 10.0 10.3 10.0 9.1 7.8 6.4 4.9 3.6 2.6 1.7 1.0 0.6 0.3 0.1 0.0 0.0 0.0 0.0 0.0 0.0 0.0 0.1 0.2 0.5 0.9 1.3 1.6 1.8 0.0 0.0 0.0 0.0	0.4000 0.4632 0.5365 0.6213 0.7195 0.8332 0.9649 1.117 1.294 1.499 1.736 2.010 2.328 2.696 3.122 3.615 4.187 4.849 5.615 6.503 7.531 8.721 10.10 11.70 13.54 15.69 18.17 21.04 24.36 28.21 32.67 37.84 43.82 50.75 58.77 68.06 78.82 91.28 105.7 122.4 141.8 164.2 190.1 220.2 255.0 295.3 342.0 396.1 458.7 531.2 615.1 712.4 825.0 955.4 1106 1281 1484 1718 1990 2305 2669 3091 3580 4145 4801 5560 6439 7456 8635 1.000e4
141	Size	7 DMPC : 3 DMPG 0.1 mg_ml C12E6 10 microM 3	03 March 2026 11:47:17	25.0	133.0	0.336	179.6	4972	0.000	97.4	2.6	0.0	118.9	622.0	0.000	0.0 0.0 0.0 0.0 0.0 0.0 0.0 0.0 0.0 0.0 0.0 0.0 0.0 0.0 0.0 0.0 0.0 0.0 0.0 0.0 0.0 0.0 0.0 0.0 0.0 0.0 0.0 0.0 0.0 0.0 0.0 0.0 0.9 2.8 4.9 6.5 7.5 7.8 7.6 7.3 7.0 6.9 6.7 6.6 6.2 5.6 4.8 3.7 2.5 1.4 0.6 0.1 0.0 0.0 0.0 0.0 0.0 0.0 0.0 0.0 0.0 0.0 0.1 0.4 0.8 1.2 0.0 0.0 0.0 0.0	0.4000 0.4632 0.5365 0.6213 0.7195 0.8332 0.9649 1.117 1.294 1.499 1.736 2.010 2.328 2.696 3.122 3.615 4.187 4.849 5.615 6.503 7.531 8.721 10.10 11.70 13.54 15.69 18.17 21.04 24.36 28.21 32.67 37.84 43.82 50.75 58.77 68.06 78.82 91.28 105.7 122.4 141.8 164.2 190.1 220.2 255.0 295.3 342.0 396.1 458.7 531.2 615.1 712.4 825.0 955.4 1106 1281 1484 1718 1990 2305 2669 3091 3580 4145 4801 5560 6439 7456 8635 1.000e4
145	Size	7 DMPC : 3 DMPG 0.1 mg_ml TX100 200 microM 1	03 March 2026 12:05:57	25.0	310.2	0.756	303.8	1253	3970	43.4	26.3	19.7	136.4	512.0	1094	0.0 0.0 0.0 0.0 0.0 0.0 0.0 0.0 0.0 0.0 0.0 0.0 0.0 0.0 0.0 0.0 0.0 0.0 0.0 0.0 0.0 0.0 0.0 0.4 1.6 2.6 2.8 2.2 1.2 0.3 0.0 0.0 0.0 0.0 0.0 0.0 0.0 0.0 0.4 1.3 2.5 3.8 4.8 5.3 5.4 5.0 4.4 3.8 3.2 2.9 2.8 2.8 3.0 3.1 3.1 3.0 2.8 2.5 2.3 2.2 2.2 2.5 2.8 3.3 3.7 3.9 0.0 0.0 0.0 0.0	0.4000 0.4632 0.5365 0.6213 0.7195 0.8332 0.9649 1.117 1.294 1.499 1.736 2.010 2.328 2.696 3.122 3.615 4.187 4.849 5.615 6.503 7.531 8.721 10.10 11.70 13.54 15.69 18.17 21.04 24.36 28.21 32.67 37.84 43.82 50.75 58.77 68.06 78.82 91.28 105.7 122.4 141.8 164.2 190.1 220.2 255.0 295.3 342.0 396.1 458.7 531.2 615.1 712.4 825.0 955.4 1106 1281 1484 1718 1990 2305 2669 3091 3580 4145 4801 5560 6439 7456 8635 1.000e4
146	Size	7 DMPC : 3 DMPG 0.1 mg_ml TX100 200 microM 2	03 March 2026 12:08:09	25.0	324.9	0.662	620.8	126.5	4744	61.8	14.7	13.1	304.9	37.31	767.2	0.0 0.0 0.0 0.0 0.0 0.0 0.0 0.0 0.0 0.0 0.0 0.0 0.0 0.0 0.0 0.0 0.0 0.0 0.0 0.0 0.0 0.0 0.3 1.2 2.2 2.6 2.3 1.4 0.5 0.0 0.0 0.0 0.0 0.0 0.2 0.7 1.3 1.9 2.3 2.4 2.3 2.1 2.0 2.1 2.5 3.2 4.2 5.2 6.1 6.7 6.9 6.6 5.8 4.7 3.4 2.1 1.0 0.3 0.0 0.0 0.1 0.5 1.4 2.6 3.9 4.9 0.0 0.0 0.0 0.0	0.4000 0.4632 0.5365 0.6213 0.7195 0.8332 0.9649 1.117 1.294 1.499 1.736 2.010 2.328 2.696 3.122 3.615 4.187 4.849 5.615 6.503 7.531 8.721 10.10 11.70 13.54 15.69 18.17 21.04 24.36 28.21 32.67 37.84 43.82 50.75 58.77 68.06 78.82 91.28 105.7 122.4 141.8 164.2 190.1 220.2 255.0 295.3 342.0 396.1 458.7 531.2 615.1 712.4 825.0 955.4 1106 1281 1484 1718 1990 2305 2669 3091 3580 4145 4801 5560 6439 7456 8635 1.000e4
147	Size	7 DMPC : 3 DMPG 0.1 mg_ml TX100 200 microM 3	03 March 2026 12:10:22	25.0	280.4	0.672	475.2	4618	18.47	75.4	12.4	12.2	269.8	826.8	4.240	0.0 0.0 0.0 0.0 0.0 0.0 0.0 0.0 0.0 0.0 0.0 0.0 0.0 0.0 0.0 0.0 0.0 0.0 0.0 0.0 0.0 0.0 0.0 0.6 1.7 2.6 2.8 2.4 1.5 0.6 0.0 0.0 0.0 0.0 0.0 0.0 0.0 0.2 0.6 1.2 1.8 2.6 3.4 4.3 5.2 6.0 6.6 7.0 7.1 6.9 6.3 5.4 4.2 3.1 1.9 1.0 0.4 0.1 0.0 0.0 0.2 0.8 1.6 2.5 3.4 4.0 0.0 0.0 0.0 0.0	0.4000 0.4632 0.5365 0.6213 0.7195 0.8332 0.9649 1.117 1.294 1.499 1.736 2.010 2.328 2.696 3.122 3.615 4.187 4.849 5.615 6.503 7.531 8.721 10.10 11.70 13.54 15.69 18.17 21.04 24.36 28.21 32.67 37.84 43.82 50.75 58.77 68.06 78.82 91.28 105.7 122.4 141.8 164.2 190.1 220.2 255.0 295.3 342.0 396.1 458.7 531.2 615.1 712.4 825.0 955.4 1106 1281 1484 1718 1990 2305 2669 3091 3580 4145 4801 5560 6439 7456 8635 1.000e4
151	Size	7 DMPC : 3 DMPG 0.1 mg_ml TX100 100 microM 1	03 March 2026 12:26:00	25.0	261.3	0.442	136.9	25.09	0.000	92.0	8.0	0.0	31.84	4.626	0.000	0.0 0.0 0.0 0.0 0.0 0.0 0.0 0.0 0.0 0.0 0.0 0.0 0.0 0.0 0.0 0.0 0.0 0.0 0.0 0.0 0.0 0.0 0.0 0.0 0.0 0.1 0.8 1.8 2.3 1.9 1.0 0.1 0.0 0.0 0.0 0.0 2.1 7.5 14.4 19.8 20.8 16.5 8.8 2.1 0.0 0.0 0.0 0.0 0.0 0.0 0.0 0.0 0.0 0.0 0.0 0.0 0.0 0.0 0.0 0.0 0.0 0.0 0.0 0.0 0.0 0.0 0.0 0.0 0.0 0.0	0.4000 0.4632 0.5365 0.6213 0.7195 0.8332 0.9649 1.117 1.294 1.499 1.736 2.010 2.328 2.696 3.122 3.615 4.187 4.849 5.615 6.503 7.531 8.721 10.10 11.70 13.54 15.69 18.17 21.04 24.36 28.21 32.67 37.84 43.82 50.75 58.77 68.06 78.82 91.28 105.7 122.4 141.8 164.2 190.1 220.2 255.0 295.3 342.0 396.1 458.7 531.2 615.1 712.4 825.0 955.4 1106 1281 1484 1718 1990 2305 2669 3091 3580 4145 4801 5560 6439 7456 8635 1.000e4
152	Size	7 DMPC : 3 DMPG 0.1 mg_ml TX100 100 microM 2	03 March 2026 12:28:12	25.0	215.5	0.386	216.6	26.72	0.000	92.4	7.6	0.0	90.04	6.965	0.000	0.0 0.0 0.0 0.0 0.0 0.0 0.0 0.0 0.0 0.0 0.0 0.0 0.0 0.0 0.0 0.0 0.0 0.0 0.0 0.0 0.0 0.0 0.0 0.0 0.0 0.2 0.8 1.4 1.7 1.6 1.1 0.6 0.2 0.1 0.4 1.1 2.0 3.2 4.6 6.1 7.8 9.6 11.0 11.7 11.5 10.0 7.4 4.3 1.6 0.1 0.0 0.0 0.0 0.0 0.0 0.0 0.0 0.0 0.0 0.0 0.0 0.0 0.0 0.0 0.0 0.0 0.0 0.0 0.0 0.0	0.4000 0.4632 0.5365 0.6213 0.7195 0.8332 0.9649 1.117 1.294 1.499 1.736 2.010 2.328 2.696 3.122 3.615 4.187 4.849 5.615 6.503 7.531 8.721 10.10 11.70 13.54 15.69 18.17 21.04 24.36 28.21 32.67 37.84 43.82 50.75 58.77 68.06 78.82 91.28 105.7 122.4 141.8 164.2 190.1 220.2 255.0 295.3 342.0 396.1 458.7 531.2 615.1 712.4 825.0 955.4 1106 1281 1484 1718 1990 2305 2669 3091 3580 4145 4801 5560 6439 7456 8635 1.000e4
153	Size	7 DMPC : 3 DMPG 0.1 mg_ml TX100 100 microM 3	03 March 2026 12:30:24	25.0	338.4	0.437	288.3	55.29	17.35	76.1	19.4	4.5	74.32	17.81	4.582	0.0 0.0 0.0 0.0 0.0 0.0 0.0 0.0 0.0 0.0 0.0 0.0 0.0 0.0 0.0 0.0 0.0 0.0 0.0 0.0 0.0 0.1 0.3 0.5 0.6 0.7 0.8 0.8 0.8 0.8 1.1 1.7 2.4 3.1 3.3 3.0 2.1 1.0 0.1 0.0 0.6 2.8 6.6 11.1 14.6 15.6 13.4 8.7 3.3 0.0 0.0 0.0 0.0 0.0 0.0 0.0 0.0 0.0 0.0 0.0 0.0 0.0 0.0 0.0 0.0 0.0 0.0 0.0 0.0 0.0	0.4000 0.4632 0.5365 0.6213 0.7195 0.8332 0.9649 1.117 1.294 1.499 1.736 2.010 2.328 2.696 3.122 3.615 4.187 4.849 5.615 6.503 7.531 8.721 10.10 11.70 13.54 15.69 18.17 21.04 24.36 28.21 32.67 37.84 43.82 50.75 58.77 68.06 78.82 91.28 105.7 122.4 141.8 164.2 190.1 220.2 255.0 295.3 342.0 396.1 458.7 531.2 615.1 712.4 825.0 955.4 1106 1281 1484 1718 1990 2305 2669 3091 3580 4145 4801 5560 6439 7456 8635 1.000e4
157	Size	7 DMPC : 3 DMPG 0.1 mg_ml TX100 50 microM 1	03 March 2026 12:43:19	25.0	326.2	0.420	353.0	89.13	0.000	66.0	34.0	0.0	97.37	25.25	0.000	0.0 0.0 0.0 0.0 0.0 0.0 0.0 0.0 0.0 0.0 0.0 0.0 0.0 0.0 0.0 0.0 0.0 0.0 0.0 0.0 0.0 0.0 0.0 0.0 0.0 0.0 0.0 0.0 0.0 0.0 0.0 0.0 0.1 1.3 3.4 5.4 6.7 6.6 5.3 3.2 1.4 0.8 1.8 4.5 8.1 11.3 12.9 12.1 9.0 4.7 1.2 0.0 0.0 0.0 0.0 0.0 0.0 0.0 0.0 0.0 0.0 0.0 0.0 0.0 0.0 0.0 0.0 0.0 0.0 0.0	0.4000 0.4632 0.5365 0.6213 0.7195 0.8332 0.9649 1.117 1.294 1.499 1.736 2.010 2.328 2.696 3.122 3.615 4.187 4.849 5.615 6.503 7.531 8.721 10.10 11.70 13.54 15.69 18.17 21.04 24.36 28.21 32.67 37.84 43.82 50.75 58.77 68.06 78.82 91.28 105.7 122.4 141.8 164.2 190.1 220.2 255.0 295.3 342.0 396.1 458.7 531.2 615.1 712.4 825.0 955.4 1106 1281 1484 1718 1990 2305 2669 3091 3580 4145 4801 5560 6439 7456 8635 1.000e4
158	Size	7 DMPC : 3 DMPG 0.1 mg_ml TX100 50 microM 2	03 March 2026 12:45:21	25.0	233.5	0.375	225.0	5560	0.000	98.1	1.9	0.0	157.3	6.104e-5	0.000	0.0 0.0 0.0 0.0 0.0 0.0 0.0 0.0 0.0 0.0 0.0 0.0 0.0 0.0 0.0 0.0 0.0 0.0 0.0 0.0 0.0 0.0 0.0 0.0 0.0 0.0 0.0 0.0 0.1 0.5 1.1 1.6 1.8 2.0 2.4 3.0 3.9 5.0 6.0 6.8 7.2 7.2 6.9 6.6 6.3 6.0 5.8 5.4 4.7 3.7 2.4 1.2 0.3 0.0 0.0 0.0 0.0 0.0 0.0 0.0 0.0 0.0 0.0 0.0 0.0 1.9 0.0 0.0 0.0 0.0	0.4000 0.4632 0.5365 0.6213 0.7195 0.8332 0.9649 1.117 1.294 1.499 1.736 2.010 2.328 2.696 3.122 3.615 4.187 4.849 5.615 6.503 7.531 8.721 10.10 11.70 13.54 15.69 18.17 21.04 24.36 28.21 32.67 37.84 43.82 50.75 58.77 68.06 78.82 91.28 105.7 122.4 141.8 164.2 190.1 220.2 255.0 295.3 342.0 396.1 458.7 531.2 615.1 712.4 825.0 955.4 1106 1281 1484 1718 1990 2305 2669 3091 3580 4145 4801 5560 6439 7456 8635 1.000e4
159	Size	7 DMPC : 3 DMPG 0.1 mg_ml TX100 50 microM 3	03 March 2026 12:47:23	25.0	199.5	0.432	292.0	90.59	0.000	56.9	43.1	0.0	119.4	29.52	0.000	0.0 0.0 0.0 0.0 0.0 0.0 0.0 0.0 0.0 0.0 0.0 0.0 0.0 0.0 0.0 0.0 0.0 0.0 0.0 0.0 0.0 0.0 0.0 0.0 0.0 0.0 0.0 0.0 0.0 0.0 0.0 0.5 1.5 3.0 4.5 5.7 6.3 6.4 6.1 5.8 5.5 5.6 6.0 6.6 7.1 7.3 7.0 6.0 4.5 2.8 1.2 0.2 0.0 0.0 0.0 0.0 0.0 0.0 0.0 0.0 0.0 0.0 0.0 0.0 0.0 0.0 0.0 0.0 0.0 0.0	0.4000 0.4632 0.5365 0.6213 0.7195 0.8332 0.9649 1.117 1.294 1.499 1.736 2.010 2.328 2.696 3.122 3.615 4.187 4.849 5.615 6.503 7.531 8.721 10.10 11.70 13.54 15.69 18.17 21.04 24.36 28.21 32.67 37.84 43.82 50.75 58.77 68.06 78.82 91.28 105.7 122.4 141.8 164.2 190.1 220.2 255.0 295.3 342.0 396.1 458.7 531.2 615.1 712.4 825.0 955.4 1106 1281 1484 1718 1990 2305 2669 3091 3580 4145 4801 5560 6439 7456 8635 1.000e4
163	Size	7 DMPC : 3 DMPG 0.1 mg_ml TX100 20 microM 1	03 March 2026 12:56:26	25.0	173.6	0.294	138.8	40.85	0.000	92.5	7.5	0.0	34.92	5.758	0.000	0.0 0.0 0.0 0.0 0.0 0.0 0.0 0.0 0.0 0.0 0.0 0.0 0.0 0.0 0.0 0.0 0.0 0.0 0.0 0.0 0.0 0.0 0.0 0.0 0.0 0.0 0.0 0.0 0.0 0.0 1.4 2.6 2.4 1.2 0.0 0.2 2.9 7.9 13.7 18.1 19.2 16.3 10.3 3.9 0.0 0.0 0.0 0.0 0.0 0.0 0.0 0.0 0.0 0.0 0.0 0.0 0.0 0.0 0.0 0.0 0.0 0.0 0.0 0.0 0.0 0.0 0.0 0.0 0.0 0.0	0.4000 0.4632 0.5365 0.6213 0.7195 0.8332 0.9649 1.117 1.294 1.499 1.736 2.010 2.328 2.696 3.122 3.615 4.187 4.849 5.615 6.503 7.531 8.721 10.10 11.70 13.54 15.69 18.17 21.04 24.36 28.21 32.67 37.84 43.82 50.75 58.77 68.06 78.82 91.28 105.7 122.4 141.8 164.2 190.1 220.2 255.0 295.3 342.0 396.1 458.7 531.2 615.1 712.4 825.0 955.4 1106 1281 1484 1718 1990 2305 2669 3091 3580 4145 4801 5560 6439 7456 8635 1.000e4
164	Size	7 DMPC : 3 DMPG 0.1 mg_ml TX100 20 microM 2	03 March 2026 12:58:29	25.0	151.7	0.468	184.8	5560	0.000	98.9	1.1	0.0	121.0	0.000	0.000	0.0 0.0 0.0 0.0 0.0 0.0 0.0 0.0 0.0 0.0 0.0 0.0 0.0 0.0 0.0 0.0 0.0 0.0 0.0 0.0 0.0 0.0 0.0 0.0 0.0 0.0 0.0 0.0 0.0 0.0 0.2 0.7 1.7 3.0 4.4 5.6 6.5 7.0 7.2 7.2 7.2 7.1 7.0 6.9 6.6 6.1 5.3 4.2 2.9 1.6 0.6 0.1 0.0 0.0 0.0 0.0 0.0 0.0 0.0 0.0 0.0 0.0 0.0 0.0 0.0 1.1 0.0 0.0 0.0 0.0	0.4000 0.4632 0.5365 0.6213 0.7195 0.8332 0.9649 1.117 1.294 1.499 1.736 2.010 2.328 2.696 3.122 3.615 4.187 4.849 5.615 6.503 7.531 8.721 10.10 11.70 13.54 15.69 18.17 21.04 24.36 28.21 32.67 37.84 43.82 50.75 58.77 68.06 78.82 91.28 105.7 122.4 141.8 164.2 190.1 220.2 255.0 295.3 342.0 396.1 458.7 531.2 615.1 712.4 825.0 955.4 1106 1281 1484 1718 1990 2305 2669 3091 3580 4145 4801 5560 6439 7456 8635 1.000e4
165	Size	7 DMPC : 3 DMPG 0.1 mg_ml TX100 20 microM 3	03 March 2026 13:00:31	25.0	141.9	0.403	159.3	0.000	0.000	100.0	0.0	0.0	79.69	0.000	0.000	0.0 0.0 0.0 0.0 0.0 0.0 0.0 0.0 0.0 0.0 0.0 0.0 0.0 0.0 0.0 0.0 0.0 0.0 0.0 0.0 0.0 0.0 0.0 0.0 0.0 0.0 0.0 0.0 0.0 0.0 0.6 1.4 2.3 3.0 3.6 4.1 4.8 5.8 7.2 8.7 10.0 10.8 10.8 9.7 7.8 5.4 2.9 1.0 0.0 0.0 0.0 0.0 0.0 0.0 0.0 0.0 0.0 0.0 0.0 0.0 0.0 0.0 0.0 0.0 0.0 0.0 0.0 0.0 0.0 0.0	0.4000 0.4632 0.5365 0.6213 0.7195 0.8332 0.9649 1.117 1.294 1.499 1.736 2.010 2.328 2.696 3.122 3.615 4.187 4.849 5.615 6.503 7.531 8.721 10.10 11.70 13.54 15.69 18.17 21.04 24.36 28.21 32.67 37.84 43.82 50.75 58.77 68.06 78.82 91.28 105.7 122.4 141.8 164.2 190.1 220.2 255.0 295.3 342.0 396.1 458.7 531.2 615.1 712.4 825.0 955.4 1106 1281 1484 1718 1990 2305 2669 3091 3580 4145 4801 5560 6439 7456 8635 1.000e4
169	Size	7 DMPC : 3 DMPG 0.1 mg_ml TX100 10 microM 1	03 March 2026 13:09:34	25.0	185.6	0.370	272.2	72.13	5219	75.4	21.8	2.8	106.1	17.82	463.3	0.0 0.0 0.0 0.0 0.0 0.0 0.0 0.0 0.0 0.0 0.0 0.0 0.0 0.0 0.0 0.0 0.0 0.0 0.0 0.0 0.0 0.0 0.0 0.0 0.0 0.0 0.0 0.0 0.0 0.0 0.0 0.0 1.1 2.9 4.3 4.6 4.0 3.1 2.5 2.7 3.9 5.9 8.0 9.8 10.7 10.5 9.1 6.9 4.4 2.1 0.6 0.0 0.0 0.0 0.0 0.0 0.0 0.0 0.0 0.0 0.0 0.0 0.0 0.2 0.9 1.8 0.0 0.0 0.0 0.0	0.4000 0.4632 0.5365 0.6213 0.7195 0.8332 0.9649 1.117 1.294 1.499 1.736 2.010 2.328 2.696 3.122 3.615 4.187 4.849 5.615 6.503 7.531 8.721 10.10 11.70 13.54 15.69 18.17 21.04 24.36 28.21 32.67 37.84 43.82 50.75 58.77 68.06 78.82 91.28 105.7 122.4 141.8 164.2 190.1 220.2 255.0 295.3 342.0 396.1 458.7 531.2 615.1 712.4 825.0 955.4 1106 1281 1484 1718 1990 2305 2669 3091 3580 4145 4801 5560 6439 7456 8635 1.000e4
170	Size	7 DMPC : 3 DMPG 0.1 mg_ml TX100 10 microM 2	03 March 2026 13:12:07	25.0	187.4	0.529	297.5	73.88	5203	73.5	22.7	3.8	138.9	19.74	473.4	0.0 0.0 0.0 0.0 0.0 0.0 0.0 0.0 0.0 0.0 0.0 0.0 0.0 0.0 0.0 0.0 0.0 0.0 0.0 0.0 0.0 0.0 0.0 0.0 0.0 0.0 0.0 0.0 0.0 0.0 0.0 0.5 1.5 2.6 3.6 4.0 4.0 3.8 3.6 3.6 4.1 5.0 6.2 7.4 8.3 8.7 8.4 7.5 5.9 4.1 2.3 0.9 0.2 0.0 0.0 0.0 0.0 0.0 0.0 0.0 0.0 0.0 0.0 0.3 1.2 2.4 0.0 0.0 0.0 0.0	0.4000 0.4632 0.5365 0.6213 0.7195 0.8332 0.9649 1.117 1.294 1.499 1.736 2.010 2.328 2.696 3.122 3.615 4.187 4.849 5.615 6.503 7.531 8.721 10.10 11.70 13.54 15.69 18.17 21.04 24.36 28.21 32.67 37.84 43.82 50.75 58.77 68.06 78.82 91.28 105.7 122.4 141.8 164.2 190.1 220.2 255.0 295.3 342.0 396.1 458.7 531.2 615.1 712.4 825.0 955.4 1106 1281 1484 1718 1990 2305 2669 3091 3580 4145 4801 5560 6439 7456 8635 1.000e4
171	Size	7 DMPC : 3 DMPG 0.1 mg_ml TX100 10 microM 3	03 March 2026 13:14:40	25.0	180.1	0.522	240.5	5210	0.000	95.5	4.5	0.0	182.3	469.9	0.000	0.0 0.0 0.0 0.0 0.0 0.0 0.0 0.0 0.0 0.0 0.0 0.0 0.0 0.0 0.0 0.0 0.0 0.0 0.0 0.0 0.0 0.0 0.0 0.0 0.0 0.0 0.0 0.0 0.0 0.0 0.0 0.7 1.6 2.4 3.0 3.5 4.0 4.7 5.5 6.3 6.9 7.2 7.2 6.9 6.4 5.8 5.2 4.6 4.0 3.3 2.6 1.9 1.2 0.6 0.2 0.0 0.0 0.0 0.0 0.0 0.0 0.0 0.0 0.4 1.4 2.7 0.0 0.0 0.0 0.0	0.4000 0.4632 0.5365 0.6213 0.7195 0.8332 0.9649 1.117 1.294 1.499 1.736 2.010 2.328 2.696 3.122 3.615 4.187 4.849 5.615 6.503 7.531 8.721 10.10 11.70 13.54 15.69 18.17 21.04 24.36 28.21 32.67 37.84 43.82 50.75 58.77 68.06 78.82 91.28 105.7 122.4 141.8 164.2 190.1 220.2 255.0 295.3 342.0 396.1 458.7 531.2 615.1 712.4 825.0 955.4 1106 1281 1484 1718 1990 2305 2669 3091 3580 4145 4801 5560 6439 7456 8635 1.000e4
175	Size	9 DMPC : 1 DMPG 0.1 mg_ml DDAC 100 microM 1	03 March 2026 15:51:16	25.0	236.3	0.740	732.0	149.3	5013	48.9	45.9	5.3	330.7	62.92	604.6	0.0 0.0 0.0 0.0 0.0 0.0 0.0 0.0 0.0 0.0 0.0 0.0 0.0 0.0 0.0 0.0 0.0 0.0 0.0 0.0 0.0 0.0 0.0 0.0 0.0 0.0 0.0 0.0 0.0 0.0 0.0 0.0 0.0 0.1 0.7 2.0 3.4 4.8 5.7 6.0 5.8 5.1 4.3 3.5 2.9 2.8 3.0 3.6 4.4 5.2 5.7 5.9 5.6 4.9 3.9 2.7 1.6 0.7 0.2 0.0 0.0 0.0 0.2 0.8 1.7 2.6 0.0 0.0 0.0 0.0	0.4000 0.4632 0.5365 0.6213 0.7195 0.8332 0.9649 1.117 1.294 1.499 1.736 2.010 2.328 2.696 3.122 3.615 4.187 4.849 5.615 6.503 7.531 8.721 10.10 11.70 13.54 15.69 18.17 21.04 24.36 28.21 32.67 37.84 43.82 50.75 58.77 68.06 78.82 91.28 105.7 122.4 141.8 164.2 190.1 220.2 255.0 295.3 342.0 396.1 458.7 531.2 615.1 712.4 825.0 955.4 1106 1281 1484 1718 1990 2305 2669 3091 3580 4145 4801 5560 6439 7456 8635 1.000e4
176	Size	9 DMPC : 1 DMPG 0.1 mg_ml DDAC 100 microM 2	03 March 2026 15:53:19	25.0	267.7	0.658	136.4	622.4	5551	49.9	48.0	2.1	44.93	179.3	79.11	0.0 0.0 0.0 0.0 0.0 0.0 0.0 0.0 0.0 0.0 0.0 0.0 0.0 0.0 0.0 0.0 0.0 0.0 0.0 0.0 0.0 0.0 0.0 0.0 0.0 0.0 0.0 0.0 0.0 0.0 0.0 0.0 0.0 0.0 0.1 1.2 3.2 5.6 7.6 8.7 8.4 6.9 4.6 2.4 0.9 0.6 1.8 4.0 6.4 8.3 9.0 8.1 5.9 3.2 1.0 0.0 0.0 0.0 0.0 0.0 0.0 0.0 0.0 0.0 0.0 2.1 0.0 0.0 0.0 0.0	0.4000 0.4632 0.5365 0.6213 0.7195 0.8332 0.9649 1.117 1.294 1.499 1.736 2.010 2.328 2.696 3.122 3.615 4.187 4.849 5.615 6.503 7.531 8.721 10.10 11.70 13.54 15.69 18.17 21.04 24.36 28.21 32.67 37.84 43.82 50.75 58.77 68.06 78.82 91.28 105.7 122.4 141.8 164.2 190.1 220.2 255.0 295.3 342.0 396.1 458.7 531.2 615.1 712.4 825.0 955.4 1106 1281 1484 1718 1990 2305 2669 3091 3580 4145 4801 5560 6439 7456 8635 1.000e4
177	Size	9 DMPC : 1 DMPG 0.1 mg_ml DDAC 100 microM 3	03 March 2026 15:55:21	25.0	278.7	0.609	511.8	125.2	5560	52.1	46.2	1.7	143.4	38.16	0.000	0.0 0.0 0.0 0.0 0.0 0.0 0.0 0.0 0.0 0.0 0.0 0.0 0.0 0.0 0.0 0.0 0.0 0.0 0.0 0.0 0.0 0.0 0.0 0.0 0.0 0.0 0.0 0.0 0.0 0.0 0.0 0.0 0.0 0.0 0.0 1.4 4.0 6.8 8.7 8.9 7.5 5.0 2.5 0.9 0.9 2.5 5.1 7.9 9.7 9.9 8.3 5.4 2.4 0.4 0.0 0.0 0.0 0.0 0.0 0.0 0.0 0.0 0.0 0.0 0.0 1.7 0.0 0.0 0.0 0.0	0.4000 0.4632 0.5365 0.6213 0.7195 0.8332 0.9649 1.117 1.294 1.499 1.736 2.010 2.328 2.696 3.122 3.615 4.187 4.849 5.615 6.503 7.531 8.721 10.10 11.70 13.54 15.69 18.17 21.04 24.36 28.21 32.67 37.84 43.82 50.75 58.77 68.06 78.82 91.28 105.7 122.4 141.8 164.2 190.1 220.2 255.0 295.3 342.0 396.1 458.7 531.2 615.1 712.4 825.0 955.4 1106 1281 1484 1718 1990 2305 2669 3091 3580 4145 4801 5560 6439 7456 8635 1.000e4
181	Size	9 DMPC : 1 DMPG 0.1 mg_ml TX100 100 microM 1	03 March 2026 16:17:09	25.0	422.1	0.505	399.6	16.09	53.80	88.0	5.9	3.2	132.9	3.465	11.22	0.0 0.0 0.0 0.0 0.0 0.0 0.0 0.0 0.0 0.0 0.0 0.0 0.0 0.0 0.0 0.0 0.0 0.0 0.0 0.0 0.0 0.0 0.2 0.7 1.3 1.5 1.2 0.7 0.3 0.0 0.1 0.3 0.6 0.8 0.7 0.5 0.2 0.0 0.0 0.0 0.0 0.5 2.2 4.9 8.3 11.4 13.6 14.2 12.9 10.0 6.4 3.0 0.7 0.0 0.0 0.0 0.0 0.0 0.0 0.0 0.0 0.0 0.0 0.0 0.2 2.8 0.0 0.0 0.0 0.0	0.4000 0.4632 0.5365 0.6213 0.7195 0.8332 0.9649 1.117 1.294 1.499 1.736 2.010 2.328 2.696 3.122 3.615 4.187 4.849 5.615 6.503 7.531 8.721 10.10 11.70 13.54 15.69 18.17 21.04 24.36 28.21 32.67 37.84 43.82 50.75 58.77 68.06 78.82 91.28 105.7 122.4 141.8 164.2 190.1 220.2 255.0 295.3 342.0 396.1 458.7 531.2 615.1 712.4 825.0 955.4 1106 1281 1484 1718 1990 2305 2669 3091 3580 4145 4801 5560 6439 7456 8635 1.000e4
182	Size	9 DMPC : 1 DMPG 0.1 mg_ml TX100 100 microM 2	03 March 2026 16:19:11	25.0	423.9	0.452	400.3	15.38	5418	86.1	5.8	4.3	148.5	3.833	295.4	0.0 0.0 0.0 0.0 0.0 0.0 0.0 0.0 0.0 0.0 0.0 0.0 0.0 0.0 0.0 0.0 0.0 0.0 0.0 0.0 0.0 0.1 0.5 0.9 1.2 1.2 1.0 0.6 0.2 0.0 0.0 0.0 0.1 0.3 0.6 0.8 0.8 0.6 0.3 0.2 0.6 1.5 3.1 5.4 7.9 10.2 11.9 12.4 11.7 9.7 6.8 3.7 1.3 0.1 0.0 0.0 0.0 0.0 0.0 0.0 0.0 0.0 0.0 0.0 0.8 3.5 0.0 0.0 0.0 0.0	0.4000 0.4632 0.5365 0.6213 0.7195 0.8332 0.9649 1.117 1.294 1.499 1.736 2.010 2.328 2.696 3.122 3.615 4.187 4.849 5.615 6.503 7.531 8.721 10.10 11.70 13.54 15.69 18.17 21.04 24.36 28.21 32.67 37.84 43.82 50.75 58.77 68.06 78.82 91.28 105.7 122.4 141.8 164.2 190.1 220.2 255.0 295.3 342.0 396.1 458.7 531.2 615.1 712.4 825.0 955.4 1106 1281 1484 1718 1990 2305 2669 3091 3580 4145 4801 5560 6439 7456 8635 1.000e4
183	Size	9 DMPC : 1 DMPG 0.1 mg_ml TX100 100 microM 3	03 March 2026 16:21:13	25.0	404.6	0.474	389.2	18.49	5560	90.8	7.4	1.8	128.1	3.754	6.104e-5	0.0 0.0 0.0 0.0 0.0 0.0 0.0 0.0 0.0 0.0 0.0 0.0 0.0 0.0 0.0 0.0 0.0 0.0 0.0 0.0 0.0 0.0 0.0 0.2 0.9 1.7 2.0 1.6 0.8 0.2 0.0 0.0 0.0 0.0 0.0 0.0 0.0 0.0 0.0 0.0 0.0 0.7 2.6 5.6 9.1 12.3 14.3 14.7 13.0 9.8 5.9 2.4 0.4 0.0 0.0 0.0 0.0 0.0 0.0 0.0 0.0 0.0 0.0 0.0 0.0 1.8 0.0 0.0 0.0 0.0	0.4000 0.4632 0.5365 0.6213 0.7195 0.8332 0.9649 1.117 1.294 1.499 1.736 2.010 2.328 2.696 3.122 3.615 4.187 4.849 5.615 6.503 7.531 8.721 10.10 11.70 13.54 15.69 18.17 21.04 24.36 28.21 32.67 37.84 43.82 50.75 58.77 68.06 78.82 91.28 105.7 122.4 141.8 164.2 190.1 220.2 255.0 295.3 342.0 396.1 458.7 531.2 615.1 712.4 825.0 955.4 1106 1281 1484 1718 1990 2305 2669 3091 3580 4145 4801 5560 6439 7456 8635 1.000e4
187	Size	9 DMPC : 1 DMPG 0.1 mg_ml C12E6100 microM 1	03 March 2026 16:32:19	25.0	324.4	0.548	868.2	158.0	5316	63.3	35.6	1.1	388.4	57.84	388.5	0.0 0.0 0.0 0.0 0.0 0.0 0.0 0.0 0.0 0.0 0.0 0.0 0.0 0.0 0.0 0.0 0.0 0.0 0.0 0.0 0.0 0.0 0.0 0.0 0.0 0.0 0.0 0.0 0.0 0.0 0.0 0.0 0.0 0.0 0.0 0.5 1.6 2.9 4.2 5.1 5.4 5.0 4.2 3.2 2.3 1.9 2.0 2.7 3.9 5.3 6.6 7.5 7.9 7.6 6.7 5.3 3.7 2.2 1.0 0.2 0.0 0.0 0.0 0.0 0.3 0.8 0.0 0.0 0.0 0.0	0.4000 0.4632 0.5365 0.6213 0.7195 0.8332 0.9649 1.117 1.294 1.499 1.736 2.010 2.328 2.696 3.122 3.615 4.187 4.849 5.615 6.503 7.531 8.721 10.10 11.70 13.54 15.69 18.17 21.04 24.36 28.21 32.67 37.84 43.82 50.75 58.77 68.06 78.82 91.28 105.7 122.4 141.8 164.2 190.1 220.2 255.0 295.3 342.0 396.1 458.7 531.2 615.1 712.4 825.0 955.4 1106 1281 1484 1718 1990 2305 2669 3091 3580 4145 4801 5560 6439 7456 8635 1.000e4
188	Size	9 DMPC : 1 DMPG 0.1 mg_ml C12E6100 microM 2	03 March 2026 16:34:21	25.0	345.9	0.565	593.6	126.9	5560	66.5	32.0	1.5	223.0	40.22	0.000	0.0 0.0 0.0 0.0 0.0 0.0 0.0 0.0 0.0 0.0 0.0 0.0 0.0 0.0 0.0 0.0 0.0 0.0 0.0 0.0 0.0 0.0 0.0 0.0 0.0 0.0 0.0 0.0 0.0 0.0 0.0 0.0 0.0 0.0 0.3 1.4 2.9 4.4 5.3 5.5 4.8 3.7 2.5 1.8 1.8 2.7 4.3 6.3 8.2 9.5 9.8 8.9 7.0 4.6 2.2 0.6 0.0 0.0 0.0 0.0 0.0 0.0 0.0 0.0 0.0 1.5 0.0 0.0 0.0 0.0	0.4000 0.4632 0.5365 0.6213 0.7195 0.8332 0.9649 1.117 1.294 1.499 1.736 2.010 2.328 2.696 3.122 3.615 4.187 4.849 5.615 6.503 7.531 8.721 10.10 11.70 13.54 15.69 18.17 21.04 24.36 28.21 32.67 37.84 43.82 50.75 58.77 68.06 78.82 91.28 105.7 122.4 141.8 164.2 190.1 220.2 255.0 295.3 342.0 396.1 458.7 531.2 615.1 712.4 825.0 955.4 1106 1281 1484 1718 1990 2305 2669 3091 3580 4145 4801 5560 6439 7456 8635 1.000e4
189	Size	9 DMPC : 1 DMPG 0.1 mg_ml C12E6100 microM 3	03 March 2026 16:46:16	25.0	318.3	0.731	448.5	5091	0.000	92.6	7.4	0.0	314.6	559.7	0.000	0.0 0.0 0.0 0.0 0.0 0.0 0.0 0.0 0.0 0.0 0.0 0.0 0.0 0.0 0.0 0.0 0.0 0.0 0.0 0.0 0.0 0.0 0.0 0.0 0.0 0.0 0.0 0.0 0.0 0.0 0.0 0.1 0.3 0.7 1.2 1.8 2.3 2.7 3.1 3.4 3.5 3.5 3.6 3.8 4.1 4.6 5.3 6.1 6.7 7.1 7.1 6.6 5.6 4.3 2.9 1.6 0.6 0.1 0.0 0.0 0.0 0.0 0.2 1.0 2.3 3.9 0.0 0.0 0.0 0.0	0.4000 0.4632 0.5365 0.6213 0.7195 0.8332 0.9649 1.117 1.294 1.499 1.736 2.010 2.328 2.696 3.122 3.615 4.187 4.849 5.615 6.503 7.531 8.721 10.10 11.70 13.54 15.69 18.17 21.04 24.36 28.21 32.67 37.84 43.82 50.75 58.77 68.06 78.82 91.28 105.7 122.4 141.8 164.2 190.1 220.2 255.0 295.3 342.0 396.1 458.7 531.2 615.1 712.4 825.0 955.4 1106 1281 1484 1718 1990 2305 2669 3091 3580 4145 4801 5560 6439 7456 8635 1.000e4
196	Size	9 DMPC : 1 DMPG 0.1 mg_ml C12E6 100 microM 1	03 March 2026 16:32:19	25.0	324.4	0.548	868.2	158.0	5316	63.3	35.6	1.1	388.4	57.84	388.5	0.0 0.0 0.0 0.0 0.0 0.0 0.0 0.0 0.0 0.0 0.0 0.0 0.0 0.0 0.0 0.0 0.0 0.0 0.0 0.0 0.0 0.0 0.0 0.0 0.0 0.0 0.0 0.0 0.0 0.0 0.0 0.0 0.0 0.0 0.0 0.5 1.6 2.9 4.2 5.1 5.4 5.0 4.2 3.2 2.3 1.9 2.0 2.7 3.9 5.3 6.6 7.5 7.9 7.6 6.7 5.3 3.7 2.2 1.0 0.2 0.0 0.0 0.0 0.0 0.3 0.8 0.0 0.0 0.0 0.0	0.4000 0.4632 0.5365 0.6213 0.7195 0.8332 0.9649 1.117 1.294 1.499 1.736 2.010 2.328 2.696 3.122 3.615 4.187 4.849 5.615 6.503 7.531 8.721 10.10 11.70 13.54 15.69 18.17 21.04 24.36 28.21 32.67 37.84 43.82 50.75 58.77 68.06 78.82 91.28 105.7 122.4 141.8 164.2 190.1 220.2 255.0 295.3 342.0 396.1 458.7 531.2 615.1 712.4 825.0 955.4 1106 1281 1484 1718 1990 2305 2669 3091 3580 4145 4801 5560 6439 7456 8635 1.000e4
197	Size	9 DMPC : 1 DMPG 0.1 mg_ml C12E6 100 microM 2	03 March 2026 16:34:21	25.0	345.9	0.565	593.6	126.9	5560	66.5	32.0	1.5	223.0	40.22	0.000	0.0 0.0 0.0 0.0 0.0 0.0 0.0 0.0 0.0 0.0 0.0 0.0 0.0 0.0 0.0 0.0 0.0 0.0 0.0 0.0 0.0 0.0 0.0 0.0 0.0 0.0 0.0 0.0 0.0 0.0 0.0 0.0 0.0 0.0 0.3 1.4 2.9 4.4 5.3 5.5 4.8 3.7 2.5 1.8 1.8 2.7 4.3 6.3 8.2 9.5 9.8 8.9 7.0 4.6 2.2 0.6 0.0 0.0 0.0 0.0 0.0 0.0 0.0 0.0 0.0 1.5 0.0 0.0 0.0 0.0	0.4000 0.4632 0.5365 0.6213 0.7195 0.8332 0.9649 1.117 1.294 1.499 1.736 2.010 2.328 2.696 3.122 3.615 4.187 4.849 5.615 6.503 7.531 8.721 10.10 11.70 13.54 15.69 18.17 21.04 24.36 28.21 32.67 37.84 43.82 50.75 58.77 68.06 78.82 91.28 105.7 122.4 141.8 164.2 190.1 220.2 255.0 295.3 342.0 396.1 458.7 531.2 615.1 712.4 825.0 955.4 1106 1281 1484 1718 1990 2305 2669 3091 3580 4145 4801 5560 6439 7456 8635 1.000e4
198	Size	9 DMPC : 1 DMPG 0.1 mg_ml C12E6 100 microM 3	03 March 2026 16:46:16	25.0	318.3	0.731	448.5	5091	0.000	92.6	7.4	0.0	314.6	559.7	0.000	0.0 0.0 0.0 0.0 0.0 0.0 0.0 0.0 0.0 0.0 0.0 0.0 0.0 0.0 0.0 0.0 0.0 0.0 0.0 0.0 0.0 0.0 0.0 0.0 0.0 0.0 0.0 0.0 0.0 0.0 0.0 0.1 0.3 0.7 1.2 1.8 2.3 2.7 3.1 3.4 3.5 3.5 3.6 3.8 4.1 4.6 5.3 6.1 6.7 7.1 7.1 6.6 5.6 4.3 2.9 1.6 0.6 0.1 0.0 0.0 0.0 0.0 0.2 1.0 2.3 3.9 0.0 0.0 0.0 0.0	0.4000 0.4632 0.5365 0.6213 0.7195 0.8332 0.9649 1.117 1.294 1.499 1.736 2.010 2.328 2.696 3.122 3.615 4.187 4.849 5.615 6.503 7.531 8.721 10.10 11.70 13.54 15.69 18.17 21.04 24.36 28.21 32.67 37.84 43.82 50.75 58.77 68.06 78.82 91.28 105.7 122.4 141.8 164.2 190.1 220.2 255.0 295.3 342.0 396.1 458.7 531.2 615.1 712.4 825.0 955.4 1106 1281 1484 1718 1990 2305 2669 3091 3580 4145 4801 5560 6439 7456 8635 1.000e4
199	Size	9 DMPC : 1 DMPG 0.1 mg_ml NONE 0 microM 1	05 March 2026 10:04:39	25.0	532.4	0.701	533.2	132.9	5420	69.7	23.6	6.7	169.6	35.20	293.9	0.0 0.0 0.0 0.0 0.0 0.0 0.0 0.0 0.0 0.0 0.0 0.0 0.0 0.0 0.0 0.0 0.0 0.0 0.0 0.0 0.0 0.0 0.0 0.0 0.0 0.0 0.0 0.0 0.0 0.0 0.0 0.0 0.0 0.0 0.0 0.0 1.0 2.8 4.3 5.0 4.5 3.2 1.8 1.1 1.5 3.3 6.0 8.9 11.2 12.0 11.0 8.4 5.0 1.9 0.2 0.0 0.0 0.0 0.0 0.0 0.0 0.0 0.0 0.0 1.2 5.5 0.0 0.0 0.0 0.0	0.4000 0.4632 0.5365 0.6213 0.7195 0.8332 0.9649 1.117 1.294 1.499 1.736 2.010 2.328 2.696 3.122 3.615 4.187 4.849 5.615 6.503 7.531 8.721 10.10 11.70 13.54 15.69 18.17 21.04 24.36 28.21 32.67 37.84 43.82 50.75 58.77 68.06 78.82 91.28 105.7 122.4 141.8 164.2 190.1 220.2 255.0 295.3 342.0 396.1 458.7 531.2 615.1 712.4 825.0 955.4 1106 1281 1484 1718 1990 2305 2669 3091 3580 4145 4801 5560 6439 7456 8635 1.000e4
200	Size	9 DMPC : 1 DMPG 0.1 mg_ml NONE 0 microM 1	05 March 2026 10:22:39	25.0	351.0	0.528	387.6	72.31	0.000	85.9	14.1	0.0	89.04	12.23	0.000	0.0 0.0 0.0 0.0 0.0 0.0 0.0 0.0 0.0 0.0 0.0 0.0 0.0 0.0 0.0 0.0 0.0 0.0 0.0 0.0 0.0 0.0 0.0 0.0 0.0 0.0 0.0 0.0 0.0 0.0 0.0 0.0 0.0 0.7 2.8 4.4 4.0 2.0 0.3 0.0 0.0 0.0 0.0 1.3 6.2 13.1 18.6 19.8 15.8 8.7 2.4 0.0 0.0 0.0 0.0 0.0 0.0 0.0 0.0 0.0 0.0 0.0 0.0 0.0 0.0 0.0 0.0 0.0 0.0 0.0	0.4000 0.4632 0.5365 0.6213 0.7195 0.8332 0.9649 1.117 1.294 1.499 1.736 2.010 2.328 2.696 3.122 3.615 4.187 4.849 5.615 6.503 7.531 8.721 10.10 11.70 13.54 15.69 18.17 21.04 24.36 28.21 32.67 37.84 43.82 50.75 58.77 68.06 78.82 91.28 105.7 122.4 141.8 164.2 190.1 220.2 255.0 295.3 342.0 396.1 458.7 531.2 615.1 712.4 825.0 955.4 1106 1281 1484 1718 1990 2305 2669 3091 3580 4145 4801 5560 6439 7456 8635 1.000e4
201	Size	9 DMPC : 1 DMPG 0.1 mg_ml NONE 0 microM 2	05 March 2026 10:24:52	25.0	336.8	0.563	340.5	59.46	0.000	89.5	10.5	0.0	72.02	8.752	0.000	0.0 0.0 0.0 0.0 0.0 0.0 0.0 0.0 0.0 0.0 0.0 0.0 0.0 0.0 0.0 0.0 0.0 0.0 0.0 0.0 0.0 0.0 0.0 0.0 0.0 0.0 0.0 0.0 0.0 0.0 0.0 0.0 0.6 2.7 3.8 2.7 0.7 0.0 0.0 0.0 0.0 0.0 0.0 4.5 12.8 20.2 22.4 18.0 9.5 2.1 0.0 0.0 0.0 0.0 0.0 0.0 0.0 0.0 0.0 0.0 0.0 0.0 0.0 0.0 0.0 0.0 0.0 0.0 0.0 0.0	0.4000 0.4632 0.5365 0.6213 0.7195 0.8332 0.9649 1.117 1.294 1.499 1.736 2.010 2.328 2.696 3.122 3.615 4.187 4.849 5.615 6.503 7.531 8.721 10.10 11.70 13.54 15.69 18.17 21.04 24.36 28.21 32.67 37.84 43.82 50.75 58.77 68.06 78.82 91.28 105.7 122.4 141.8 164.2 190.1 220.2 255.0 295.3 342.0 396.1 458.7 531.2 615.1 712.4 825.0 955.4 1106 1281 1484 1718 1990 2305 2669 3091 3580 4145 4801 5560 6439 7456 8635 1.000e4
202	Size	9 DMPC : 1 DMPG 0.1 mg_ml NONE 0 microM 3	05 March 2026 10:27:04	25.0	332.3	0.430	282.3	0.000	0.000	100.0	0.0	0.0	53.08	0.000	0.000	0.0 0.0 0.0 0.0 0.0 0.0 0.0 0.0 0.0 0.0 0.0 0.0 0.0 0.0 0.0 0.0 0.0 0.0 0.0 0.0 0.0 0.0 0.0 0.0 0.0 0.0 0.0 0.0 0.0 0.0 0.0 0.0 0.0 0.0 0.0 0.0 0.0 0.0 0.0 0.0 0.0 0.0 5.1 16.5 26.2 27.2 18.5 6.6 0.0 0.0 0.0 0.0 0.0 0.0 0.0 0.0 0.0 0.0 0.0 0.0 0.0 0.0 0.0 0.0 0.0 0.0 0.0 0.0 0.0 0.0	0.4000 0.4632 0.5365 0.6213 0.7195 0.8332 0.9649 1.117 1.294 1.499 1.736 2.010 2.328 2.696 3.122 3.615 4.187 4.849 5.615 6.503 7.531 8.721 10.10 11.70 13.54 15.69 18.17 21.04 24.36 28.21 32.67 37.84 43.82 50.75 58.77 68.06 78.82 91.28 105.7 122.4 141.8 164.2 190.1 220.2 255.0 295.3 342.0 396.1 458.7 531.2 615.1 712.4 825.0 955.4 1106 1281 1484 1718 1990 2305 2669 3091 3580 4145 4801 5560 6439 7456 8635 1.000e4
203	Size	9 DMPC : 1 DMPG 0.1 mg_ml NONE 0 microM 1	05 March 2026 10:37:55	50.0	330.3	0.431	338.7	0.000	0.000	100.0	0.0	0.0	74.53	0.000	0.000	0.0 0.0 0.0 0.0 0.0 0.0 0.0 0.0 0.0 0.0 0.0 0.0 0.0 0.0 0.0 0.0 0.0 0.0 0.0 0.0 0.0 0.0 0.0 0.0 0.0 0.0 0.0 0.0 0.0 0.0 0.0 0.0 0.0 0.0 0.0 0.0 0.0 0.0 0.0 0.0 0.0 0.0 0.1 6.0 15.2 22.5 24.0 19.0 10.4 2.9 0.0 0.0 0.0 0.0 0.0 0.0 0.0 0.0 0.0 0.0 0.0 0.0 0.0 0.0 0.0 0.0 0.0 0.0 0.0 0.0	0.4000 0.4632 0.5365 0.6213 0.7195 0.8332 0.9649 1.117 1.294 1.499 1.736 2.010 2.328 2.696 3.122 3.615 4.187 4.849 5.615 6.503 7.531 8.721 10.10 11.70 13.54 15.69 18.17 21.04 24.36 28.21 32.67 37.84 43.82 50.75 58.77 68.06 78.82 91.28 105.7 122.4 141.8 164.2 190.1 220.2 255.0 295.3 342.0 396.1 458.7 531.2 615.1 712.4 825.0 955.4 1106 1281 1484 1718 1990 2305 2669 3091 3580 4145 4801 5560 6439 7456 8635 1.000e4
204	Size	9 DMPC : 1 DMPG 0.1 mg_ml NONE 0 microM 2	05 March 2026 10:40:08	50.0	328.1	0.588	426.0	93.37	5560	80.5	17.9	1.6	133.8	20.27	6.104e-5	0.0 0.0 0.0 0.0 0.0 0.0 0.0 0.0 0.0 0.0 0.0 0.0 0.0 0.0 0.0 0.0 0.0 0.0 0.0 0.0 0.0 0.0 0.0 0.0 0.0 0.0 0.0 0.0 0.0 0.0 0.0 0.0 0.0 0.0 0.7 2.3 3.8 4.4 3.7 2.3 0.7 0.0 0.6 2.7 5.9 9.5 12.4 13.7 13.1 10.7 7.2 3.7 1.1 0.0 0.0 0.0 0.0 0.0 0.0 0.0 0.0 0.0 0.0 0.0 0.0 1.6 0.0 0.0 0.0 0.0	0.4000 0.4632 0.5365 0.6213 0.7195 0.8332 0.9649 1.117 1.294 1.499 1.736 2.010 2.328 2.696 3.122 3.615 4.187 4.849 5.615 6.503 7.531 8.721 10.10 11.70 13.54 15.69 18.17 21.04 24.36 28.21 32.67 37.84 43.82 50.75 58.77 68.06 78.82 91.28 105.7 122.4 141.8 164.2 190.1 220.2 255.0 295.3 342.0 396.1 458.7 531.2 615.1 712.4 825.0 955.4 1106 1281 1484 1718 1990 2305 2669 3091 3580 4145 4801 5560 6439 7456 8635 1.000e4
205	Size	9 DMPC : 1 DMPG 0.1 mg_ml NONE 0 microM 3	05 March 2026 10:42:20	50.0	361.5	0.431	455.4	80.83	5305	81.5	14.5	4.0	136.4	17.06	396.6	0.0 0.0 0.0 0.0 0.0 0.0 0.0 0.0 0.0 0.0 0.0 0.0 0.0 0.0 0.0 0.0 0.0 0.0 0.0 0.0 0.0 0.0 0.0 0.0 0.0 0.0 0.0 0.0 0.0 0.0 0.0 0.0 0.0 0.5 1.8 3.1 3.7 3.1 1.8 0.6 0.0 0.0 0.0 1.1 3.9 7.8 11.6 14.1 14.4 12.6 9.1 5.1 1.8 0.1 0.0 0.0 0.0 0.0 0.0 0.0 0.0 0.0 0.0 0.1 1.1 2.8 0.0 0.0 0.0 0.0	0.4000 0.4632 0.5365 0.6213 0.7195 0.8332 0.9649 1.117 1.294 1.499 1.736 2.010 2.328 2.696 3.122 3.615 4.187 4.849 5.615 6.503 7.531 8.721 10.10 11.70 13.54 15.69 18.17 21.04 24.36 28.21 32.67 37.84 43.82 50.75 58.77 68.06 78.82 91.28 105.7 122.4 141.8 164.2 190.1 220.2 255.0 295.3 342.0 396.1 458.7 531.2 615.1 712.4 825.0 955.4 1106 1281 1484 1718 1990 2305 2669 3091 3580 4145 4801 5560 6439 7456 8635 1.000e4
206	Size	6 DMPC : 4 DMPG 0.1 mg_ml NONE 0 microM 1	05 March 2026 11:44:13	50.0	94.38	0.303	102.7	5092	0.000	96.4	3.6	0.0	48.38	554.8	0.000	0.0 0.0 0.0 0.0 0.0 0.0 0.0 0.0 0.0 0.0 0.0 0.0 0.0 0.0 0.0 0.0 0.0 0.0 0.0 0.0 0.0 0.0 0.0 0.0 0.0 0.0 0.0 0.0 0.0 0.0 0.5 1.9 4.0 6.3 8.4 10.1 11.1 11.3 10.7 9.6 8.0 6.1 4.2 2.5 1.2 0.4 0.0 0.0 0.0 0.0 0.0 0.0 0.0 0.0 0.0 0.0 0.0 0.0 0.0 0.0 0.0 0.0 0.1 0.5 1.2 1.9 0.0 0.0 0.0 0.0	0.4000 0.4632 0.5365 0.6213 0.7195 0.8332 0.9649 1.117 1.294 1.499 1.736 2.010 2.328 2.696 3.122 3.615 4.187 4.849 5.615 6.503 7.531 8.721 10.10 11.70 13.54 15.69 18.17 21.04 24.36 28.21 32.67 37.84 43.82 50.75 58.77 68.06 78.82 91.28 105.7 122.4 141.8 164.2 190.1 220.2 255.0 295.3 342.0 396.1 458.7 531.2 615.1 712.4 825.0 955.4 1106 1281 1484 1718 1990 2305 2669 3091 3580 4145 4801 5560 6439 7456 8635 1.000e4
207	Size	6 DMPC : 4 DMPG 0.1 mg_ml NONE 0 microM 2	05 March 2026 11:46:26	50.0	88.48	0.271	90.29	5406	0.000	98.5	1.5	0.0	34.40	304.7	0.000	0.0 0.0 0.0 0.0 0.0 0.0 0.0 0.0 0.0 0.0 0.0 0.0 0.0 0.0 0.0 0.0 0.0 0.0 0.0 0.0 0.0 0.0 0.0 0.0 0.0 0.0 0.0 0.0 0.0 0.0 0.0 1.2 3.9 7.4 10.8 13.2 14.2 13.8 12.1 9.5 6.5 3.8 1.7 0.4 0.0 0.0 0.0 0.0 0.0 0.0 0.0 0.0 0.0 0.0 0.0 0.0 0.0 0.0 0.0 0.0 0.0 0.0 0.0 0.0 0.3 1.2 0.0 0.0 0.0 0.0	0.4000 0.4632 0.5365 0.6213 0.7195 0.8332 0.9649 1.117 1.294 1.499 1.736 2.010 2.328 2.696 3.122 3.615 4.187 4.849 5.615 6.503 7.531 8.721 10.10 11.70 13.54 15.69 18.17 21.04 24.36 28.21 32.67 37.84 43.82 50.75 58.77 68.06 78.82 91.28 105.7 122.4 141.8 164.2 190.1 220.2 255.0 295.3 342.0 396.1 458.7 531.2 615.1 712.4 825.0 955.4 1106 1281 1484 1718 1990 2305 2669 3091 3580 4145 4801 5560 6439 7456 8635 1.000e4
208	Size	6 DMPC : 4 DMPG 0.1 mg_ml NONE 0 microM 3	05 March 2026 11:48:38	50.0	144.6	0.113	108.4	0.000	0.000	100.0	0.0	0.0	27.69	0.000	0.000	0.0 0.0 0.0 0.0 0.0 0.0 0.0 0.0 0.0 0.0 0.0 0.0 0.0 0.0 0.0 0.0 0.0 0.0 0.0 0.0 0.0 0.0 0.0 0.0 0.0 0.0 0.0 0.0 0.0 0.0 0.0 0.0 0.0 0.0 1.6 6.6 13.3 19.0 21.0 18.6 12.7 6.0 1.2 0.0 0.0 0.0 0.0 0.0 0.0 0.0 0.0 0.0 0.0 0.0 0.0 0.0 0.0 0.0 0.0 0.0 0.0 0.0 0.0 0.0 0.0 0.0 0.0 0.0 0.0 0.0	0.4000 0.4632 0.5365 0.6213 0.7195 0.8332 0.9649 1.117 1.294 1.499 1.736 2.010 2.328 2.696 3.122 3.615 4.187 4.849 5.615 6.503 7.531 8.721 10.10 11.70 13.54 15.69 18.17 21.04 24.36 28.21 32.67 37.84 43.82 50.75 58.77 68.06 78.82 91.28 105.7 122.4 141.8 164.2 190.1 220.2 255.0 295.3 342.0 396.1 458.7 531.2 615.1 712.4 825.0 955.4 1106 1281 1484 1718 1990 2305 2669 3091 3580 4145 4801 5560 6439 7456 8635 1.000e4
212	Size	6 DMPC : 4 DMPG 0.1 mg_ml TX100 100 microM 1	05 March 2026 12:09:15	50.0	1267	0.986	3429	198.3	0.000	88.1	11.9	0.0	901.0	42.75	0.000	0.0 0.0 0.0 0.0 0.0 0.0 0.0 0.0 0.0 0.0 0.0 0.0 0.0 0.0 0.0 0.0 0.0 0.0 0.0 0.0 0.0 0.0 0.0 0.0 0.0 0.0 0.0 0.0 0.0 0.0 0.0 0.0 0.0 0.0 0.0 0.0 0.0 0.0 0.0 0.4 1.3 2.3 2.9 2.7 1.7 0.6 0.0 0.0 0.0 0.0 0.0 0.0 0.0 0.0 0.0 0.0 0.0 0.4 3.6 9.0 14.2 17.3 17.1 13.8 8.8 3.8 0.0 0.0 0.0 0.0	0.4000 0.4632 0.5365 0.6213 0.7195 0.8332 0.9649 1.117 1.294 1.499 1.736 2.010 2.328 2.696 3.122 3.615 4.187 4.849 5.615 6.503 7.531 8.721 10.10 11.70 13.54 15.69 18.17 21.04 24.36 28.21 32.67 37.84 43.82 50.75 58.77 68.06 78.82 91.28 105.7 122.4 141.8 164.2 190.1 220.2 255.0 295.3 342.0 396.1 458.7 531.2 615.1 712.4 825.0 955.4 1106 1281 1484 1718 1990 2305 2669 3091 3580 4145 4801 5560 6439 7456 8635 1.000e4
213	Size	6 DMPC : 4 DMPG 0.1 mg_ml TX100 100 microM 2	05 March 2026 12:11:28	50.0	910.3	1.000	478.3	5363	29.43	69.0	24.5	6.5	71.14	332.8	2.865	0.0 0.0 0.0 0.0 0.0 0.0 0.0 0.0 0.0 0.0 0.0 0.0 0.0 0.0 0.0 0.0 0.0 0.0 0.0 0.0 0.0 0.0 0.0 0.0 0.0 0.0 0.0 0.0 0.9 3.1 2.5 0.0 0.0 0.0 0.0 0.0 0.0 0.0 0.0 0.0 0.0 0.0 0.0 0.0 0.0 0.0 2.3 15.3 24.2 19.8 7.3 0.0 0.0 0.0 0.0 0.0 0.0 0.0 0.0 0.0 0.0 0.0 0.0 0.0 6.4 18.1 0.0 0.0 0.0 0.0	0.4000 0.4632 0.5365 0.6213 0.7195 0.8332 0.9649 1.117 1.294 1.499 1.736 2.010 2.328 2.696 3.122 3.615 4.187 4.849 5.615 6.503 7.531 8.721 10.10 11.70 13.54 15.69 18.17 21.04 24.36 28.21 32.67 37.84 43.82 50.75 58.77 68.06 78.82 91.28 105.7 122.4 141.8 164.2 190.1 220.2 255.0 295.3 342.0 396.1 458.7 531.2 615.1 712.4 825.0 955.4 1106 1281 1484 1718 1990 2305 2669 3091 3580 4145 4801 5560 6439 7456 8635 1.000e4
214	Size	6 DMPC : 4 DMPG 0.1 mg_ml TX100 100 microM 3	05 March 2026 12:13:40	50.0	1033	1.000	202.4	0.000	0.000	100.0	0.0	0.0	14.77	0.000	0.000	0.0 0.0 0.0 0.0 0.0 0.0 0.0 0.0 0.0 0.0 0.0 0.0 0.0 0.0 0.0 0.0 0.0 0.0 0.0 0.0 0.0 0.0 0.0 0.0 0.0 0.0 0.0 0.0 0.0 0.0 0.0 0.0 0.0 0.0 0.0 0.0 0.0 0.0 0.0 0.0 0.0 0.0 59.2 40.8 0.0 0.0 0.0 0.0 0.0 0.0 0.0 0.0 0.0 0.0 0.0 0.0 0.0 0.0 0.0 0.0 0.0 0.0 0.0 0.0 0.0 0.0 0.0 0.0 0.0 0.0	0.4000 0.4632 0.5365 0.6213 0.7195 0.8332 0.9649 1.117 1.294 1.499 1.736 2.010 2.328 2.696 3.122 3.615 4.187 4.849 5.615 6.503 7.531 8.721 10.10 11.70 13.54 15.69 18.17 21.04 24.36 28.21 32.67 37.84 43.82 50.75 58.77 68.06 78.82 91.28 105.7 122.4 141.8 164.2 190.1 220.2 255.0 295.3 342.0 396.1 458.7 531.2 615.1 712.4 825.0 955.4 1106 1281 1484 1718 1990 2305 2669 3091 3580 4145 4801 5560 6439 7456 8635 1.000e4
218	Size	6 DMPC : 4 DMPG 0.1 mg_ml C12E6 100 microM 1	05 March 2026 12:28:23	50.0	90.34	0.325	93.82	5435	0.000	98.5	1.5	0.0	42.17	281.0	0.000	0.0 0.0 0.0 0.0 0.0 0.0 0.0 0.0 0.0 0.0 0.0 0.0 0.0 0.0 0.0 0.0 0.0 0.0 0.0 0.0 0.0 0.0 0.0 0.0 0.0 0.0 0.0 0.0 0.0 0.0 0.7 2.6 5.1 7.7 10.0 11.5 12.1 11.8 10.8 9.1 7.1 5.0 3.0 1.5 0.5 0.0 0.0 0.0 0.0 0.0 0.0 0.0 0.0 0.0 0.0 0.0 0.0 0.0 0.0 0.0 0.0 0.0 0.0 0.0 0.3 1.3 0.0 0.0 0.0 0.0	0.4000 0.4632 0.5365 0.6213 0.7195 0.8332 0.9649 1.117 1.294 1.499 1.736 2.010 2.328 2.696 3.122 3.615 4.187 4.849 5.615 6.503 7.531 8.721 10.10 11.70 13.54 15.69 18.17 21.04 24.36 28.21 32.67 37.84 43.82 50.75 58.77 68.06 78.82 91.28 105.7 122.4 141.8 164.2 190.1 220.2 255.0 295.3 342.0 396.1 458.7 531.2 615.1 712.4 825.0 955.4 1106 1281 1484 1718 1990 2305 2669 3091 3580 4145 4801 5560 6439 7456 8635 1.000e4
219	Size	6 DMPC : 4 DMPG 0.1 mg_ml C12E6 100 microM 2	05 March 2026 12:30:36	50.0	84.40	0.283	93.22	5069	0.000	96.8	3.2	0.0	44.92	570.4	0.000	0.0 0.0 0.0 0.0 0.0 0.0 0.0 0.0 0.0 0.0 0.0 0.0 0.0 0.0 0.0 0.0 0.0 0.0 0.0 0.0 0.0 0.0 0.0 0.0 0.0 0.0 0.0 0.0 0.0 0.0 1.0 3.1 5.7 8.3 10.2 11.3 11.5 10.9 9.8 8.2 6.4 4.7 3.1 1.7 0.8 0.2 0.0 0.0 0.0 0.0 0.0 0.0 0.0 0.0 0.0 0.0 0.0 0.0 0.0 0.0 0.0 0.0 0.1 0.4 1.0 1.7 0.0 0.0 0.0 0.0	0.4000 0.4632 0.5365 0.6213 0.7195 0.8332 0.9649 1.117 1.294 1.499 1.736 2.010 2.328 2.696 3.122 3.615 4.187 4.849 5.615 6.503 7.531 8.721 10.10 11.70 13.54 15.69 18.17 21.04 24.36 28.21 32.67 37.84 43.82 50.75 58.77 68.06 78.82 91.28 105.7 122.4 141.8 164.2 190.1 220.2 255.0 295.3 342.0 396.1 458.7 531.2 615.1 712.4 825.0 955.4 1106 1281 1484 1718 1990 2305 2669 3091 3580 4145 4801 5560 6439 7456 8635 1.000e4
220	Size	6 DMPC : 4 DMPG 0.1 mg_ml C12E6 100 microM 3	05 March 2026 12:32:48	50.0	78.16	0.211	89.38	5029	0.000	98.3	1.7	0.0	39.28	593.1	0.000	0.0 0.0 0.0 0.0 0.0 0.0 0.0 0.0 0.0 0.0 0.0 0.0 0.0 0.0 0.0 0.0 0.0 0.0 0.0 0.0 0.0 0.0 0.0 0.0 0.0 0.0 0.0 0.0 0.0 0.4 1.4 3.2 5.6 8.0 10.2 11.7 12.3 11.9 10.7 8.8 6.5 4.2 2.3 0.9 0.2 0.0 0.0 0.0 0.0 0.0 0.0 0.0 0.0 0.0 0.0 0.0 0.0 0.0 0.0 0.0 0.0 0.0 0.1 0.2 0.5 0.8 0.0 0.0 0.0 0.0	0.4000 0.4632 0.5365 0.6213 0.7195 0.8332 0.9649 1.117 1.294 1.499 1.736 2.010 2.328 2.696 3.122 3.615 4.187 4.849 5.615 6.503 7.531 8.721 10.10 11.70 13.54 15.69 18.17 21.04 24.36 28.21 32.67 37.84 43.82 50.75 58.77 68.06 78.82 91.28 105.7 122.4 141.8 164.2 190.1 220.2 255.0 295.3 342.0 396.1 458.7 531.2 615.1 712.4 825.0 955.4 1106 1281 1484 1718 1990 2305 2669 3091 3580 4145 4801 5560 6439 7456 8635 1.000e4
224	Size	6 DMPC : 4 DMPG 0.1 mg_ml DDAC 100 microM 1	05 March 2026 12:49:54	50.0	112.4	0.389	135.6	5008	0.000	95.6	4.4	0.0	81.64	606.4	0.000	0.0 0.0 0.0 0.0 0.0 0.0 0.0 0.0 0.0 0.0 0.0 0.0 0.0 0.0 0.0 0.0 0.0 0.0 0.0 0.0 0.0 0.0 0.0 0.0 0.0 0.0 0.0 0.0 0.0 0.0 0.2 1.3 3.1 5.0 6.5 7.6 8.1 8.4 8.3 8.2 7.8 7.3 6.6 5.7 4.5 3.3 2.1 1.1 0.4 0.1 0.0 0.0 0.0 0.0 0.0 0.0 0.0 0.0 0.0 0.0 0.0 0.0 0.2 0.7 1.4 2.1 0.0 0.0 0.0 0.0	0.4000 0.4632 0.5365 0.6213 0.7195 0.8332 0.9649 1.117 1.294 1.499 1.736 2.010 2.328 2.696 3.122 3.615 4.187 4.849 5.615 6.503 7.531 8.721 10.10 11.70 13.54 15.69 18.17 21.04 24.36 28.21 32.67 37.84 43.82 50.75 58.77 68.06 78.82 91.28 105.7 122.4 141.8 164.2 190.1 220.2 255.0 295.3 342.0 396.1 458.7 531.2 615.1 712.4 825.0 955.4 1106 1281 1484 1718 1990 2305 2669 3091 3580 4145 4801 5560 6439 7456 8635 1.000e4
225	Size	6 DMPC : 4 DMPG 0.1 mg_ml DDAC 100 microM 2	05 March 2026 12:51:57	50.0	119.0	0.326	165.0	4403	0.000	97.4	2.6	0.0	106.2	920.4	0.000	0.0 0.0 0.0 0.0 0.0 0.0 0.0 0.0 0.0 0.0 0.0 0.0 0.0 0.0 0.0 0.0 0.0 0.0 0.0 0.0 0.0 0.0 0.0 0.0 0.0 0.0 0.0 0.0 0.1 0.4 0.9 1.6 2.3 3.2 4.1 5.1 6.0 6.9 7.6 8.1 8.3 8.2 7.7 7.0 6.0 4.9 3.7 2.6 1.6 0.8 0.3 0.1 0.0 0.0 0.0 0.0 0.0 0.0 0.0 0.0 0.1 0.2 0.4 0.5 0.6 0.7 0.0 0.0 0.0 0.0	0.4000 0.4632 0.5365 0.6213 0.7195 0.8332 0.9649 1.117 1.294 1.499 1.736 2.010 2.328 2.696 3.122 3.615 4.187 4.849 5.615 6.503 7.531 8.721 10.10 11.70 13.54 15.69 18.17 21.04 24.36 28.21 32.67 37.84 43.82 50.75 58.77 68.06 78.82 91.28 105.7 122.4 141.8 164.2 190.1 220.2 255.0 295.3 342.0 396.1 458.7 531.2 615.1 712.4 825.0 955.4 1106 1281 1484 1718 1990 2305 2669 3091 3580 4145 4801 5560 6439 7456 8635 1.000e4
226	Size	6 DMPC : 4 DMPG 0.1 mg_ml DDAC 100 microM 3	05 March 2026 12:53:59	50.0	122.1	0.337	148.8	5216	0.000	97.7	2.3	0.0	81.38	465.4	0.000	0.0 0.0 0.0 0.0 0.0 0.0 0.0 0.0 0.0 0.0 0.0 0.0 0.0 0.0 0.0 0.0 0.0 0.0 0.0 0.0 0.0 0.0 0.0 0.0 0.0 0.0 0.0 0.0 0.1 0.4 1.0 1.8 2.5 3.3 4.1 4.9 5.9 7.0 8.0 8.9 9.4 9.5 8.9 7.7 6.1 4.3 2.5 1.1 0.3 0.0 0.0 0.0 0.0 0.0 0.0 0.0 0.0 0.0 0.0 0.0 0.0 0.0 0.0 0.2 0.7 1.4 0.0 0.0 0.0 0.0	0.4000 0.4632 0.5365 0.6213 0.7195 0.8332 0.9649 1.117 1.294 1.499 1.736 2.010 2.328 2.696 3.122 3.615 4.187 4.849 5.615 6.503 7.531 8.721 10.10 11.70 13.54 15.69 18.17 21.04 24.36 28.21 32.67 37.84 43.82 50.75 58.77 68.06 78.82 91.28 105.7 122.4 141.8 164.2 190.1 220.2 255.0 295.3 342.0 396.1 458.7 531.2 615.1 712.4 825.0 955.4 1106 1281 1484 1718 1990 2305 2669 3091 3580 4145 4801 5560 6439 7456 8635 1.000e4
260	Size	8 DMPC : 2 DMPG 0.1mg_ml C12E6 100 microM 1	10 March 2026 10:39:22	50.0	91.39	0.233	92.81	5418	0.000	98.8	1.2	0.0	31.71	296.0	0.000	0.0 0.0 0.0 0.0 0.0 0.0 0.0 0.0 0.0 0.0 0.0 0.0 0.0 0.0 0.0 0.0 0.0 0.0 0.0 0.0 0.0 0.0 0.0 0.0 0.0 0.0 0.0 0.0 0.0 0.0 0.0 0.6 2.5 5.6 9.4 12.8 15.0 15.5 14.1 11.1 7.4 3.8 1.2 0.0 0.0 0.0 0.0 0.0 0.0 0.0 0.0 0.0 0.0 0.0 0.0 0.0 0.0 0.0 0.0 0.0 0.0 0.0 0.0 0.0 0.2 1.0 0.0 0.0 0.0 0.0	0.4000 0.4632 0.5365 0.6213 0.7195 0.8332 0.9649 1.117 1.294 1.499 1.736 2.010 2.328 2.696 3.122 3.615 4.187 4.849 5.615 6.503 7.531 8.721 10.10 11.70 13.54 15.69 18.17 21.04 24.36 28.21 32.67 37.84 43.82 50.75 58.77 68.06 78.82 91.28 105.7 122.4 141.8 164.2 190.1 220.2 255.0 295.3 342.0 396.1 458.7 531.2 615.1 712.4 825.0 955.4 1106 1281 1484 1718 1990 2305 2669 3091 3580 4145 4801 5560 6439 7456 8635 1.000e4
261	Size	8 DMPC : 2 DMPG 0.1mg_ml C12E6 100 microM 2	10 March 2026 10:41:24	50.0	94.87	0.160	109.4	0.000	0.000	100.0	0.0	0.0	43.61	0.000	0.000	0.0 0.0 0.0 0.0 0.0 0.0 0.0 0.0 0.0 0.0 0.0 0.0 0.0 0.0 0.0 0.0 0.0 0.0 0.0 0.0 0.0 0.0 0.0 0.0 0.0 0.0 0.0 0.1 0.3 0.4 0.5 0.8 1.7 3.4 5.8 8.6 11.2 13.1 13.8 13.1 11.1 8.2 5.1 2.4 0.6 0.0 0.0 0.0 0.0 0.0 0.0 0.0 0.0 0.0 0.0 0.0 0.0 0.0 0.0 0.0 0.0 0.0 0.0 0.0 0.0 0.0 0.0 0.0 0.0 0.0	0.4000 0.4632 0.5365 0.6213 0.7195 0.8332 0.9649 1.117 1.294 1.499 1.736 2.010 2.328 2.696 3.122 3.615 4.187 4.849 5.615 6.503 7.531 8.721 10.10 11.70 13.54 15.69 18.17 21.04 24.36 28.21 32.67 37.84 43.82 50.75 58.77 68.06 78.82 91.28 105.7 122.4 141.8 164.2 190.1 220.2 255.0 295.3 342.0 396.1 458.7 531.2 615.1 712.4 825.0 955.4 1106 1281 1484 1718 1990 2305 2669 3091 3580 4145 4801 5560 6439 7456 8635 1.000e4
262	Size	8 DMPC : 2 DMPG 0.1mg_ml C12E6 100 microM 3	10 March 2026 10:43:28	50.0	91.93	0.187	116.3	0.000	0.000	100.0	0.0	0.0	59.14	0.000	0.000	0.0 0.0 0.0 0.0 0.0 0.0 0.0 0.0 0.0 0.0 0.0 0.0 0.0 0.0 0.0 0.0 0.0 0.0 0.0 0.0 0.0 0.0 0.0 0.0 0.0 0.0 0.0 0.0 0.0 0.2 0.9 2.1 3.5 5.1 6.7 8.2 9.4 10.2 10.5 10.3 9.4 8.1 6.4 4.5 2.8 1.3 0.4 0.0 0.0 0.0 0.0 0.0 0.0 0.0 0.0 0.0 0.0 0.0 0.0 0.0 0.0 0.0 0.0 0.0 0.0 0.0 0.0 0.0 0.0 0.0	0.4000 0.4632 0.5365 0.6213 0.7195 0.8332 0.9649 1.117 1.294 1.499 1.736 2.010 2.328 2.696 3.122 3.615 4.187 4.849 5.615 6.503 7.531 8.721 10.10 11.70 13.54 15.69 18.17 21.04 24.36 28.21 32.67 37.84 43.82 50.75 58.77 68.06 78.82 91.28 105.7 122.4 141.8 164.2 190.1 220.2 255.0 295.3 342.0 396.1 458.7 531.2 615.1 712.4 825.0 955.4 1106 1281 1484 1718 1990 2305 2669 3091 3580 4145 4801 5560 6439 7456 8635 1.000e4
263	Size	8 DMPC : 2 DMPG 0.1mg_ml DDAC 100 microM 1	10 March 2026 11:06:06	50.0	139.9	0.165	98.32	0.000	0.000	100.0	0.0	0.0	28.94	0.000	0.000	0.0 0.0 0.0 0.0 0.0 0.0 0.0 0.0 0.0 0.0 0.0 0.0 0.0 0.0 0.0 0.0 0.0 0.0 0.0 0.0 0.0 0.0 0.0 0.0 0.0 0.0 0.0 0.0 0.0 0.0 0.0 0.0 0.5 2.7 6.5 11.3 15.6 17.9 17.5 14.3 9.1 3.9 0.6 0.0 0.0 0.0 0.0 0.0 0.0 0.0 0.0 0.0 0.0 0.0 0.0 0.0 0.0 0.0 0.0 0.0 0.0 0.0 0.0 0.0 0.0 0.0 0.0 0.0 0.0 0.0	0.4000 0.4632 0.5365 0.6213 0.7195 0.8332 0.9649 1.117 1.294 1.499 1.736 2.010 2.328 2.696 3.122 3.615 4.187 4.849 5.615 6.503 7.531 8.721 10.10 11.70 13.54 15.69 18.17 21.04 24.36 28.21 32.67 37.84 43.82 50.75 58.77 68.06 78.82 91.28 105.7 122.4 141.8 164.2 190.1 220.2 255.0 295.3 342.0 396.1 458.7 531.2 615.1 712.4 825.0 955.4 1106 1281 1484 1718 1990 2305 2669 3091 3580 4145 4801 5560 6439 7456 8635 1.000e4
264	Size	8 DMPC : 2 DMPG 0.1mg_ml DDAC 100 microM 2	10 March 2026 11:08:18	50.0	106.2	0.264	129.5	5025	0.000	97.6	2.4	0.0	73.73	596.1	0.000	0.0 0.0 0.0 0.0 0.0 0.0 0.0 0.0 0.0 0.0 0.0 0.0 0.0 0.0 0.0 0.0 0.0 0.0 0.0 0.0 0.0 0.0 0.0 0.0 0.0 0.0 0.0 0.0 0.0 0.0 0.5 1.6 3.1 4.8 6.4 7.6 8.5 9.1 9.3 9.1 8.6 7.8 6.7 5.4 4.1 2.7 1.6 0.7 0.2 0.0 0.0 0.0 0.0 0.0 0.0 0.0 0.0 0.0 0.0 0.0 0.0 0.0 0.1 0.4 0.8 1.2 0.0 0.0 0.0 0.0	0.4000 0.4632 0.5365 0.6213 0.7195 0.8332 0.9649 1.117 1.294 1.499 1.736 2.010 2.328 2.696 3.122 3.615 4.187 4.849 5.615 6.503 7.531 8.721 10.10 11.70 13.54 15.69 18.17 21.04 24.36 28.21 32.67 37.84 43.82 50.75 58.77 68.06 78.82 91.28 105.7 122.4 141.8 164.2 190.1 220.2 255.0 295.3 342.0 396.1 458.7 531.2 615.1 712.4 825.0 955.4 1106 1281 1484 1718 1990 2305 2669 3091 3580 4145 4801 5560 6439 7456 8635 1.000e4
265	Size	8 DMPC : 2 DMPG 0.1mg_ml DDAC 100 microM 3	10 March 2026 11:10:31	50.0	107.0	0.313	124.2	5024	0.000	96.2	3.8	0.0	68.81	597.0	0.000	0.0 0.0 0.0 0.0 0.0 0.0 0.0 0.0 0.0 0.0 0.0 0.0 0.0 0.0 0.0 0.0 0.0 0.0 0.0 0.0 0.0 0.0 0.0 0.0 0.0 0.0 0.0 0.0 0.0 0.0 0.3 1.5 3.2 5.0 6.7 8.0 8.9 9.4 9.4 9.1 8.4 7.5 6.3 4.9 3.5 2.2 1.2 0.4 0.1 0.0 0.0 0.0 0.0 0.0 0.0 0.0 0.0 0.0 0.0 0.0 0.0 0.0 0.1 0.6 1.2 1.9 0.0 0.0 0.0 0.0	0.4000 0.4632 0.5365 0.6213 0.7195 0.8332 0.9649 1.117 1.294 1.499 1.736 2.010 2.328 2.696 3.122 3.615 4.187 4.849 5.615 6.503 7.531 8.721 10.10 11.70 13.54 15.69 18.17 21.04 24.36 28.21 32.67 37.84 43.82 50.75 58.77 68.06 78.82 91.28 105.7 122.4 141.8 164.2 190.1 220.2 255.0 295.3 342.0 396.1 458.7 531.2 615.1 712.4 825.0 955.4 1106 1281 1484 1718 1990 2305 2669 3091 3580 4145 4801 5560 6439 7456 8635 1.000e4
266	Size	8 DMPC : 2 DMPG 0.1mg_ml TX100 100 microM 1	10 March 2026 11:29:33	50.0	412.4	0.418	143.3	0.000	0.000	100.0	0.0	0.0	15.55	0.000	0.000	0.0 0.0 0.0 0.0 0.0 0.0 0.0 0.0 0.0 0.0 0.0 0.0 0.0 0.0 0.0 0.0 0.0 0.0 0.0 0.0 0.0 0.0 0.0 0.0 0.0 0.0 0.0 0.0 0.0 0.0 0.0 0.0 0.0 0.0 0.0 0.0 0.0 0.0 0.0 25.9 44.8 29.3 0.0 0.0 0.0 0.0 0.0 0.0 0.0 0.0 0.0 0.0 0.0 0.0 0.0 0.0 0.0 0.0 0.0 0.0 0.0 0.0 0.0 0.0 0.0 0.0 0.0 0.0 0.0 0.0	0.4000 0.4632 0.5365 0.6213 0.7195 0.8332 0.9649 1.117 1.294 1.499 1.736 2.010 2.328 2.696 3.122 3.615 4.187 4.849 5.615 6.503 7.531 8.721 10.10 11.70 13.54 15.69 18.17 21.04 24.36 28.21 32.67 37.84 43.82 50.75 58.77 68.06 78.82 91.28 105.7 122.4 141.8 164.2 190.1 220.2 255.0 295.3 342.0 396.1 458.7 531.2 615.1 712.4 825.0 955.4 1106 1281 1484 1718 1990 2305 2669 3091 3580 4145 4801 5560 6439 7456 8635 1.000e4
267	Size	8 DMPC : 2 DMPG 0.1mg_ml TX100 100 microM 2	10 March 2026 11:31:55	50.0	197.3	0.314	250.8	0.000	0.000	100.0	0.0	0.0	89.97	0.000	0.000	0.0 0.0 0.0 0.0 0.0 0.0 0.0 0.0 0.0 0.0 0.0 0.0 0.0 0.0 0.0 0.0 0.0 0.0 0.0 0.0 0.0 0.0 0.0 0.0 0.0 0.0 0.0 0.0 0.0 0.0 0.0 0.0 0.0 0.0 0.0 0.0 0.0 0.2 1.4 3.7 6.9 10.3 13.1 14.7 14.8 13.2 10.3 6.8 3.5 1.1 0.0 0.0 0.0 0.0 0.0 0.0 0.0 0.0 0.0 0.0 0.0 0.0 0.0 0.0 0.0 0.0 0.0 0.0 0.0 0.0	0.4000 0.4632 0.5365 0.6213 0.7195 0.8332 0.9649 1.117 1.294 1.499 1.736 2.010 2.328 2.696 3.122 3.615 4.187 4.849 5.615 6.503 7.531 8.721 10.10 11.70 13.54 15.69 18.17 21.04 24.36 28.21 32.67 37.84 43.82 50.75 58.77 68.06 78.82 91.28 105.7 122.4 141.8 164.2 190.1 220.2 255.0 295.3 342.0 396.1 458.7 531.2 615.1 712.4 825.0 955.4 1106 1281 1484 1718 1990 2305 2669 3091 3580 4145 4801 5560 6439 7456 8635 1.000e4
268	Size	8 DMPC : 2 DMPG 0.1mg_ml TX100 100 microM 3	10 March 2026 11:34:18	50.0	192.2	0.288	253.4	0.000	0.000	100.0	0.0	0.0	81.73	0.000	0.000	0.0 0.0 0.0 0.0 0.0 0.0 0.0 0.0 0.0 0.0 0.0 0.0 0.0 0.0 0.0 0.0 0.0 0.0 0.0 0.0 0.0 0.0 0.0 0.0 0.0 0.0 0.0 0.0 0.0 0.0 0.0 0.0 0.0 0.0 0.0 0.0 0.0 0.0 0.1 2.0 5.7 10.1 14.0 16.4 16.5 14.5 10.8 6.5 2.8 0.6 0.0 0.0 0.0 0.0 0.0 0.0 0.0 0.0 0.0 0.0 0.0 0.0 0.0 0.0 0.0 0.0 0.0 0.0 0.0 0.0	0.4000 0.4632 0.5365 0.6213 0.7195 0.8332 0.9649 1.117 1.294 1.499 1.736 2.010 2.328 2.696 3.122 3.615 4.187 4.849 5.615 6.503 7.531 8.721 10.10 11.70 13.54 15.69 18.17 21.04 24.36 28.21 32.67 37.84 43.82 50.75 58.77 68.06 78.82 91.28 105.7 122.4 141.8 164.2 190.1 220.2 255.0 295.3 342.0 396.1 458.7 531.2 615.1 712.4 825.0 955.4 1106 1281 1484 1718 1990 2305 2669 3091 3580 4145 4801 5560 6439 7456 8635 1.000e4
270	Size	8 DMPC : 2 DMPG 0.1mg_ml NONE 0 microM 1	10 March 2026 12:00:54	50.0	121.1	0.337	174.5	4633	0.000	97.8	2.2	0.0	120.5	815.1	0.000	0.0 0.0 0.0 0.0 0.0 0.0 0.0 0.0 0.0 0.0 0.0 0.0 0.0 0.0 0.0 0.0 0.0 0.0 0.0 0.0 0.0 0.0 0.0 0.0 0.0 0.0 0.0 0.0 0.0 0.0 0.3 1.3 2.6 3.9 5.0 5.8 6.3 6.7 6.9 7.1 7.2 7.2 7.1 6.7 6.1 5.3 4.3 3.3 2.3 1.4 0.7 0.2 0.0 0.0 0.0 0.0 0.0 0.0 0.0 0.0 0.0 0.1 0.3 0.4 0.6 0.7 0.0 0.0 0.0 0.0	0.4000 0.4632 0.5365 0.6213 0.7195 0.8332 0.9649 1.117 1.294 1.499 1.736 2.010 2.328 2.696 3.122 3.615 4.187 4.849 5.615 6.503 7.531 8.721 10.10 11.70 13.54 15.69 18.17 21.04 24.36 28.21 32.67 37.84 43.82 50.75 58.77 68.06 78.82 91.28 105.7 122.4 141.8 164.2 190.1 220.2 255.0 295.3 342.0 396.1 458.7 531.2 615.1 712.4 825.0 955.4 1106 1281 1484 1718 1990 2305 2669 3091 3580 4145 4801 5560 6439 7456 8635 1.000e4
272	Size	8 DMPC : 2 DMPG 0.1mg_ml NONE 0 microM 2	10 March 2026 12:12:55	50.0	115.1	0.273	161.3	0.000	0.000	100.0	0.0	0.0	101.4	0.000	0.000	0.0 0.0 0.0 0.0 0.0 0.0 0.0 0.0 0.0 0.0 0.0 0.0 0.0 0.0 0.0 0.0 0.0 0.0 0.0 0.0 0.0 0.0 0.0 0.0 0.0 0.0 0.0 0.0 0.0 0.4 1.2 2.1 3.0 3.8 4.5 5.2 5.8 6.5 7.2 7.8 8.2 8.4 8.1 7.5 6.5 5.2 3.9 2.5 1.4 0.6 0.1 0.0 0.0 0.0 0.0 0.0 0.0 0.0 0.0 0.0 0.0 0.0 0.0 0.0 0.0 0.0 0.0 0.0 0.0 0.0	0.4000 0.4632 0.5365 0.6213 0.7195 0.8332 0.9649 1.117 1.294 1.499 1.736 2.010 2.328 2.696 3.122 3.615 4.187 4.849 5.615 6.503 7.531 8.721 10.10 11.70 13.54 15.69 18.17 21.04 24.36 28.21 32.67 37.84 43.82 50.75 58.77 68.06 78.82 91.28 105.7 122.4 141.8 164.2 190.1 220.2 255.0 295.3 342.0 396.1 458.7 531.2 615.1 712.4 825.0 955.4 1106 1281 1484 1718 1990 2305 2669 3091 3580 4145 4801 5560 6439 7456 8635 1.000e4
274	Size	8 DMPC : 2 DMPG 0.1mg_ml NONE 0 microM 3	10 March 2026 12:10:43	50.0	117.2	0.275	150.2	5258	0.000	98.9	1.1	0.0	83.59	436.3	0.000	0.0 0.0 0.0 0.0 0.0 0.0 0.0 0.0 0.0 0.0 0.0 0.0 0.0 0.0 0.0 0.0 0.0 0.0 0.0 0.0 0.0 0.0 0.0 0.0 0.0 0.0 0.0 0.0 0.0 0.1 0.9 2.1 3.2 4.0 4.6 5.1 5.6 6.4 7.4 8.4 9.1 9.4 9.1 8.1 6.5 4.6 2.8 1.2 0.3 0.0 0.0 0.0 0.0 0.0 0.0 0.0 0.0 0.0 0.0 0.0 0.0 0.0 0.0 0.1 0.3 0.7 0.0 0.0 0.0 0.0	0.4000 0.4632 0.5365 0.6213 0.7195 0.8332 0.9649 1.117 1.294 1.499 1.736 2.010 2.328 2.696 3.122 3.615 4.187 4.849 5.615 6.503 7.531 8.721 10.10 11.70 13.54 15.69 18.17 21.04 24.36 28.21 32.67 37.84 43.82 50.75 58.77 68.06 78.82 91.28 105.7 122.4 141.8 164.2 190.1 220.2 255.0 295.3 342.0 396.1 458.7 531.2 615.1 712.4 825.0 955.4 1106 1281 1484 1718 1990 2305 2669 3091 3580 4145 4801 5560 6439 7456 8635 1.000e4
280	Size	9 DMPC : 1 DMPG 0.1mg_ml NONE 0 microM 1	10 March 2026 12:38:28	50.0	75.21	0.136	84.65	0.000	0.000	100.0	0.0	0.0	31.98	0.000	0.000	0.0 0.0 0.0 0.0 0.0 0.0 0.0 0.0 0.0 0.0 0.0 0.0 0.0 0.0 0.0 0.0 0.0 0.0 0.0 0.0 0.0 0.0 0.0 0.0 0.0 0.0 0.0 0.0 0.0 0.0 0.2 2.1 5.4 9.1 12.3 14.3 14.6 13.5 11.2 8.2 5.3 2.7 1.0 0.1 0.0 0.0 0.0 0.0 0.0 0.0 0.0 0.0 0.0 0.0 0.0 0.0 0.0 0.0 0.0 0.0 0.0 0.0 0.0 0.0 0.0 0.0 0.0 0.0 0.0 0.0	0.4000 0.4632 0.5365 0.6213 0.7195 0.8332 0.9649 1.117 1.294 1.499 1.736 2.010 2.328 2.696 3.122 3.615 4.187 4.849 5.615 6.503 7.531 8.721 10.10 11.70 13.54 15.69 18.17 21.04 24.36 28.21 32.67 37.84 43.82 50.75 58.77 68.06 78.82 91.28 105.7 122.4 141.8 164.2 190.1 220.2 255.0 295.3 342.0 396.1 458.7 531.2 615.1 712.4 825.0 955.4 1106 1281 1484 1718 1990 2305 2669 3091 3580 4145 4801 5560 6439 7456 8635 1.000e4
281	Size	9 DMPC : 1 DMPG 0.1mg_ml NONE 0 microM 2	10 March 2026 12:40:51	50.0	75.13	0.158	80.41	4966	0.000	98.4	1.6	0.0	26.42	624.1	0.000	0.0 0.0 0.0 0.0 0.0 0.0 0.0 0.0 0.0 0.0 0.0 0.0 0.0 0.0 0.0 0.0 0.0 0.0 0.0 0.0 0.0 0.0 0.0 0.0 0.0 0.0 0.0 0.0 0.0 0.0 0.0 1.4 4.9 9.5 13.6 16.0 16.2 14.3 10.9 7.0 3.5 1.1 0.0 0.0 0.0 0.0 0.0 0.0 0.0 0.0 0.0 0.0 0.0 0.0 0.0 0.0 0.0 0.0 0.0 0.0 0.0 0.0 0.1 0.3 0.5 0.7 0.0 0.0 0.0 0.0	0.4000 0.4632 0.5365 0.6213 0.7195 0.8332 0.9649 1.117 1.294 1.499 1.736 2.010 2.328 2.696 3.122 3.615 4.187 4.849 5.615 6.503 7.531 8.721 10.10 11.70 13.54 15.69 18.17 21.04 24.36 28.21 32.67 37.84 43.82 50.75 58.77 68.06 78.82 91.28 105.7 122.4 141.8 164.2 190.1 220.2 255.0 295.3 342.0 396.1 458.7 531.2 615.1 712.4 825.0 955.4 1106 1281 1484 1718 1990 2305 2669 3091 3580 4145 4801 5560 6439 7456 8635 1.000e4
282	Size	9 DMPC : 1 DMPG 0.1mg_ml NONE 0 microM 3	10 March 2026 12:43:14	50.0	75.10	0.135	82.02	0.000	0.000	100.0	0.0	0.0	27.81	0.000	0.000	0.0 0.0 0.0 0.0 0.0 0.0 0.0 0.0 0.0 0.0 0.0 0.0 0.0 0.0 0.0 0.0 0.0 0.0 0.0 0.0 0.0 0.0 0.0 0.0 0.0 0.0 0.0 0.0 0.0 0.0 0.0 1.4 4.8 9.3 13.3 15.7 16.1 14.5 11.4 7.6 4.1 1.6 0.2 0.0 0.0 0.0 0.0 0.0 0.0 0.0 0.0 0.0 0.0 0.0 0.0 0.0 0.0 0.0 0.0 0.0 0.0 0.0 0.0 0.0 0.0 0.0 0.0 0.0 0.0 0.0	0.4000 0.4632 0.5365 0.6213 0.7195 0.8332 0.9649 1.117 1.294 1.499 1.736 2.010 2.328 2.696 3.122 3.615 4.187 4.849 5.615 6.503 7.531 8.721 10.10 11.70 13.54 15.69 18.17 21.04 24.36 28.21 32.67 37.84 43.82 50.75 58.77 68.06 78.82 91.28 105.7 122.4 141.8 164.2 190.1 220.2 255.0 295.3 342.0 396.1 458.7 531.2 615.1 712.4 825.0 955.4 1106 1281 1484 1718 1990 2305 2669 3091 3580 4145 4801 5560 6439 7456 8635 1.000e4
286	Size	9 DMPC : 1 DMPG 0.1 mg_ml C12E6 100 microM 1	10 March 2026 13:09:36	50.0	99.04	0.295	119.6	4571	0.000	95.6	4.4	0.0	66.47	842.9	0.000	0.0 0.0 0.0 0.0 0.0 0.0 0.0 0.0 0.0 0.0 0.0 0.0 0.0 0.0 0.0 0.0 0.0 0.0 0.0 0.0 0.0 0.0 0.0 0.0 0.0 0.0 0.0 0.0 0.0 0.0 0.8 2.1 3.7 5.4 6.8 8.0 8.8 9.3 9.3 9.0 8.3 7.2 6.0 4.5 3.2 1.9 0.9 0.3 0.0 0.0 0.0 0.0 0.0 0.0 0.0 0.0 0.0 0.0 0.0 0.0 0.1 0.3 0.6 0.9 1.2 1.3 0.0 0.0 0.0 0.0	0.4000 0.4632 0.5365 0.6213 0.7195 0.8332 0.9649 1.117 1.294 1.499 1.736 2.010 2.328 2.696 3.122 3.615 4.187 4.849 5.615 6.503 7.531 8.721 10.10 11.70 13.54 15.69 18.17 21.04 24.36 28.21 32.67 37.84 43.82 50.75 58.77 68.06 78.82 91.28 105.7 122.4 141.8 164.2 190.1 220.2 255.0 295.3 342.0 396.1 458.7 531.2 615.1 712.4 825.0 955.4 1106 1281 1484 1718 1990 2305 2669 3091 3580 4145 4801 5560 6439 7456 8635 1.000e4
287	Size	9 DMPC : 1 DMPG 0.1 mg_ml C12E6 100 microM 2	10 March 2026 13:11:58	50.0	109.1	0.276	137.4	4484	0.000	97.0	3.0	0.0	78.61	887.8	0.000	0.0 0.0 0.0 0.0 0.0 0.0 0.0 0.0 0.0 0.0 0.0 0.0 0.0 0.0 0.0 0.0 0.0 0.0 0.0 0.0 0.0 0.0 0.0 0.0 0.0 0.0 0.0 0.0 0.0 0.0 0.4 1.2 2.5 3.9 5.4 6.8 8.0 8.9 9.3 9.4 9.0 8.2 7.1 5.8 4.4 3.1 1.9 1.0 0.4 0.1 0.0 0.0 0.0 0.0 0.0 0.0 0.0 0.0 0.0 0.0 0.1 0.2 0.4 0.6 0.8 0.8 0.0 0.0 0.0 0.0	0.4000 0.4632 0.5365 0.6213 0.7195 0.8332 0.9649 1.117 1.294 1.499 1.736 2.010 2.328 2.696 3.122 3.615 4.187 4.849 5.615 6.503 7.531 8.721 10.10 11.70 13.54 15.69 18.17 21.04 24.36 28.21 32.67 37.84 43.82 50.75 58.77 68.06 78.82 91.28 105.7 122.4 141.8 164.2 190.1 220.2 255.0 295.3 342.0 396.1 458.7 531.2 615.1 712.4 825.0 955.4 1106 1281 1484 1718 1990 2305 2669 3091 3580 4145 4801 5560 6439 7456 8635 1.000e4
288	Size	9 DMPC : 1 DMPG 0.1 mg_ml C12E6 100 microM 3	10 March 2026 13:14:21	50.0	111.1	0.243	135.3	4888	0.000	98.0	2.0	0.0	69.08	678.1	0.000	0.0 0.0 0.0 0.0 0.0 0.0 0.0 0.0 0.0 0.0 0.0 0.0 0.0 0.0 0.0 0.0 0.0 0.0 0.0 0.0 0.0 0.0 0.0 0.0 0.0 0.0 0.0 0.0 0.0 0.3 0.8 1.4 2.2 3.2 4.4 5.9 7.4 8.8 9.9 10.4 10.3 9.5 8.2 6.4 4.5 2.7 1.3 0.4 0.0 0.0 0.0 0.0 0.0 0.0 0.0 0.0 0.0 0.0 0.0 0.0 0.0 0.0 0.1 0.4 0.6 0.8 0.0 0.0 0.0 0.0	0.4000 0.4632 0.5365 0.6213 0.7195 0.8332 0.9649 1.117 1.294 1.499 1.736 2.010 2.328 2.696 3.122 3.615 4.187 4.849 5.615 6.503 7.531 8.721 10.10 11.70 13.54 15.69 18.17 21.04 24.36 28.21 32.67 37.84 43.82 50.75 58.77 68.06 78.82 91.28 105.7 122.4 141.8 164.2 190.1 220.2 255.0 295.3 342.0 396.1 458.7 531.2 615.1 712.4 825.0 955.4 1106 1281 1484 1718 1990 2305 2669 3091 3580 4145 4801 5560 6439 7456 8635 1.000e4
292	Size	9 DMPC : 1 DMPG 0.1 mg_ml DDAC 100 microM 1	10 March 2026 14:22:58	50.0	88.77	0.225	73.93	0.000	0.000	100.0	0.0	0.0	18.93	0.000	0.000	0.0 0.0 0.0 0.0 0.0 0.0 0.0 0.0 0.0 0.0 0.0 0.0 0.0 0.0 0.0 0.0 0.0 0.0 0.0 0.0 0.0 0.0 0.0 0.0 0.0 0.0 0.0 0.0 0.0 0.0 0.0 0.5 4.4 10.9 17.1 20.5 19.8 15.2 8.7 2.9 0.0 0.0 0.0 0.0 0.0 0.0 0.0 0.0 0.0 0.0 0.0 0.0 0.0 0.0 0.0 0.0 0.0 0.0 0.0 0.0 0.0 0.0 0.0 0.0 0.0 0.0 0.0 0.0 0.0 0.0	0.4000 0.4632 0.5365 0.6213 0.7195 0.8332 0.9649 1.117 1.294 1.499 1.736 2.010 2.328 2.696 3.122 3.615 4.187 4.849 5.615 6.503 7.531 8.721 10.10 11.70 13.54 15.69 18.17 21.04 24.36 28.21 32.67 37.84 43.82 50.75 58.77 68.06 78.82 91.28 105.7 122.4 141.8 164.2 190.1 220.2 255.0 295.3 342.0 396.1 458.7 531.2 615.1 712.4 825.0 955.4 1106 1281 1484 1718 1990 2305 2669 3091 3580 4145 4801 5560 6439 7456 8635 1.000e4
293	Size	9 DMPC : 1 DMPG 0.1 mg_ml DDAC 100 microM 2	10 March 2026 14:25:21	50.0	340.2	0.433	50.51	0.000	0.000	100.0	0.0	0.0	5.435	0.000	0.000	0.0 0.0 0.0 0.0 0.0 0.0 0.0 0.0 0.0 0.0 0.0 0.0 0.0 0.0 0.0 0.0 0.0 0.0 0.0 0.0 0.0 0.0 0.0 0.0 0.0 0.0 0.0 0.0 0.0 0.0 0.0 0.0 30.4 46.3 23.3 0.0 0.0 0.0 0.0 0.0 0.0 0.0 0.0 0.0 0.0 0.0 0.0 0.0 0.0 0.0 0.0 0.0 0.0 0.0 0.0 0.0 0.0 0.0 0.0 0.0 0.0 0.0 0.0 0.0 0.0 0.0 0.0 0.0 0.0 0.0	0.4000 0.4632 0.5365 0.6213 0.7195 0.8332 0.9649 1.117 1.294 1.499 1.736 2.010 2.328 2.696 3.122 3.615 4.187 4.849 5.615 6.503 7.531 8.721 10.10 11.70 13.54 15.69 18.17 21.04 24.36 28.21 32.67 37.84 43.82 50.75 58.77 68.06 78.82 91.28 105.7 122.4 141.8 164.2 190.1 220.2 255.0 295.3 342.0 396.1 458.7 531.2 615.1 712.4 825.0 955.4 1106 1281 1484 1718 1990 2305 2669 3091 3580 4145 4801 5560 6439 7456 8635 1.000e4
294	Size	9 DMPC : 1 DMPG 0.1 mg_ml DDAC 100 microM 3	10 March 2026 14:27:44	50.0	160.2	0.154	79.05	0.000	0.000	100.0	0.0	0.0	23.18	0.000	0.000	0.0 0.0 0.0 0.0 0.0 0.0 0.0 0.0 0.0 0.0 0.0 0.0 0.0 0.0 0.0 0.0 0.0 0.0 0.0 0.0 0.0 0.0 0.0 0.0 0.0 0.0 0.0 0.0 0.0 0.0 0.0 1.3 4.4 8.9 13.5 17.0 18.1 16.2 11.9 6.5 2.0 0.0 0.0 0.0 0.0 0.0 0.0 0.0 0.0 0.0 0.0 0.0 0.0 0.0 0.0 0.0 0.0 0.0 0.0 0.0 0.0 0.0 0.0 0.0 0.0 0.0 0.0 0.0 0.0 0.0	0.4000 0.4632 0.5365 0.6213 0.7195 0.8332 0.9649 1.117 1.294 1.499 1.736 2.010 2.328 2.696 3.122 3.615 4.187 4.849 5.615 6.503 7.531 8.721 10.10 11.70 13.54 15.69 18.17 21.04 24.36 28.21 32.67 37.84 43.82 50.75 58.77 68.06 78.82 91.28 105.7 122.4 141.8 164.2 190.1 220.2 255.0 295.3 342.0 396.1 458.7 531.2 615.1 712.4 825.0 955.4 1106 1281 1484 1718 1990 2305 2669 3091 3580 4145 4801 5560 6439 7456 8635 1.000e4
310	Size	7 DMPC : 3 DMPG 0.1 mg_ml NONE 0 microM 1	10 March 2026 15:39:23	50.0	110.6	0.286	125.1	4528	0.000	94.8	5.2	0.0	63.80	879.1	0.000	0.0 0.0 0.0 0.0 0.0 0.0 0.0 0.0 0.0 0.0 0.0 0.0 0.0 0.0 0.0 0.0 0.0 0.0 0.0 0.0 0.0 0.0 0.0 0.0 0.0 0.0 0.0 0.0 0.0 0.0 0.0 0.3 1.5 3.5 5.8 8.0 9.7 10.7 10.9 10.4 9.3 7.8 6.1 4.4 3.0 1.8 0.9 0.4 0.1 0.0 0.0 0.0 0.0 0.0 0.0 0.0 0.0 0.0 0.0 0.0 0.2 0.4 0.7 1.0 1.4 1.6 0.0 0.0 0.0 0.0	0.4000 0.4632 0.5365 0.6213 0.7195 0.8332 0.9649 1.117 1.294 1.499 1.736 2.010 2.328 2.696 3.122 3.615 4.187 4.849 5.615 6.503 7.531 8.721 10.10 11.70 13.54 15.69 18.17 21.04 24.36 28.21 32.67 37.84 43.82 50.75 58.77 68.06 78.82 91.28 105.7 122.4 141.8 164.2 190.1 220.2 255.0 295.3 342.0 396.1 458.7 531.2 615.1 712.4 825.0 955.4 1106 1281 1484 1718 1990 2305 2669 3091 3580 4145 4801 5560 6439 7456 8635 1.000e4
311	Size	7 DMPC : 3 DMPG 0.1 mg_ml NONE 0 microM 2	10 March 2026 15:41:36	50.0	122.5	0.348	303.9	0.000	0.000	100.0	0.0	0.0	542.5	0.000	0.000	0.0 0.0 0.0 0.0 0.0 0.0 0.0 0.0 0.0 0.0 0.0 0.0 0.0 0.0 0.0 0.0 0.0 0.0 0.0 0.0 0.0 0.0 0.0 0.0 0.0 0.0 0.0 0.0 0.0 0.0 0.0 0.6 1.8 3.5 5.2 6.6 7.6 8.1 8.1 7.7 7.1 6.3 5.5 4.7 4.0 3.3 2.8 2.3 2.0 1.7 1.5 1.3 1.2 1.1 1.0 0.9 0.8 0.7 0.6 0.5 0.4 0.4 0.3 0.2 0.2 0.1 0.0 0.0 0.0 0.0	0.4000 0.4632 0.5365 0.6213 0.7195 0.8332 0.9649 1.117 1.294 1.499 1.736 2.010 2.328 2.696 3.122 3.615 4.187 4.849 5.615 6.503 7.531 8.721 10.10 11.70 13.54 15.69 18.17 21.04 24.36 28.21 32.67 37.84 43.82 50.75 58.77 68.06 78.82 91.28 105.7 122.4 141.8 164.2 190.1 220.2 255.0 295.3 342.0 396.1 458.7 531.2 615.1 712.4 825.0 955.4 1106 1281 1484 1718 1990 2305 2669 3091 3580 4145 4801 5560 6439 7456 8635 1.000e4
312	Size	7 DMPC : 3 DMPG 0.1 mg_ml NONE 0 microM 3	10 March 2026 15:43:48	50.0	134.4	0.339	161.2	3973	0.000	91.6	8.4	0.0	99.72	1117	0.000	0.0 0.0 0.0 0.0 0.0 0.0 0.0 0.0 0.0 0.0 0.0 0.0 0.0 0.0 0.0 0.0 0.0 0.0 0.0 0.0 0.0 0.0 0.0 0.0 0.0 0.0 0.0 0.0 0.0 0.1 0.3 0.8 1.5 2.6 3.8 5.1 6.3 7.4 8.2 8.5 8.5 8.1 7.4 6.4 5.3 4.1 3.0 2.0 1.2 0.7 0.3 0.1 0.0 0.0 0.0 0.0 0.0 0.1 0.3 0.5 0.7 1.0 1.2 1.4 1.6 1.6 0.0 0.0 0.0 0.0	0.4000 0.4632 0.5365 0.6213 0.7195 0.8332 0.9649 1.117 1.294 1.499 1.736 2.010 2.328 2.696 3.122 3.615 4.187 4.849 5.615 6.503 7.531 8.721 10.10 11.70 13.54 15.69 18.17 21.04 24.36 28.21 32.67 37.84 43.82 50.75 58.77 68.06 78.82 91.28 105.7 122.4 141.8 164.2 190.1 220.2 255.0 295.3 342.0 396.1 458.7 531.2 615.1 712.4 825.0 955.4 1106 1281 1484 1718 1990 2305 2669 3091 3580 4145 4801 5560 6439 7456 8635 1.000e4
313	Size	7 DMPC : 3 DMPG 0.05 mg_ml NONE 0 microM 1	10 March 2026 14:49:09	50.0	98.17	0.214	101.7	5184	0.000	97.8	2.2	0.0	35.17	483.0	0.000	0.0 0.0 0.0 0.0 0.0 0.0 0.0 0.0 0.0 0.0 0.0 0.0 0.0 0.0 0.0 0.0 0.0 0.0 0.0 0.0 0.0 0.0 0.0 0.0 0.0 0.0 0.0 0.0 0.0 0.0 0.0 0.0 0.8 3.4 7.2 11.1 14.1 15.4 14.8 12.6 9.3 5.8 2.7 0.7 0.0 0.0 0.0 0.0 0.0 0.0 0.0 0.0 0.0 0.0 0.0 0.0 0.0 0.0 0.0 0.0 0.0 0.0 0.0 0.2 0.7 1.3 0.0 0.0 0.0 0.0	0.4000 0.4632 0.5365 0.6213 0.7195 0.8332 0.9649 1.117 1.294 1.499 1.736 2.010 2.328 2.696 3.122 3.615 4.187 4.849 5.615 6.503 7.531 8.721 10.10 11.70 13.54 15.69 18.17 21.04 24.36 28.21 32.67 37.84 43.82 50.75 58.77 68.06 78.82 91.28 105.7 122.4 141.8 164.2 190.1 220.2 255.0 295.3 342.0 396.1 458.7 531.2 615.1 712.4 825.0 955.4 1106 1281 1484 1718 1990 2305 2669 3091 3580 4145 4801 5560 6439 7456 8635 1.000e4
314	Size	7 DMPC : 3 DMPG 0.05 mg_ml NONE 0 microM 1	10 March 2026 14:51:21	50.0	92.38	0.261	93.59	5381	0.000	98.2	1.8	0.0	34.32	321.8	0.000	0.0 0.0 0.0 0.0 0.0 0.0 0.0 0.0 0.0 0.0 0.0 0.0 0.0 0.0 0.0 0.0 0.0 0.0 0.0 0.0 0.0 0.0 0.0 0.0 0.0 0.0 0.0 0.0 0.0 0.0 0.0 0.9 3.1 6.1 9.4 12.3 14.0 14.4 13.2 10.8 7.6 4.3 1.7 0.3 0.0 0.0 0.0 0.0 0.0 0.0 0.0 0.0 0.0 0.0 0.0 0.0 0.0 0.0 0.0 0.0 0.0 0.0 0.0 0.0 0.4 1.4 0.0 0.0 0.0 0.0	0.4000 0.4632 0.5365 0.6213 0.7195 0.8332 0.9649 1.117 1.294 1.499 1.736 2.010 2.328 2.696 3.122 3.615 4.187 4.849 5.615 6.503 7.531 8.721 10.10 11.70 13.54 15.69 18.17 21.04 24.36 28.21 32.67 37.84 43.82 50.75 58.77 68.06 78.82 91.28 105.7 122.4 141.8 164.2 190.1 220.2 255.0 295.3 342.0 396.1 458.7 531.2 615.1 712.4 825.0 955.4 1106 1281 1484 1718 1990 2305 2669 3091 3580 4145 4801 5560 6439 7456 8635 1.000e4
315	Size	7 DMPC : 3 DMPG 0.05 mg_ml NONE 0 microM 1	10 March 2026 14:53:34	50.0	102.6	0.221	71.05	0.000	0.000	100.0	0.0	0.0	13.28	0.000	0.000	0.0 0.0 0.0 0.0 0.0 0.0 0.0 0.0 0.0 0.0 0.0 0.0 0.0 0.0 0.0 0.0 0.0 0.0 0.0 0.0 0.0 0.0 0.0 0.0 0.0 0.0 0.0 0.0 0.0 0.0 0.0 0.0 0.0 9.5 22.0 28.4 24.3 13.0 2.8 0.0 0.0 0.0 0.0 0.0 0.0 0.0 0.0 0.0 0.0 0.0 0.0 0.0 0.0 0.0 0.0 0.0 0.0 0.0 0.0 0.0 0.0 0.0 0.0 0.0 0.0 0.0 0.0 0.0 0.0 0.0	0.4000 0.4632 0.5365 0.6213 0.7195 0.8332 0.9649 1.117 1.294 1.499 1.736 2.010 2.328 2.696 3.122 3.615 4.187 4.849 5.615 6.503 7.531 8.721 10.10 11.70 13.54 15.69 18.17 21.04 24.36 28.21 32.67 37.84 43.82 50.75 58.77 68.06 78.82 91.28 105.7 122.4 141.8 164.2 190.1 220.2 255.0 295.3 342.0 396.1 458.7 531.2 615.1 712.4 825.0 955.4 1106 1281 1484 1718 1990 2305 2669 3091 3580 4145 4801 5560 6439 7456 8635 1.000e4
319	Size	7 DMPC : 3 DMPG 0.1 mg_ml C12E6 100 microM 1	10 March 2026 15:56:06	50.0	117.0	0.315	143.0	3705	0.000	93.3	6.7	0.0	84.89	1178	0.000	0.0 0.0 0.0 0.0 0.0 0.0 0.0 0.0 0.0 0.0 0.0 0.0 0.0 0.0 0.0 0.0 0.0 0.0 0.0 0.0 0.0 0.0 0.0 0.0 0.0 0.0 0.0 0.0 0.0 0.0 0.2 0.9 2.1 3.5 5.0 6.4 7.6 8.5 9.0 9.0 8.6 7.9 6.9 5.7 4.4 3.2 2.2 1.3 0.7 0.3 0.1 0.0 0.0 0.0 0.0 0.0 0.1 0.2 0.4 0.5 0.7 0.8 1.0 1.0 1.0 1.0 0.0 0.0 0.0 0.0	0.4000 0.4632 0.5365 0.6213 0.7195 0.8332 0.9649 1.117 1.294 1.499 1.736 2.010 2.328 2.696 3.122 3.615 4.187 4.849 5.615 6.503 7.531 8.721 10.10 11.70 13.54 15.69 18.17 21.04 24.36 28.21 32.67 37.84 43.82 50.75 58.77 68.06 78.82 91.28 105.7 122.4 141.8 164.2 190.1 220.2 255.0 295.3 342.0 396.1 458.7 531.2 615.1 712.4 825.0 955.4 1106 1281 1484 1718 1990 2305 2669 3091 3580 4145 4801 5560 6439 7456 8635 1.000e4
320	Size	7 DMPC : 3 DMPG 0.1 mg_ml C12E6 100 microM 2	10 March 2026 15:58:18	50.0	116.1	0.203	93.51	0.000	0.000	100.0	0.0	0.0	31.87	0.000	0.000	0.0 0.0 0.0 0.0 0.0 0.0 0.0 0.0 0.0 0.0 0.0 0.0 0.0 0.0 0.0 0.0 0.0 0.0 0.0 0.0 0.0 0.0 0.0 0.0 0.0 0.0 0.0 0.0 0.0 0.0 0.0 0.7 2.6 5.5 9.0 12.4 14.9 15.7 14.6 11.7 7.9 4.0 1.1 0.0 0.0 0.0 0.0 0.0 0.0 0.0 0.0 0.0 0.0 0.0 0.0 0.0 0.0 0.0 0.0 0.0 0.0 0.0 0.0 0.0 0.0 0.0 0.0 0.0 0.0 0.0	0.4000 0.4632 0.5365 0.6213 0.7195 0.8332 0.9649 1.117 1.294 1.499 1.736 2.010 2.328 2.696 3.122 3.615 4.187 4.849 5.615 6.503 7.531 8.721 10.10 11.70 13.54 15.69 18.17 21.04 24.36 28.21 32.67 37.84 43.82 50.75 58.77 68.06 78.82 91.28 105.7 122.4 141.8 164.2 190.1 220.2 255.0 295.3 342.0 396.1 458.7 531.2 615.1 712.4 825.0 955.4 1106 1281 1484 1718 1990 2305 2669 3091 3580 4145 4801 5560 6439 7456 8635 1.000e4
321	Size	7 DMPC : 3 DMPG 0.1 mg_ml C12E6 100 microM 3	10 March 2026 16:00:31	50.0	159.2	0.339	131.3	681.7	5270	88.3	6.8	4.9	58.06	177.3	428.7	0.0 0.0 0.0 0.0 0.0 0.0 0.0 0.0 0.0 0.0 0.0 0.0 0.0 0.0 0.0 0.0 0.0 0.0 0.0 0.0 0.0 0.0 0.0 0.0 0.0 0.0 0.0 0.0 0.0 0.0 0.0 0.0 0.3 1.4 3.3 5.8 8.2 10.3 11.5 11.6 10.7 9.0 6.9 4.6 2.7 1.3 0.6 0.4 0.6 1.0 1.3 1.4 1.1 0.7 0.2 0.0 0.0 0.0 0.0 0.0 0.0 0.0 0.0 0.3 1.4 3.3 0.0 0.0 0.0 0.0	0.4000 0.4632 0.5365 0.6213 0.7195 0.8332 0.9649 1.117 1.294 1.499 1.736 2.010 2.328 2.696 3.122 3.615 4.187 4.849 5.615 6.503 7.531 8.721 10.10 11.70 13.54 15.69 18.17 21.04 24.36 28.21 32.67 37.84 43.82 50.75 58.77 68.06 78.82 91.28 105.7 122.4 141.8 164.2 190.1 220.2 255.0 295.3 342.0 396.1 458.7 531.2 615.1 712.4 825.0 955.4 1106 1281 1484 1718 1990 2305 2669 3091 3580 4145 4801 5560 6439 7456 8635 1.000e4
325	Size	7 DMPC : 3 DMPG 0.1 mg_ml DDAC 100 microM 1	10 March 2026 16:14:38	50.0	138.0	0.383	192.0	4636	0.000	93.2	6.8	0.0	167.0	820.0	0.000	0.0 0.0 0.0 0.0 0.0 0.0 0.0 0.0 0.0 0.0 0.0 0.0 0.0 0.0 0.0 0.0 0.0 0.0 0.0 0.0 0.0 0.0 0.0 0.0 0.0 0.0 0.0 0.0 0.0 0.0 0.0 0.0 1.2 3.2 5.4 7.1 8.1 8.3 7.9 7.2 6.4 5.6 4.9 4.4 4.1 3.7 3.4 3.1 2.7 2.2 1.7 1.2 0.7 0.4 0.1 0.0 0.0 0.0 0.0 0.0 0.1 0.4 0.8 1.4 1.9 2.2 0.0 0.0 0.0 0.0	0.4000 0.4632 0.5365 0.6213 0.7195 0.8332 0.9649 1.117 1.294 1.499 1.736 2.010 2.328 2.696 3.122 3.615 4.187 4.849 5.615 6.503 7.531 8.721 10.10 11.70 13.54 15.69 18.17 21.04 24.36 28.21 32.67 37.84 43.82 50.75 58.77 68.06 78.82 91.28 105.7 122.4 141.8 164.2 190.1 220.2 255.0 295.3 342.0 396.1 458.7 531.2 615.1 712.4 825.0 955.4 1106 1281 1484 1718 1990 2305 2669 3091 3580 4145 4801 5560 6439 7456 8635 1.000e4
326	Size	7 DMPC : 3 DMPG 0.1 mg_ml DDAC 100 microM 2	10 March 2026 16:16:40	50.0	128.5	0.363	182.3	4013	0.000	92.0	8.0	0.0	192.5	1154	0.000	0.0 0.0 0.0 0.0 0.0 0.0 0.0 0.0 0.0 0.0 0.0 0.0 0.0 0.0 0.0 0.0 0.0 0.0 0.0 0.0 0.0 0.0 0.0 0.0 0.0 0.0 0.0 0.0 0.0 0.1 0.6 1.4 2.4 3.5 4.6 5.6 6.6 7.3 7.8 7.9 7.6 7.1 6.3 5.4 4.4 3.4 2.6 1.9 1.4 1.0 0.8 0.6 0.5 0.4 0.3 0.3 0.3 0.3 0.3 0.4 0.6 0.8 1.1 1.4 1.6 1.6 0.0 0.0 0.0 0.0	0.4000 0.4632 0.5365 0.6213 0.7195 0.8332 0.9649 1.117 1.294 1.499 1.736 2.010 2.328 2.696 3.122 3.615 4.187 4.849 5.615 6.503 7.531 8.721 10.10 11.70 13.54 15.69 18.17 21.04 24.36 28.21 32.67 37.84 43.82 50.75 58.77 68.06 78.82 91.28 105.7 122.4 141.8 164.2 190.1 220.2 255.0 295.3 342.0 396.1 458.7 531.2 615.1 712.4 825.0 955.4 1106 1281 1484 1718 1990 2305 2669 3091 3580 4145 4801 5560 6439 7456 8635 1.000e4
327	Size	7 DMPC : 3 DMPG 0.1 mg_ml DDAC 100 microM 3	10 March 2026 16:18:43	50.0	132.3	0.384	404.7	0.000	0.000	100.0	0.0	0.0	741.4	0.000	0.000	0.0 0.0 0.0 0.0 0.0 0.0 0.0 0.0 0.0 0.0 0.0 0.0 0.0 0.0 0.0 0.0 0.0 0.0 0.0 0.0 0.0 0.0 0.0 0.0 0.0 0.0 0.0 0.0 0.0 0.0 0.2 0.9 2.0 3.3 4.6 5.7 6.6 7.1 7.3 7.1 6.8 6.2 5.6 4.9 4.1 3.5 2.9 2.4 2.0 1.7 1.5 1.4 1.3 1.2 1.2 1.2 1.1 1.1 1.0 0.9 0.8 0.7 0.6 0.5 0.4 0.3 0.0 0.0 0.0 0.0	0.4000 0.4632 0.5365 0.6213 0.7195 0.8332 0.9649 1.117 1.294 1.499 1.736 2.010 2.328 2.696 3.122 3.615 4.187 4.849 5.615 6.503 7.531 8.721 10.10 11.70 13.54 15.69 18.17 21.04 24.36 28.21 32.67 37.84 43.82 50.75 58.77 68.06 78.82 91.28 105.7 122.4 141.8 164.2 190.1 220.2 255.0 295.3 342.0 396.1 458.7 531.2 615.1 712.4 825.0 955.4 1106 1281 1484 1718 1990 2305 2669 3091 3580 4145 4801 5560 6439 7456 8635 1.000e4
331	Size	7 DMPC : 3 DMPG 0.1 mg_ml TX100 100 microM 1	10 March 2026 16:34:58	50.0	281.7	0.155	325.3	0.000	0.000	100.0	0.0	0.0	111.0	0.000	0.000	0.0 0.0 0.0 0.0 0.0 0.0 0.0 0.0 0.0 0.0 0.0 0.0 0.0 0.0 0.0 0.0 0.0 0.0 0.0 0.0 0.0 0.0 0.0 0.0 0.0 0.0 0.0 0.0 0.0 0.0 0.0 0.0 0.0 0.0 0.0 0.0 0.0 0.0 0.0 0.0 1.0 3.6 7.5 11.4 14.5 15.9 15.3 12.9 9.4 5.6 2.4 0.5 0.0 0.0 0.0 0.0 0.0 0.0 0.0 0.0 0.0 0.0 0.0 0.0 0.0 0.0 0.0 0.0 0.0 0.0	0.4000 0.4632 0.5365 0.6213 0.7195 0.8332 0.9649 1.117 1.294 1.499 1.736 2.010 2.328 2.696 3.122 3.615 4.187 4.849 5.615 6.503 7.531 8.721 10.10 11.70 13.54 15.69 18.17 21.04 24.36 28.21 32.67 37.84 43.82 50.75 58.77 68.06 78.82 91.28 105.7 122.4 141.8 164.2 190.1 220.2 255.0 295.3 342.0 396.1 458.7 531.2 615.1 712.4 825.0 955.4 1106 1281 1484 1718 1990 2305 2669 3091 3580 4145 4801 5560 6439 7456 8635 1.000e4
332	Size	7 DMPC : 3 DMPG 0.1 mg_ml TX100 100 microM 2	10 March 2026 16:37:01	50.0	406.7	0.264	204.2	0.000	0.000	100.0	0.0	0.0	29.86	0.000	0.000	0.0 0.0 0.0 0.0 0.0 0.0 0.0 0.0 0.0 0.0 0.0 0.0 0.0 0.0 0.0 0.0 0.0 0.0 0.0 0.0 0.0 0.0 0.0 0.0 0.0 0.0 0.0 0.0 0.0 0.0 0.0 0.0 0.0 0.0 0.0 0.0 0.0 0.0 0.0 0.0 1.6 18.1 33.2 31.9 15.3 0.0 0.0 0.0 0.0 0.0 0.0 0.0 0.0 0.0 0.0 0.0 0.0 0.0 0.0 0.0 0.0 0.0 0.0 0.0 0.0 0.0 0.0 0.0 0.0 0.0	0.4000 0.4632 0.5365 0.6213 0.7195 0.8332 0.9649 1.117 1.294 1.499 1.736 2.010 2.328 2.696 3.122 3.615 4.187 4.849 5.615 6.503 7.531 8.721 10.10 11.70 13.54 15.69 18.17 21.04 24.36 28.21 32.67 37.84 43.82 50.75 58.77 68.06 78.82 91.28 105.7 122.4 141.8 164.2 190.1 220.2 255.0 295.3 342.0 396.1 458.7 531.2 615.1 712.4 825.0 955.4 1106 1281 1484 1718 1990 2305 2669 3091 3580 4145 4801 5560 6439 7456 8635 1.000e4
333	Size	7 DMPC : 3 DMPG 0.1 mg_ml TX100 100 microM 3	10 March 2026 16:39:03	50.0	213.6	0.260	234.2	4514	0.000	94.5	5.5	0.0	97.11	872.0	0.000	0.0 0.0 0.0 0.0 0.0 0.0 0.0 0.0 0.0 0.0 0.0 0.0 0.0 0.0 0.0 0.0 0.0 0.0 0.0 0.0 0.0 0.0 0.0 0.0 0.0 0.0 0.0 0.0 0.0 0.0 0.0 0.0 0.0 0.0 0.0 0.0 0.1 1.2 3.3 6.1 9.0 11.2 12.5 12.6 11.6 9.8 7.5 5.1 2.9 1.3 0.4 0.0 0.0 0.0 0.0 0.0 0.0 0.0 0.0 0.0 0.2 0.4 0.8 1.1 1.4 1.6 0.0 0.0 0.0 0.0	0.4000 0.4632 0.5365 0.6213 0.7195 0.8332 0.9649 1.117 1.294 1.499 1.736 2.010 2.328 2.696 3.122 3.615 4.187 4.849 5.615 6.503 7.531 8.721 10.10 11.70 13.54 15.69 18.17 21.04 24.36 28.21 32.67 37.84 43.82 50.75 58.77 68.06 78.82 91.28 105.7 122.4 141.8 164.2 190.1 220.2 255.0 295.3 342.0 396.1 458.7 531.2 615.1 712.4 825.0 955.4 1106 1281 1484 1718 1990 2305 2669 3091 3580 4145 4801 5560 6439 7456 8635 1.000e4
337	Size	9 DMPC : 1 DMPG 0.1 mg_ml TX100 100 microM 1	10 March 2026 16:53:42	50.0	294.9	0.255	324.4	5373	0.000	98.6	1.4	0.0	113.1	327.1	0.000	0.0 0.0 0.0 0.0 0.0 0.0 0.0 0.0 0.0 0.0 0.0 0.0 0.0 0.0 0.0 0.0 0.0 0.0 0.0 0.0 0.0 0.0 0.0 0.0 0.0 0.0 0.0 0.0 0.0 0.0 0.0 0.0 0.0 0.0 0.0 0.0 0.0 0.0 0.0 0.0 1.1 3.9 7.7 11.5 14.3 15.4 14.7 12.4 9.0 5.5 2.5 0.7 0.0 0.0 0.0 0.0 0.0 0.0 0.0 0.0 0.0 0.0 0.0 0.0 0.3 1.0 0.0 0.0 0.0 0.0	0.4000 0.4632 0.5365 0.6213 0.7195 0.8332 0.9649 1.117 1.294 1.499 1.736 2.010 2.328 2.696 3.122 3.615 4.187 4.849 5.615 6.503 7.531 8.721 10.10 11.70 13.54 15.69 18.17 21.04 24.36 28.21 32.67 37.84 43.82 50.75 58.77 68.06 78.82 91.28 105.7 122.4 141.8 164.2 190.1 220.2 255.0 295.3 342.0 396.1 458.7 531.2 615.1 712.4 825.0 955.4 1106 1281 1484 1718 1990 2305 2669 3091 3580 4145 4801 5560 6439 7456 8635 1.000e4
338	Size	9 DMPC : 1 DMPG 0.1 mg_ml TX100 100 microM 2	10 March 2026 16:55:55	50.0	273.4	0.228	316.3	5212	0.000	98.8	1.2	0.0	125.0	467.6	0.000	0.0 0.0 0.0 0.0 0.0 0.0 0.0 0.0 0.0 0.0 0.0 0.0 0.0 0.0 0.0 0.0 0.0 0.0 0.0 0.0 0.0 0.0 0.0 0.0 0.0 0.0 0.0 0.0 0.0 0.0 0.0 0.0 0.0 0.0 0.0 0.0 0.0 0.0 0.0 0.8 2.8 5.8 9.1 11.8 13.5 13.8 12.8 10.8 8.1 5.3 2.9 1.1 0.2 0.0 0.0 0.0 0.0 0.0 0.0 0.0 0.0 0.0 0.0 0.1 0.4 0.7 0.0 0.0 0.0 0.0	0.4000 0.4632 0.5365 0.6213 0.7195 0.8332 0.9649 1.117 1.294 1.499 1.736 2.010 2.328 2.696 3.122 3.615 4.187 4.849 5.615 6.503 7.531 8.721 10.10 11.70 13.54 15.69 18.17 21.04 24.36 28.21 32.67 37.84 43.82 50.75 58.77 68.06 78.82 91.28 105.7 122.4 141.8 164.2 190.1 220.2 255.0 295.3 342.0 396.1 458.7 531.2 615.1 712.4 825.0 955.4 1106 1281 1484 1718 1990 2305 2669 3091 3580 4145 4801 5560 6439 7456 8635 1.000e4
339	Size	9 DMPC : 1 DMPG 0.1 mg_ml TX100 100 microM 3	10 March 2026 16:58:08	50.0	260.7	0.300	236.0	0.000	0.000	100.0	0.0	0.0	62.11	0.000	0.000	0.0 0.0 0.0 0.0 0.0 0.0 0.0 0.0 0.0 0.0 0.0 0.0 0.0 0.0 0.0 0.0 0.0 0.0 0.0 0.0 0.0 0.0 0.0 0.0 0.0 0.0 0.0 0.0 0.0 0.0 0.0 0.0 0.0 0.0 0.0 0.0 0.0 0.0 0.0 1.2 5.3 11.4 17.1 20.1 19.1 14.6 8.3 2.8 0.0 0.0 0.0 0.0 0.0 0.0 0.0 0.0 0.0 0.0 0.0 0.0 0.0 0.0 0.0 0.0 0.0 0.0 0.0 0.0 0.0 0.0	0.4000 0.4632 0.5365 0.6213 0.7195 0.8332 0.9649 1.117 1.294 1.499 1.736 2.010 2.328 2.696 3.122 3.615 4.187 4.849 5.615 6.503 7.531 8.721 10.10 11.70 13.54 15.69 18.17 21.04 24.36 28.21 32.67 37.84 43.82 50.75 58.77 68.06 78.82 91.28 105.7 122.4 141.8 164.2 190.1 220.2 255.0 295.3 342.0 396.1 458.7 531.2 615.1 712.4 825.0 955.4 1106 1281 1484 1718 1990 2305 2669 3091 3580 4145 4801 5560 6439 7456 8635 1.000e4
343	Size	10 DMPC : 0 DMPG 0.1 mg_ml NONE 0 microM 1	12 March 2026 10:21:43	50.0	162.0	0.367	96.80	0.000	0.000	100.0	0.0	0.0	14.11	0.000	0.000	0.0 0.0 0.0 0.0 0.0 0.0 0.0 0.0 0.0 0.0 0.0 0.0 0.0 0.0 0.0 0.0 0.0 0.0 0.0 0.0 0.0 0.0 0.0 0.0 0.0 0.0 0.0 0.0 0.0 0.0 0.0 0.0 0.0 0.0 0.0 1.9 19.9 34.6 30.7 12.8 0.0 0.0 0.0 0.0 0.0 0.0 0.0 0.0 0.0 0.0 0.0 0.0 0.0 0.0 0.0 0.0 0.0 0.0 0.0 0.0 0.0 0.0 0.0 0.0 0.0 0.0 0.0 0.0 0.0 0.0	0.4000 0.4632 0.5365 0.6213 0.7195 0.8332 0.9649 1.117 1.294 1.499 1.736 2.010 2.328 2.696 3.122 3.615 4.187 4.849 5.615 6.503 7.531 8.721 10.10 11.70 13.54 15.69 18.17 21.04 24.36 28.21 32.67 37.84 43.82 50.75 58.77 68.06 78.82 91.28 105.7 122.4 141.8 164.2 190.1 220.2 255.0 295.3 342.0 396.1 458.7 531.2 615.1 712.4 825.0 955.4 1106 1281 1484 1718 1990 2305 2669 3091 3580 4145 4801 5560 6439 7456 8635 1.000e4
344	Size	10 DMPC : 0 DMPG 0.1 mg_ml NONE 0 microM 2	12 March 2026 10:23:56	50.0	144.7	0.198	115.2	0.000	0.000	100.0	0.0	0.0	35.33	0.000	0.000	0.0 0.0 0.0 0.0 0.0 0.0 0.0 0.0 0.0 0.0 0.0 0.0 0.0 0.0 0.0 0.0 0.0 0.0 0.0 0.0 0.0 0.0 0.0 0.0 0.0 0.0 0.0 0.0 0.0 0.0 0.0 0.0 0.0 0.4 2.7 6.8 11.5 15.4 17.3 16.8 13.8 9.4 4.7 1.3 0.0 0.0 0.0 0.0 0.0 0.0 0.0 0.0 0.0 0.0 0.0 0.0 0.0 0.0 0.0 0.0 0.0 0.0 0.0 0.0 0.0 0.0 0.0 0.0 0.0 0.0	0.4000 0.4632 0.5365 0.6213 0.7195 0.8332 0.9649 1.117 1.294 1.499 1.736 2.010 2.328 2.696 3.122 3.615 4.187 4.849 5.615 6.503 7.531 8.721 10.10 11.70 13.54 15.69 18.17 21.04 24.36 28.21 32.67 37.84 43.82 50.75 58.77 68.06 78.82 91.28 105.7 122.4 141.8 164.2 190.1 220.2 255.0 295.3 342.0 396.1 458.7 531.2 615.1 712.4 825.0 955.4 1106 1281 1484 1718 1990 2305 2669 3091 3580 4145 4801 5560 6439 7456 8635 1.000e4
345	Size	10 DMPC : 0 DMPG 0.1 mg_ml NONE 0 microM 3	12 March 2026 10:26:08	50.0	118.8	0.213	146.2	4582	0.000	98.4	1.6	0.0	77.18	835.0	0.000	0.0 0.0 0.0 0.0 0.0 0.0 0.0 0.0 0.0 0.0 0.0 0.0 0.0 0.0 0.0 0.0 0.0 0.0 0.0 0.0 0.0 0.0 0.0 0.0 0.0 0.0 0.0 0.0 0.0 0.0 0.0 0.1 0.9 2.4 4.2 6.2 7.9 9.3 10.2 10.5 10.2 9.4 8.1 6.6 5.0 3.5 2.1 1.1 0.4 0.1 0.0 0.0 0.0 0.0 0.0 0.0 0.0 0.0 0.0 0.0 0.0 0.1 0.2 0.3 0.4 0.5 0.0 0.0 0.0 0.0	0.4000 0.4632 0.5365 0.6213 0.7195 0.8332 0.9649 1.117 1.294 1.499 1.736 2.010 2.328 2.696 3.122 3.615 4.187 4.849 5.615 6.503 7.531 8.721 10.10 11.70 13.54 15.69 18.17 21.04 24.36 28.21 32.67 37.84 43.82 50.75 58.77 68.06 78.82 91.28 105.7 122.4 141.8 164.2 190.1 220.2 255.0 295.3 342.0 396.1 458.7 531.2 615.1 712.4 825.0 955.4 1106 1281 1484 1718 1990 2305 2669 3091 3580 4145 4801 5560 6439 7456 8635 1.000e4
349	Size	10 DMPC : 0 DMPG 0.1 mg_ml DDAC 100 microM 1	12 March 2026 10:40:40	50.0	125.2	0.244	145.7	4616	0.000	96.3	3.7	0.0	72.58	822.2	0.000	0.0 0.0 0.0 0.0 0.0 0.0 0.0 0.0 0.0 0.0 0.0 0.0 0.0 0.0 0.0 0.0 0.0 0.0 0.0 0.0 0.0 0.0 0.0 0.0 0.0 0.0 0.0 0.0 0.0 0.0 0.0 0.2 0.9 2.1 3.7 5.5 7.4 9.0 10.2 10.7 10.5 9.7 8.4 6.8 5.0 3.3 1.9 0.8 0.2 0.0 0.0 0.0 0.0 0.0 0.0 0.0 0.0 0.0 0.0 0.0 0.1 0.2 0.5 0.8 1.0 1.2 0.0 0.0 0.0 0.0	0.4000 0.4632 0.5365 0.6213 0.7195 0.8332 0.9649 1.117 1.294 1.499 1.736 2.010 2.328 2.696 3.122 3.615 4.187 4.849 5.615 6.503 7.531 8.721 10.10 11.70 13.54 15.69 18.17 21.04 24.36 28.21 32.67 37.84 43.82 50.75 58.77 68.06 78.82 91.28 105.7 122.4 141.8 164.2 190.1 220.2 255.0 295.3 342.0 396.1 458.7 531.2 615.1 712.4 825.0 955.4 1106 1281 1484 1718 1990 2305 2669 3091 3580 4145 4801 5560 6439 7456 8635 1.000e4
350	Size	10 DMPC : 0 DMPG 0.1 mg_ml DDAC 100 microM 2	12 March 2026 10:43:22	50.0	120.3	0.230	169.0	0.000	0.000	100.0	0.0	0.0	109.2	0.000	0.000	0.0 0.0 0.0 0.0 0.0 0.0 0.0 0.0 0.0 0.0 0.0 0.0 0.0 0.0 0.0 0.0 0.0 0.0 0.0 0.0 0.0 0.0 0.0 0.0 0.0 0.0 0.0 0.0 0.0 0.0 0.0 0.0 1.3 3.3 5.3 6.9 7.7 8.0 8.0 7.9 7.7 7.5 7.2 6.8 6.2 5.3 4.3 3.1 2.0 1.0 0.4 0.0 0.0 0.0 0.0 0.0 0.0 0.0 0.0 0.0 0.0 0.0 0.0 0.0 0.0 0.0 0.0 0.0 0.0 0.0	0.4000 0.4632 0.5365 0.6213 0.7195 0.8332 0.9649 1.117 1.294 1.499 1.736 2.010 2.328 2.696 3.122 3.615 4.187 4.849 5.615 6.503 7.531 8.721 10.10 11.70 13.54 15.69 18.17 21.04 24.36 28.21 32.67 37.84 43.82 50.75 58.77 68.06 78.82 91.28 105.7 122.4 141.8 164.2 190.1 220.2 255.0 295.3 342.0 396.1 458.7 531.2 615.1 712.4 825.0 955.4 1106 1281 1484 1718 1990 2305 2669 3091 3580 4145 4801 5560 6439 7456 8635 1.000e4
351	Size	10 DMPC : 0 DMPG 0.1 mg_ml DDAC 100 microM 3	12 March 2026 10:46:05	50.0	110.8	0.197	116.2	4333	0.000	95.5	4.5	0.0	41.11	956.5	0.000	0.0 0.0 0.0 0.0 0.0 0.0 0.0 0.0 0.0 0.0 0.0 0.0 0.0 0.0 0.0 0.0 0.0 0.0 0.0 0.0 0.0 0.0 0.0 0.0 0.0 0.0 0.0 0.0 0.0 0.0 0.0 0.0 0.0 0.6 3.5 7.7 11.7 14.4 15.1 14.0 11.5 8.3 5.2 2.6 0.9 0.1 0.0 0.0 0.0 0.0 0.0 0.0 0.0 0.0 0.0 0.0 0.0 0.0 0.0 0.1 0.2 0.4 0.7 0.9 1.0 1.1 0.0 0.0 0.0 0.0	0.4000 0.4632 0.5365 0.6213 0.7195 0.8332 0.9649 1.117 1.294 1.499 1.736 2.010 2.328 2.696 3.122 3.615 4.187 4.849 5.615 6.503 7.531 8.721 10.10 11.70 13.54 15.69 18.17 21.04 24.36 28.21 32.67 37.84 43.82 50.75 58.77 68.06 78.82 91.28 105.7 122.4 141.8 164.2 190.1 220.2 255.0 295.3 342.0 396.1 458.7 531.2 615.1 712.4 825.0 955.4 1106 1281 1484 1718 1990 2305 2669 3091 3580 4145 4801 5560 6439 7456 8635 1.000e4
355	Size	10 DMPC : 0 DMPG 0.1 mg_ml TX100 100 microM 1	12 March 2026 11:00:23	50.0	181.9	0.124	195.1	0.000	0.000	100.0	0.0	0.0	54.01	0.000	0.000	0.0 0.0 0.0 0.0 0.0 0.0 0.0 0.0 0.0 0.0 0.0 0.0 0.0 0.0 0.0 0.0 0.0 0.0 0.0 0.0 0.0 0.0 0.0 0.0 0.0 0.0 0.0 0.0 0.0 0.0 0.0 0.0 0.0 0.0 0.0 0.0 0.0 0.0 2.6 7.8 13.7 18.0 19.2 17.1 12.4 6.8 2.3 0.0 0.0 0.0 0.0 0.0 0.0 0.0 0.0 0.0 0.0 0.0 0.0 0.0 0.0 0.0 0.0 0.0 0.0 0.0 0.0 0.0 0.0 0.0	0.4000 0.4632 0.5365 0.6213 0.7195 0.8332 0.9649 1.117 1.294 1.499 1.736 2.010 2.328 2.696 3.122 3.615 4.187 4.849 5.615 6.503 7.531 8.721 10.10 11.70 13.54 15.69 18.17 21.04 24.36 28.21 32.67 37.84 43.82 50.75 58.77 68.06 78.82 91.28 105.7 122.4 141.8 164.2 190.1 220.2 255.0 295.3 342.0 396.1 458.7 531.2 615.1 712.4 825.0 955.4 1106 1281 1484 1718 1990 2305 2669 3091 3580 4145 4801 5560 6439 7456 8635 1.000e4
356	Size	10 DMPC : 0 DMPG 0.1 mg_ml TX100 100 microM 2	12 March 2026 11:02:45	50.0	166.4	0.086	181.8	0.000	0.000	100.0	0.0	0.0	50.91	0.000	0.000	0.0 0.0 0.0 0.0 0.0 0.0 0.0 0.0 0.0 0.0 0.0 0.0 0.0 0.0 0.0 0.0 0.0 0.0 0.0 0.0 0.0 0.0 0.0 0.0 0.0 0.0 0.0 0.0 0.0 0.0 0.0 0.0 0.0 0.0 0.0 0.0 0.0 0.9 4.9 10.7 16.1 19.0 18.6 15.0 9.6 4.3 0.9 0.0 0.0 0.0 0.0 0.0 0.0 0.0 0.0 0.0 0.0 0.0 0.0 0.0 0.0 0.0 0.0 0.0 0.0 0.0 0.0 0.0 0.0 0.0	0.4000 0.4632 0.5365 0.6213 0.7195 0.8332 0.9649 1.117 1.294 1.499 1.736 2.010 2.328 2.696 3.122 3.615 4.187 4.849 5.615 6.503 7.531 8.721 10.10 11.70 13.54 15.69 18.17 21.04 24.36 28.21 32.67 37.84 43.82 50.75 58.77 68.06 78.82 91.28 105.7 122.4 141.8 164.2 190.1 220.2 255.0 295.3 342.0 396.1 458.7 531.2 615.1 712.4 825.0 955.4 1106 1281 1484 1718 1990 2305 2669 3091 3580 4145 4801 5560 6439 7456 8635 1.000e4
357	Size	10 DMPC : 0 DMPG 0.1 mg_ml TX100 100 microM 3	12 March 2026 11:05:08	50.0	162.2	0.094	178.9	0.000	0.000	100.0	0.0	0.0	52.62	0.000	0.000	0.0 0.0 0.0 0.0 0.0 0.0 0.0 0.0 0.0 0.0 0.0 0.0 0.0 0.0 0.0 0.0 0.0 0.0 0.0 0.0 0.0 0.0 0.0 0.0 0.0 0.0 0.0 0.0 0.0 0.0 0.0 0.0 0.0 0.0 0.0 0.0 0.0 1.9 6.2 11.6 16.1 18.3 17.4 14.0 9.1 4.3 1.1 0.0 0.0 0.0 0.0 0.0 0.0 0.0 0.0 0.0 0.0 0.0 0.0 0.0 0.0 0.0 0.0 0.0 0.0 0.0 0.0 0.0 0.0 0.0	0.4000 0.4632 0.5365 0.6213 0.7195 0.8332 0.9649 1.117 1.294 1.499 1.736 2.010 2.328 2.696 3.122 3.615 4.187 4.849 5.615 6.503 7.531 8.721 10.10 11.70 13.54 15.69 18.17 21.04 24.36 28.21 32.67 37.84 43.82 50.75 58.77 68.06 78.82 91.28 105.7 122.4 141.8 164.2 190.1 220.2 255.0 295.3 342.0 396.1 458.7 531.2 615.1 712.4 825.0 955.4 1106 1281 1484 1718 1990 2305 2669 3091 3580 4145 4801 5560 6439 7456 8635 1.000e4
361	Size	10 DMPC : 0 DMPG 0.1 mg_ml C12E6 100 microM 1	12 March 2026 11:23:26	50.0	122.6	0.170	130.4	0.000	0.000	100.0	0.0	0.0	43.84	0.000	0.000	0.0 0.0 0.0 0.0 0.0 0.0 0.0 0.0 0.0 0.0 0.0 0.0 0.0 0.0 0.0 0.0 0.0 0.0 0.0 0.0 0.0 0.0 0.0 0.0 0.0 0.0 0.0 0.0 0.0 0.0 0.0 0.0 0.0 0.0 1.3 4.3 8.3 12.3 15.1 16.1 15.1 12.3 8.5 4.7 1.8 0.2 0.0 0.0 0.0 0.0 0.0 0.0 0.0 0.0 0.0 0.0 0.0 0.0 0.0 0.0 0.0 0.0 0.0 0.0 0.0 0.0 0.0 0.0 0.0 0.0	0.4000 0.4632 0.5365 0.6213 0.7195 0.8332 0.9649 1.117 1.294 1.499 1.736 2.010 2.328 2.696 3.122 3.615 4.187 4.849 5.615 6.503 7.531 8.721 10.10 11.70 13.54 15.69 18.17 21.04 24.36 28.21 32.67 37.84 43.82 50.75 58.77 68.06 78.82 91.28 105.7 122.4 141.8 164.2 190.1 220.2 255.0 295.3 342.0 396.1 458.7 531.2 615.1 712.4 825.0 955.4 1106 1281 1484 1718 1990 2305 2669 3091 3580 4145 4801 5560 6439 7456 8635 1.000e4
362	Size	10 DMPC : 0 DMPG 0.1 mg_ml C12E6 100 microM 2	12 March 2026 11:25:29	50.0	149.4	0.238	157.7	0.000	0.000	100.0	0.0	0.0	54.25	0.000	0.000	0.0 0.0 0.0 0.0 0.0 0.0 0.0 0.0 0.0 0.0 0.0 0.0 0.0 0.0 0.0 0.0 0.0 0.0 0.0 0.0 0.0 0.0 0.0 0.0 0.0 0.0 0.0 0.0 0.0 0.0 0.0 0.0 0.0 0.0 0.0 1.1 3.7 7.2 11.0 14.0 15.6 15.3 13.2 9.7 5.9 2.6 0.6 0.0 0.0 0.0 0.0 0.0 0.0 0.0 0.0 0.0 0.0 0.0 0.0 0.0 0.0 0.0 0.0 0.0 0.0 0.0 0.0 0.0 0.0 0.0	0.4000 0.4632 0.5365 0.6213 0.7195 0.8332 0.9649 1.117 1.294 1.499 1.736 2.010 2.328 2.696 3.122 3.615 4.187 4.849 5.615 6.503 7.531 8.721 10.10 11.70 13.54 15.69 18.17 21.04 24.36 28.21 32.67 37.84 43.82 50.75 58.77 68.06 78.82 91.28 105.7 122.4 141.8 164.2 190.1 220.2 255.0 295.3 342.0 396.1 458.7 531.2 615.1 712.4 825.0 955.4 1106 1281 1484 1718 1990 2305 2669 3091 3580 4145 4801 5560 6439 7456 8635 1.000e4
363	Size	10 DMPC : 0 DMPG 0.1 mg_ml C12E6 100 microM 3	12 March 2026 11:27:31	50.0	126.6	0.277	134.9	5371	0.000	98.2	1.8	0.0	61.21	328.2	0.000	0.0 0.0 0.0 0.0 0.0 0.0 0.0 0.0 0.0 0.0 0.0 0.0 0.0 0.0 0.0 0.0 0.0 0.0 0.0 0.0 0.0 0.0 0.0 0.0 0.0 0.0 0.0 0.0 0.0 0.0 0.0 0.0 0.0 1.3 3.8 6.8 9.3 11.2 12.0 12.0 11.1 9.7 7.9 5.8 3.9 2.2 0.9 0.2 0.0 0.0 0.0 0.0 0.0 0.0 0.0 0.0 0.0 0.0 0.0 0.0 0.0 0.0 0.0 0.0 0.5 1.4 0.0 0.0 0.0 0.0	0.4000 0.4632 0.5365 0.6213 0.7195 0.8332 0.9649 1.117 1.294 1.499 1.736 2.010 2.328 2.696 3.122 3.615 4.187 4.849 5.615 6.503 7.531 8.721 10.10 11.70 13.54 15.69 18.17 21.04 24.36 28.21 32.67 37.84 43.82 50.75 58.77 68.06 78.82 91.28 105.7 122.4 141.8 164.2 190.1 220.2 255.0 295.3 342.0 396.1 458.7 531.2 615.1 712.4 825.0 955.4 1106 1281 1484 1718 1990 2305 2669 3091 3580 4145 4801 5560 6439 7456 8635 1.000e4
367	Size	10 DMPC : 0 DMPG 0.1 mg_ml NONE 0 microM 1	12 March 2026 11:43:35	50.0	105.6	0.080	113.1	0.000	0.000	100.0	0.0	0.0	28.96	0.000	0.000	0.0 0.0 0.0 0.0 0.0 0.0 0.0 0.0 0.0 0.0 0.0 0.0 0.0 0.0 0.0 0.0 0.0 0.0 0.0 0.0 0.0 0.0 0.0 0.0 0.0 0.0 0.0 0.0 0.0 0.0 0.0 0.0 0.0 0.0 0.3 4.9 11.9 18.1 20.8 19.3 14.3 7.9 2.6 0.0 0.0 0.0 0.0 0.0 0.0 0.0 0.0 0.0 0.0 0.0 0.0 0.0 0.0 0.0 0.0 0.0 0.0 0.0 0.0 0.0 0.0 0.0 0.0 0.0 0.0 0.0	0.4000 0.4632 0.5365 0.6213 0.7195 0.8332 0.9649 1.117 1.294 1.499 1.736 2.010 2.328 2.696 3.122 3.615 4.187 4.849 5.615 6.503 7.531 8.721 10.10 11.70 13.54 15.69 18.17 21.04 24.36 28.21 32.67 37.84 43.82 50.75 58.77 68.06 78.82 91.28 105.7 122.4 141.8 164.2 190.1 220.2 255.0 295.3 342.0 396.1 458.7 531.2 615.1 712.4 825.0 955.4 1106 1281 1484 1718 1990 2305 2669 3091 3580 4145 4801 5560 6439 7456 8635 1.000e4
368	Size	10 DMPC : 0 DMPG 0.1 mg_ml NONE 0 microM 2	12 March 2026 11:46:28	50.0	101.4	0.142	108.1	5056	0.000	98.9	1.1	0.0	33.24	575.6	0.000	0.0 0.0 0.0 0.0 0.0 0.0 0.0 0.0 0.0 0.0 0.0 0.0 0.0 0.0 0.0 0.0 0.0 0.0 0.0 0.0 0.0 0.0 0.0 0.0 0.0 0.0 0.0 0.0 0.0 0.0 0.0 0.0 0.0 0.4 3.8 9.0 14.0 17.1 17.4 15.2 11.3 6.8 3.0 0.7 0.0 0.0 0.0 0.0 0.0 0.0 0.0 0.0 0.0 0.0 0.0 0.0 0.0 0.0 0.0 0.0 0.0 0.0 0.0 0.2 0.4 0.6 0.0 0.0 0.0 0.0	0.4000 0.4632 0.5365 0.6213 0.7195 0.8332 0.9649 1.117 1.294 1.499 1.736 2.010 2.328 2.696 3.122 3.615 4.187 4.849 5.615 6.503 7.531 8.721 10.10 11.70 13.54 15.69 18.17 21.04 24.36 28.21 32.67 37.84 43.82 50.75 58.77 68.06 78.82 91.28 105.7 122.4 141.8 164.2 190.1 220.2 255.0 295.3 342.0 396.1 458.7 531.2 615.1 712.4 825.0 955.4 1106 1281 1484 1718 1990 2305 2669 3091 3580 4145 4801 5560 6439 7456 8635 1.000e4
369	Size	10 DMPC : 0 DMPG 0.1 mg_ml NONE 0 microM 3	12 March 2026 11:49:21	50.0	99.10	0.087	108.8	0.000	0.000	100.0	0.0	0.0	34.04	0.000	0.000	0.0 0.0 0.0 0.0 0.0 0.0 0.0 0.0 0.0 0.0 0.0 0.0 0.0 0.0 0.0 0.0 0.0 0.0 0.0 0.0 0.0 0.0 0.0 0.0 0.0 0.0 0.0 0.0 0.0 0.0 0.0 0.0 0.0 0.7 4.0 9.0 13.7 16.8 17.3 15.4 11.6 7.3 3.4 0.9 0.0 0.0 0.0 0.0 0.0 0.0 0.0 0.0 0.0 0.0 0.0 0.0 0.0 0.0 0.0 0.0 0.0 0.0 0.0 0.0 0.0 0.0 0.0 0.0 0.0 0.0	0.4000 0.4632 0.5365 0.6213 0.7195 0.8332 0.9649 1.117 1.294 1.499 1.736 2.010 2.328 2.696 3.122 3.615 4.187 4.849 5.615 6.503 7.531 8.721 10.10 11.70 13.54 15.69 18.17 21.04 24.36 28.21 32.67 37.84 43.82 50.75 58.77 68.06 78.82 91.28 105.7 122.4 141.8 164.2 190.1 220.2 255.0 295.3 342.0 396.1 458.7 531.2 615.1 712.4 825.0 955.4 1106 1281 1484 1718 1990 2305 2669 3091 3580 4145 4801 5560 6439 7456 8635 1.000e4
373	Size	10 DMPC : 0 DMPG 0.1 mg_ml DDAC 100 microM 1	12 March 2026 12:13:23	50.0	104.7	0.191	124.6	0.000	0.000	100.0	0.0	0.0	60.22	0.000	0.000	0.0 0.0 0.0 0.0 0.0 0.0 0.0 0.0 0.0 0.0 0.0 0.0 0.0 0.0 0.0 0.0 0.0 0.0 0.0 0.0 0.0 0.0 0.0 0.0 0.0 0.0 0.0 0.0 0.0 0.0 0.0 0.1 1.3 3.4 6.0 8.4 10.3 11.5 11.8 11.3 10.1 8.5 6.7 4.8 3.1 1.7 0.8 0.2 0.0 0.0 0.0 0.0 0.0 0.0 0.0 0.0 0.0 0.0 0.0 0.0 0.0 0.0 0.0 0.0 0.0 0.0 0.0 0.0 0.0 0.0	0.4000 0.4632 0.5365 0.6213 0.7195 0.8332 0.9649 1.117 1.294 1.499 1.736 2.010 2.328 2.696 3.122 3.615 4.187 4.849 5.615 6.503 7.531 8.721 10.10 11.70 13.54 15.69 18.17 21.04 24.36 28.21 32.67 37.84 43.82 50.75 58.77 68.06 78.82 91.28 105.7 122.4 141.8 164.2 190.1 220.2 255.0 295.3 342.0 396.1 458.7 531.2 615.1 712.4 825.0 955.4 1106 1281 1484 1718 1990 2305 2669 3091 3580 4145 4801 5560 6439 7456 8635 1.000e4
374	Size	10 DMPC : 0 DMPG 0.1 mg_ml DDAC 100 microM 2	12 March 2026 12:15:37	50.0	123.4	0.216	82.89	0.000	0.000	100.0	0.0	0.0	15.96	0.000	0.000	0.0 0.0 0.0 0.0 0.0 0.0 0.0 0.0 0.0 0.0 0.0 0.0 0.0 0.0 0.0 0.0 0.0 0.0 0.0 0.0 0.0 0.0 0.0 0.0 0.0 0.0 0.0 0.0 0.0 0.0 0.0 0.0 0.0 0.3 9.4 21.2 27.5 24.2 13.8 3.7 0.0 0.0 0.0 0.0 0.0 0.0 0.0 0.0 0.0 0.0 0.0 0.0 0.0 0.0 0.0 0.0 0.0 0.0 0.0 0.0 0.0 0.0 0.0 0.0 0.0 0.0 0.0 0.0 0.0 0.0	0.4000 0.4632 0.5365 0.6213 0.7195 0.8332 0.9649 1.117 1.294 1.499 1.736 2.010 2.328 2.696 3.122 3.615 4.187 4.849 5.615 6.503 7.531 8.721 10.10 11.70 13.54 15.69 18.17 21.04 24.36 28.21 32.67 37.84 43.82 50.75 58.77 68.06 78.82 91.28 105.7 122.4 141.8 164.2 190.1 220.2 255.0 295.3 342.0 396.1 458.7 531.2 615.1 712.4 825.0 955.4 1106 1281 1484 1718 1990 2305 2669 3091 3580 4145 4801 5560 6439 7456 8635 1.000e4
375	Size	10 DMPC : 0 DMPG 0.1 mg_ml DDAC 100 microM 3	12 March 2026 12:17:49	50.0	97.32	0.179	112.6	4826	0.000	98.8	1.2	0.0	49.21	711.8	0.000	0.0 0.0 0.0 0.0 0.0 0.0 0.0 0.0 0.0 0.0 0.0 0.0 0.0 0.0 0.0 0.0 0.0 0.0 0.0 0.0 0.0 0.0 0.0 0.0 0.0 0.0 0.0 0.0 0.0 0.0 0.0 0.4 1.7 4.1 6.8 9.4 11.4 12.5 12.5 11.6 9.9 7.7 5.4 3.3 1.6 0.6 0.1 0.0 0.0 0.0 0.0 0.0 0.0 0.0 0.0 0.0 0.0 0.0 0.0 0.0 0.0 0.0 0.1 0.2 0.4 0.5 0.0 0.0 0.0 0.0	0.4000 0.4632 0.5365 0.6213 0.7195 0.8332 0.9649 1.117 1.294 1.499 1.736 2.010 2.328 2.696 3.122 3.615 4.187 4.849 5.615 6.503 7.531 8.721 10.10 11.70 13.54 15.69 18.17 21.04 24.36 28.21 32.67 37.84 43.82 50.75 58.77 68.06 78.82 91.28 105.7 122.4 141.8 164.2 190.1 220.2 255.0 295.3 342.0 396.1 458.7 531.2 615.1 712.4 825.0 955.4 1106 1281 1484 1718 1990 2305 2669 3091 3580 4145 4801 5560 6439 7456 8635 1.000e4
379	Size	7 DMPC : 3 DMPG 0.1 mg_ml DDAC 100 microM 1	12 March 2026 14:16:57	50.0	96.53	0.313	97.08	5305	0.000	97.2	2.8	0.0	38.89	397.8	0.000	0.0 0.0 0.0 0.0 0.0 0.0 0.0 0.0 0.0 0.0 0.0 0.0 0.0 0.0 0.0 0.0 0.0 0.0 0.0 0.0 0.0 0.0 0.0 0.0 0.0 0.0 0.0 0.0 0.0 0.0 0.0 1.2 3.4 6.2 9.0 11.2 12.7 13.0 12.3 10.6 8.1 5.4 2.9 1.1 0.1 0.0 0.0 0.0 0.0 0.0 0.0 0.0 0.0 0.0 0.0 0.0 0.0 0.0 0.0 0.0 0.0 0.0 0.0 0.1 0.8 2.0 0.0 0.0 0.0 0.0	0.4000 0.4632 0.5365 0.6213 0.7195 0.8332 0.9649 1.117 1.294 1.499 1.736 2.010 2.328 2.696 3.122 3.615 4.187 4.849 5.615 6.503 7.531 8.721 10.10 11.70 13.54 15.69 18.17 21.04 24.36 28.21 32.67 37.84 43.82 50.75 58.77 68.06 78.82 91.28 105.7 122.4 141.8 164.2 190.1 220.2 255.0 295.3 342.0 396.1 458.7 531.2 615.1 712.4 825.0 955.4 1106 1281 1484 1718 1990 2305 2669 3091 3580 4145 4801 5560 6439 7456 8635 1.000e4
380	Size	7 DMPC : 3 DMPG 0.1 mg_ml DDAC 100 microM 2	12 March 2026 14:19:20	50.0	88.21	0.252	98.17	5025	0.000	97.1	2.9	0.0	46.00	597.2	0.000	0.0 0.0 0.0 0.0 0.0 0.0 0.0 0.0 0.0 0.0 0.0 0.0 0.0 0.0 0.0 0.0 0.0 0.0 0.0 0.0 0.0 0.0 0.0 0.0 0.0 0.0 0.0 0.0 0.0 0.0 0.5 2.1 4.5 7.1 9.4 11.0 11.7 11.6 10.6 9.1 7.3 5.4 3.6 2.0 0.9 0.3 0.0 0.0 0.0 0.0 0.0 0.0 0.0 0.0 0.0 0.0 0.0 0.0 0.0 0.0 0.0 0.0 0.1 0.4 0.9 1.4 0.0 0.0 0.0 0.0	0.4000 0.4632 0.5365 0.6213 0.7195 0.8332 0.9649 1.117 1.294 1.499 1.736 2.010 2.328 2.696 3.122 3.615 4.187 4.849 5.615 6.503 7.531 8.721 10.10 11.70 13.54 15.69 18.17 21.04 24.36 28.21 32.67 37.84 43.82 50.75 58.77 68.06 78.82 91.28 105.7 122.4 141.8 164.2 190.1 220.2 255.0 295.3 342.0 396.1 458.7 531.2 615.1 712.4 825.0 955.4 1106 1281 1484 1718 1990 2305 2669 3091 3580 4145 4801 5560 6439 7456 8635 1.000e4
381	Size	7 DMPC : 3 DMPG 0.1 mg_ml DDAC 100 microM 3	12 March 2026 14:21:43	50.0	83.93	0.253	86.69	4887	0.000	95.7	4.3	0.0	33.10	682.5	0.000	0.0 0.0 0.0 0.0 0.0 0.0 0.0 0.0 0.0 0.0 0.0 0.0 0.0 0.0 0.0 0.0 0.0 0.0 0.0 0.0 0.0 0.0 0.0 0.0 0.0 0.0 0.0 0.0 0.0 0.0 0.0 1.5 4.6 8.3 11.6 13.6 14.1 13.0 10.9 8.2 5.4 3.0 1.2 0.3 0.0 0.0 0.0 0.0 0.0 0.0 0.0 0.0 0.0 0.0 0.0 0.0 0.0 0.0 0.0 0.0 0.0 0.1 0.3 0.8 1.3 1.8 0.0 0.0 0.0 0.0	0.4000 0.4632 0.5365 0.6213 0.7195 0.8332 0.9649 1.117 1.294 1.499 1.736 2.010 2.328 2.696 3.122 3.615 4.187 4.849 5.615 6.503 7.531 8.721 10.10 11.70 13.54 15.69 18.17 21.04 24.36 28.21 32.67 37.84 43.82 50.75 58.77 68.06 78.82 91.28 105.7 122.4 141.8 164.2 190.1 220.2 255.0 295.3 342.0 396.1 458.7 531.2 615.1 712.4 825.0 955.4 1106 1281 1484 1718 1990 2305 2669 3091 3580 4145 4801 5560 6439 7456 8635 1.000e4
385	Size	6 DMPC : 4 DMPG 0.1 mg_ml C12E6 100 microM 1	12 March 2026 14:40:49	50.0	104.3	0.308	118.3	5176	0.000	96.9	3.1	0.0	68.89	487.6	0.000	0.0 0.0 0.0 0.0 0.0 0.0 0.0 0.0 0.0 0.0 0.0 0.0 0.0 0.0 0.0 0.0 0.0 0.0 0.0 0.0 0.0 0.0 0.0 0.0 0.0 0.0 0.0 0.0 0.0 0.0 0.0 0.3 2.2 5.0 8.0 10.2 11.4 11.5 10.7 9.3 7.7 6.1 4.6 3.4 2.5 1.7 1.1 0.7 0.3 0.1 0.0 0.0 0.0 0.0 0.0 0.0 0.0 0.0 0.0 0.0 0.0 0.0 0.0 0.3 1.0 1.8 0.0 0.0 0.0 0.0	0.4000 0.4632 0.5365 0.6213 0.7195 0.8332 0.9649 1.117 1.294 1.499 1.736 2.010 2.328 2.696 3.122 3.615 4.187 4.849 5.615 6.503 7.531 8.721 10.10 11.70 13.54 15.69 18.17 21.04 24.36 28.21 32.67 37.84 43.82 50.75 58.77 68.06 78.82 91.28 105.7 122.4 141.8 164.2 190.1 220.2 255.0 295.3 342.0 396.1 458.7 531.2 615.1 712.4 825.0 955.4 1106 1281 1484 1718 1990 2305 2669 3091 3580 4145 4801 5560 6439 7456 8635 1.000e4
386	Size	6 DMPC : 4 DMPG 0.1 mg_ml C12E6 100 microM 2	12 March 2026 14:43:12	50.0	91.25	0.235	98.15	4684	0.000	95.7	4.3	0.0	40.94	794.1	0.000	0.0 0.0 0.0 0.0 0.0 0.0 0.0 0.0 0.0 0.0 0.0 0.0 0.0 0.0 0.0 0.0 0.0 0.0 0.0 0.0 0.0 0.0 0.0 0.0 0.0 0.0 0.0 0.0 0.0 0.0 0.1 1.2 3.3 6.1 8.9 11.2 12.5 12.7 11.8 10.0 7.7 5.3 3.1 1.5 0.4 0.0 0.0 0.0 0.0 0.0 0.0 0.0 0.0 0.0 0.0 0.0 0.0 0.0 0.0 0.0 0.0 0.2 0.5 0.9 1.2 1.5 0.0 0.0 0.0 0.0	0.4000 0.4632 0.5365 0.6213 0.7195 0.8332 0.9649 1.117 1.294 1.499 1.736 2.010 2.328 2.696 3.122 3.615 4.187 4.849 5.615 6.503 7.531 8.721 10.10 11.70 13.54 15.69 18.17 21.04 24.36 28.21 32.67 37.84 43.82 50.75 58.77 68.06 78.82 91.28 105.7 122.4 141.8 164.2 190.1 220.2 255.0 295.3 342.0 396.1 458.7 531.2 615.1 712.4 825.0 955.4 1106 1281 1484 1718 1990 2305 2669 3091 3580 4145 4801 5560 6439 7456 8635 1.000e4
387	Size	6 DMPC : 4 DMPG 0.1 mg_ml C12E6 100 microM 3	12 March 2026 14:45:34	50.0	106.9	0.334	141.8	4305	0.000	94.1	5.9	0.0	120.1	977.4	0.000	0.0 0.0 0.0 0.0 0.0 0.0 0.0 0.0 0.0 0.0 0.0 0.0 0.0 0.0 0.0 0.0 0.0 0.0 0.0 0.0 0.0 0.0 0.0 0.0 0.0 0.0 0.0 0.0 0.0 0.0 0.2 1.3 3.0 5.0 6.8 8.3 9.1 9.4 9.0 8.2 7.2 6.1 4.9 3.9 3.0 2.3 1.7 1.3 1.0 0.8 0.6 0.4 0.3 0.2 0.1 0.0 0.0 0.0 0.0 0.1 0.3 0.6 0.9 1.1 1.3 1.4 0.0 0.0 0.0 0.0	0.4000 0.4632 0.5365 0.6213 0.7195 0.8332 0.9649 1.117 1.294 1.499 1.736 2.010 2.328 2.696 3.122 3.615 4.187 4.849 5.615 6.503 7.531 8.721 10.10 11.70 13.54 15.69 18.17 21.04 24.36 28.21 32.67 37.84 43.82 50.75 58.77 68.06 78.82 91.28 105.7 122.4 141.8 164.2 190.1 220.2 255.0 295.3 342.0 396.1 458.7 531.2 615.1 712.4 825.0 955.4 1106 1281 1484 1718 1990 2305 2669 3091 3580 4145 4801 5560 6439 7456 8635 1.000e4
391	Size	6 DMPC : 4 DMPG 0.1 mg_ml NONE 0 microM 1	12 March 2026 15:06:05	50.0	136.0	0.335	75.56	0.000	0.000	100.0	0.0	0.0	13.80	0.000	0.000	0.0 0.0 0.0 0.0 0.0 0.0 0.0 0.0 0.0 0.0 0.0 0.0 0.0 0.0 0.0 0.0 0.0 0.0 0.0 0.0 0.0 0.0 0.0 0.0 0.0 0.0 0.0 0.0 0.0 0.0 0.0 0.0 0.0 4.1 16.0 26.9 28.1 18.8 6.1 0.0 0.0 0.0 0.0 0.0 0.0 0.0 0.0 0.0 0.0 0.0 0.0 0.0 0.0 0.0 0.0 0.0 0.0 0.0 0.0 0.0 0.0 0.0 0.0 0.0 0.0 0.0 0.0 0.0 0.0 0.0	0.4000 0.4632 0.5365 0.6213 0.7195 0.8332 0.9649 1.117 1.294 1.499 1.736 2.010 2.328 2.696 3.122 3.615 4.187 4.849 5.615 6.503 7.531 8.721 10.10 11.70 13.54 15.69 18.17 21.04 24.36 28.21 32.67 37.84 43.82 50.75 58.77 68.06 78.82 91.28 105.7 122.4 141.8 164.2 190.1 220.2 255.0 295.3 342.0 396.1 458.7 531.2 615.1 712.4 825.0 955.4 1106 1281 1484 1718 1990 2305 2669 3091 3580 4145 4801 5560 6439 7456 8635 1.000e4
392	Size	6 DMPC : 4 DMPG 0.1 mg_ml NONE 0 microM 2	12 March 2026 15:08:38	50.0	94.07	0.286	97.72	4933	574.6	93.6	4.2	2.1	43.44	655.5	151.3	0.0 0.0 0.0 0.0 0.0 0.0 0.0 0.0 0.0 0.0 0.0 0.0 0.0 0.0 0.0 0.0 0.0 0.0 0.0 0.0 0.0 0.0 0.0 0.0 0.0 0.0 0.0 0.0 0.0 0.0 0.0 0.8 3.1 6.3 9.5 11.8 12.8 12.5 11.1 9.1 6.8 4.6 2.8 1.5 0.7 0.3 0.2 0.2 0.3 0.4 0.4 0.3 0.2 0.1 0.0 0.0 0.0 0.0 0.0 0.0 0.0 0.0 0.3 0.7 1.3 1.9 0.0 0.0 0.0 0.0	0.4000 0.4632 0.5365 0.6213 0.7195 0.8332 0.9649 1.117 1.294 1.499 1.736 2.010 2.328 2.696 3.122 3.615 4.187 4.849 5.615 6.503 7.531 8.721 10.10 11.70 13.54 15.69 18.17 21.04 24.36 28.21 32.67 37.84 43.82 50.75 58.77 68.06 78.82 91.28 105.7 122.4 141.8 164.2 190.1 220.2 255.0 295.3 342.0 396.1 458.7 531.2 615.1 712.4 825.0 955.4 1106 1281 1484 1718 1990 2305 2669 3091 3580 4145 4801 5560 6439 7456 8635 1.000e4
393	Size	6 DMPC : 4 DMPG 0.1 mg_ml NONE 0 microM 3	12 March 2026 15:11:11	50.0	85.78	0.224	89.25	5220	0.000	97.9	2.1	0.0	32.44	462.6	0.000	0.0 0.0 0.0 0.0 0.0 0.0 0.0 0.0 0.0 0.0 0.0 0.0 0.0 0.0 0.0 0.0 0.0 0.0 0.0 0.0 0.0 0.0 0.0 0.0 0.0 0.0 0.0 0.0 0.0 0.0 0.0 1.1 3.7 7.2 10.8 13.4 14.6 14.2 12.4 9.5 6.3 3.3 1.2 0.1 0.0 0.0 0.0 0.0 0.0 0.0 0.0 0.0 0.0 0.0 0.0 0.0 0.0 0.0 0.0 0.0 0.0 0.0 0.0 0.2 0.6 1.3 0.0 0.0 0.0 0.0	0.4000 0.4632 0.5365 0.6213 0.7195 0.8332 0.9649 1.117 1.294 1.499 1.736 2.010 2.328 2.696 3.122 3.615 4.187 4.849 5.615 6.503 7.531 8.721 10.10 11.70 13.54 15.69 18.17 21.04 24.36 28.21 32.67 37.84 43.82 50.75 58.77 68.06 78.82 91.28 105.7 122.4 141.8 164.2 190.1 220.2 255.0 295.3 342.0 396.1 458.7 531.2 615.1 712.4 825.0 955.4 1106 1281 1484 1718 1990 2305 2669 3091 3580 4145 4801 5560 6439 7456 8635 1.000e4
397	Size	10 DMPC : 0 DMPG 0.1 mg_ml C12E6 100 microM 1	12 March 2026 15:32:48	50.0	100.4	0.109	110.6	0.000	0.000	100.0	0.0	0.0	35.61	0.000	0.000	0.0 0.0 0.0 0.0 0.0 0.0 0.0 0.0 0.0 0.0 0.0 0.0 0.0 0.0 0.0 0.0 0.0 0.0 0.0 0.0 0.0 0.0 0.0 0.0 0.0 0.0 0.0 0.0 0.0 0.0 0.0 0.0 0.0 0.7 3.9 8.7 13.3 16.3 16.9 15.3 11.9 7.8 4.0 1.3 0.1 0.0 0.0 0.0 0.0 0.0 0.0 0.0 0.0 0.0 0.0 0.0 0.0 0.0 0.0 0.0 0.0 0.0 0.0 0.0 0.0 0.0 0.0 0.0 0.0 0.0	0.4000 0.4632 0.5365 0.6213 0.7195 0.8332 0.9649 1.117 1.294 1.499 1.736 2.010 2.328 2.696 3.122 3.615 4.187 4.849 5.615 6.503 7.531 8.721 10.10 11.70 13.54 15.69 18.17 21.04 24.36 28.21 32.67 37.84 43.82 50.75 58.77 68.06 78.82 91.28 105.7 122.4 141.8 164.2 190.1 220.2 255.0 295.3 342.0 396.1 458.7 531.2 615.1 712.4 825.0 955.4 1106 1281 1484 1718 1990 2305 2669 3091 3580 4145 4801 5560 6439 7456 8635 1.000e4
398	Size	10 DMPC : 0 DMPG 0.1 mg_ml C12E6 100 microM 2	12 March 2026 15:35:11	50.0	98.07	0.125	109.1	0.000	0.000	100.0	0.0	0.0	39.18	0.000	0.000	0.0 0.0 0.0 0.0 0.0 0.0 0.0 0.0 0.0 0.0 0.0 0.0 0.0 0.0 0.0 0.0 0.0 0.0 0.0 0.0 0.0 0.0 0.0 0.0 0.0 0.0 0.0 0.0 0.0 0.0 0.0 0.0 0.1 2.1 5.8 10.0 13.4 15.2 15.2 13.5 10.7 7.4 4.3 1.9 0.5 0.0 0.0 0.0 0.0 0.0 0.0 0.0 0.0 0.0 0.0 0.0 0.0 0.0 0.0 0.0 0.0 0.0 0.0 0.0 0.0 0.0 0.0 0.0 0.0 0.0	0.4000 0.4632 0.5365 0.6213 0.7195 0.8332 0.9649 1.117 1.294 1.499 1.736 2.010 2.328 2.696 3.122 3.615 4.187 4.849 5.615 6.503 7.531 8.721 10.10 11.70 13.54 15.69 18.17 21.04 24.36 28.21 32.67 37.84 43.82 50.75 58.77 68.06 78.82 91.28 105.7 122.4 141.8 164.2 190.1 220.2 255.0 295.3 342.0 396.1 458.7 531.2 615.1 712.4 825.0 955.4 1106 1281 1484 1718 1990 2305 2669 3091 3580 4145 4801 5560 6439 7456 8635 1.000e4
399	Size	10 DMPC : 0 DMPG 0.1 mg_ml C12E6 100 microM 3	12 March 2026 15:37:34	50.0	97.21	0.142	100.8	0.000	0.000	100.0	0.0	0.0	27.71	0.000	0.000	0.0 0.0 0.0 0.0 0.0 0.0 0.0 0.0 0.0 0.0 0.0 0.0 0.0 0.0 0.0 0.0 0.0 0.0 0.0 0.0 0.0 0.0 0.0 0.0 0.0 0.0 0.0 0.0 0.0 0.0 0.0 0.0 0.0 0.6 4.6 10.8 16.5 19.5 18.8 14.9 9.3 4.1 0.8 0.0 0.0 0.0 0.0 0.0 0.0 0.0 0.0 0.0 0.0 0.0 0.0 0.0 0.0 0.0 0.0 0.0 0.0 0.0 0.0 0.0 0.0 0.0 0.0 0.0 0.0 0.0	0.4000 0.4632 0.5365 0.6213 0.7195 0.8332 0.9649 1.117 1.294 1.499 1.736 2.010 2.328 2.696 3.122 3.615 4.187 4.849 5.615 6.503 7.531 8.721 10.10 11.70 13.54 15.69 18.17 21.04 24.36 28.21 32.67 37.84 43.82 50.75 58.77 68.06 78.82 91.28 105.7 122.4 141.8 164.2 190.1 220.2 255.0 295.3 342.0 396.1 458.7 531.2 615.1 712.4 825.0 955.4 1106 1281 1484 1718 1990 2305 2669 3091 3580 4145 4801 5560 6439 7456 8635 1.000e4
403	Size	6 DMPC : 4 DMPG 0.1 mg_ml DDAC 100 microM 1	12 March 2026 16:04:41	50.0	91.70	0.242	97.40	3154	0.000	92.5	7.5	0.0	41.50	1558	0.000	0.0 0.0 0.0 0.0 0.0 0.0 0.0 0.0 0.0 0.0 0.0 0.0 0.0 0.0 0.0 0.0 0.0 0.0 0.0 0.0 0.0 0.0 0.0 0.0 0.0 0.0 0.0 0.0 0.0 0.0 0.0 0.7 3.0 6.2 9.3 11.6 12.6 12.4 11.1 9.1 6.9 4.7 2.8 1.5 0.6 0.1 0.0 0.0 0.0 0.1 0.1 0.2 0.2 0.2 0.2 0.2 0.3 0.3 0.3 0.4 0.5 0.7 0.8 0.9 0.9 0.9 0.0 0.0 0.0 0.0	0.4000 0.4632 0.5365 0.6213 0.7195 0.8332 0.9649 1.117 1.294 1.499 1.736 2.010 2.328 2.696 3.122 3.615 4.187 4.849 5.615 6.503 7.531 8.721 10.10 11.70 13.54 15.69 18.17 21.04 24.36 28.21 32.67 37.84 43.82 50.75 58.77 68.06 78.82 91.28 105.7 122.4 141.8 164.2 190.1 220.2 255.0 295.3 342.0 396.1 458.7 531.2 615.1 712.4 825.0 955.4 1106 1281 1484 1718 1990 2305 2669 3091 3580 4145 4801 5560 6439 7456 8635 1.000e4
404	Size	6 DMPC : 4 DMPG 0.1 mg_ml DDAC 100 microM 2	12 March 2026 16:07:04	50.0	94.13	0.304	130.6	4966	0.000	97.9	2.1	0.0	103.4	629.4	0.000	0.0 0.0 0.0 0.0 0.0 0.0 0.0 0.0 0.0 0.0 0.0 0.0 0.0 0.0 0.0 0.0 0.0 0.0 0.0 0.0 0.0 0.0 0.0 0.0 0.0 0.0 0.0 0.0 0.0 0.0 0.5 2.2 4.5 6.9 8.7 9.6 9.8 9.3 8.3 7.2 6.1 5.1 4.2 3.6 3.0 2.6 2.1 1.7 1.2 0.8 0.4 0.2 0.0 0.0 0.0 0.0 0.0 0.0 0.0 0.0 0.0 0.0 0.1 0.4 0.7 1.0 0.0 0.0 0.0 0.0	0.4000 0.4632 0.5365 0.6213 0.7195 0.8332 0.9649 1.117 1.294 1.499 1.736 2.010 2.328 2.696 3.122 3.615 4.187 4.849 5.615 6.503 7.531 8.721 10.10 11.70 13.54 15.69 18.17 21.04 24.36 28.21 32.67 37.84 43.82 50.75 58.77 68.06 78.82 91.28 105.7 122.4 141.8 164.2 190.1 220.2 255.0 295.3 342.0 396.1 458.7 531.2 615.1 712.4 825.0 955.4 1106 1281 1484 1718 1990 2305 2669 3091 3580 4145 4801 5560 6439 7456 8635 1.000e4
405	Size	6 DMPC : 4 DMPG 0.1 mg_ml DDAC 100 microM 3	12 March 2026 16:09:27	50.0	92.18	0.251	112.2	4477	0.000	96.8	3.2	0.0	61.05	895.4	0.000	0.0 0.0 0.0 0.0 0.0 0.0 0.0 0.0 0.0 0.0 0.0 0.0 0.0 0.0 0.0 0.0 0.0 0.0 0.0 0.0 0.0 0.0 0.0 0.0 0.0 0.0 0.0 0.0 0.0 0.3 1.1 2.3 3.9 5.7 7.4 8.8 9.7 10.1 9.9 9.2 8.1 6.7 5.2 3.7 2.4 1.4 0.6 0.2 0.0 0.0 0.0 0.0 0.0 0.0 0.0 0.0 0.0 0.0 0.0 0.0 0.1 0.3 0.4 0.6 0.8 0.9 0.0 0.0 0.0 0.0	0.4000 0.4632 0.5365 0.6213 0.7195 0.8332 0.9649 1.117 1.294 1.499 1.736 2.010 2.328 2.696 3.122 3.615 4.187 4.849 5.615 6.503 7.531 8.721 10.10 11.70 13.54 15.69 18.17 21.04 24.36 28.21 32.67 37.84 43.82 50.75 58.77 68.06 78.82 91.28 105.7 122.4 141.8 164.2 190.1 220.2 255.0 295.3 342.0 396.1 458.7 531.2 615.1 712.4 825.0 955.4 1106 1281 1484 1718 1990 2305 2669 3091 3580 4145 4801 5560 6439 7456 8635 1.000e4
409	Size	6 DMPC : 4 DMPG 0.1 mg_ml TX100 100 microM 1	12 March 2026 16:32:05	50.0	758.0	0.248	962.6	0.000	0.000	100.0	0.0	0.0	207.4	0.000	0.000	0.0 0.0 0.0 0.0 0.0 0.0 0.0 0.0 0.0 0.0 0.0 0.0 0.0 0.0 0.0 0.0 0.0 0.0 0.0 0.0 0.0 0.0 0.0 0.0 0.0 0.0 0.0 0.0 0.0 0.0 0.0 0.0 0.0 0.0 0.0 0.0 0.0 0.0 0.0 0.0 0.0 0.0 0.0 0.0 0.0 0.0 0.0 0.0 0.0 0.0 4.5 13.8 22.1 24.7 20.2 11.4 3.3 0.0 0.0 0.0 0.0 0.0 0.0 0.0 0.0 0.0 0.0 0.0 0.0 0.0	0.4000 0.4632 0.5365 0.6213 0.7195 0.8332 0.9649 1.117 1.294 1.499 1.736 2.010 2.328 2.696 3.122 3.615 4.187 4.849 5.615 6.503 7.531 8.721 10.10 11.70 13.54 15.69 18.17 21.04 24.36 28.21 32.67 37.84 43.82 50.75 58.77 68.06 78.82 91.28 105.7 122.4 141.8 164.2 190.1 220.2 255.0 295.3 342.0 396.1 458.7 531.2 615.1 712.4 825.0 955.4 1106 1281 1484 1718 1990 2305 2669 3091 3580 4145 4801 5560 6439 7456 8635 1.000e4
410	Size	6 DMPC : 4 DMPG 0.1 mg_ml TX100 100 microM 2	12 March 2026 16:34:28	50.0	591.1	0.712	962.8	96.02	0.000	85.6	14.4	0.0	234.7	17.21	0.000	0.0 0.0 0.0 0.0 0.0 0.0 0.0 0.0 0.0 0.0 0.0 0.0 0.0 0.0 0.0 0.0 0.0 0.0 0.0 0.0 0.0 0.0 0.0 0.0 0.0 0.0 0.0 0.0 0.0 0.0 0.0 0.0 0.0 0.0 0.0 1.1 3.0 4.2 3.8 2.0 0.3 0.0 0.0 0.0 0.0 0.0 0.0 0.0 0.0 1.2 5.7 12.0 17.1 18.7 16.0 10.3 4.1 0.4 0.0 0.0 0.0 0.0 0.0 0.0 0.0 0.0 0.0 0.0 0.0 0.0	0.4000 0.4632 0.5365 0.6213 0.7195 0.8332 0.9649 1.117 1.294 1.499 1.736 2.010 2.328 2.696 3.122 3.615 4.187 4.849 5.615 6.503 7.531 8.721 10.10 11.70 13.54 15.69 18.17 21.04 24.36 28.21 32.67 37.84 43.82 50.75 58.77 68.06 78.82 91.28 105.7 122.4 141.8 164.2 190.1 220.2 255.0 295.3 342.0 396.1 458.7 531.2 615.1 712.4 825.0 955.4 1106 1281 1484 1718 1990 2305 2669 3091 3580 4145 4801 5560 6439 7456 8635 1.000e4
411	Size	6 DMPC : 4 DMPG 0.1 mg_ml TX100 100 microM 3	12 March 2026 16:36:51	50.0	459.1	1.000	1169	121.2	0.000	83.0	17.0	0.0	369.5	28.51	0.000	0.0 0.0 0.0 0.0 0.0 0.0 0.0 0.0 0.0 0.0 0.0 0.0 0.0 0.0 0.0 0.0 0.0 0.0 0.0 0.0 0.0 0.0 0.0 0.0 0.0 0.0 0.0 0.0 0.0 0.0 0.0 0.0 0.0 0.0 0.0 0.3 1.2 2.5 3.5 3.8 3.2 1.9 0.6 0.0 0.0 0.0 0.0 0.0 0.0 0.7 3.1 6.6 10.3 13.1 14.2 13.2 10.5 6.9 3.4 1.0 0.0 0.0 0.0 0.0 0.0 0.0 0.0 0.0 0.0 0.0	0.4000 0.4632 0.5365 0.6213 0.7195 0.8332 0.9649 1.117 1.294 1.499 1.736 2.010 2.328 2.696 3.122 3.615 4.187 4.849 5.615 6.503 7.531 8.721 10.10 11.70 13.54 15.69 18.17 21.04 24.36 28.21 32.67 37.84 43.82 50.75 58.77 68.06 78.82 91.28 105.7 122.4 141.8 164.2 190.1 220.2 255.0 295.3 342.0 396.1 458.7 531.2 615.1 712.4 825.0 955.4 1106 1281 1484 1718 1990 2305 2669 3091 3580 4145 4801 5560 6439 7456 8635 1.000e4
415	Size	7 DMPC : 3 DMPG 0.1 mg_ml C12E6 100 microM 1	12 March 2026 16:58:46	50.0	93.84	0.285	95.16	571.0	5049	92.5	4.2	3.2	39.55	168.6	584.3	0.0 0.0 0.0 0.0 0.0 0.0 0.0 0.0 0.0 0.0 0.0 0.0 0.0 0.0 0.0 0.0 0.0 0.0 0.0 0.0 0.0 0.0 0.0 0.0 0.0 0.0 0.0 0.0 0.0 0.0 0.0 0.5 2.9 6.3 9.8 12.2 13.3 12.8 11.2 9.0 6.5 4.2 2.4 1.1 0.4 0.2 0.2 0.5 0.7 0.8 0.8 0.6 0.4 0.2 0.0 0.0 0.0 0.0 0.0 0.0 0.0 0.0 0.1 0.5 1.0 1.6 0.0 0.0 0.0 0.0	0.4000 0.4632 0.5365 0.6213 0.7195 0.8332 0.9649 1.117 1.294 1.499 1.736 2.010 2.328 2.696 3.122 3.615 4.187 4.849 5.615 6.503 7.531 8.721 10.10 11.70 13.54 15.69 18.17 21.04 24.36 28.21 32.67 37.84 43.82 50.75 58.77 68.06 78.82 91.28 105.7 122.4 141.8 164.2 190.1 220.2 255.0 295.3 342.0 396.1 458.7 531.2 615.1 712.4 825.0 955.4 1106 1281 1484 1718 1990 2305 2669 3091 3580 4145 4801 5560 6439 7456 8635 1.000e4
416	Size	7 DMPC : 3 DMPG 0.1 mg_ml C12E6 100 microM 2	12 March 2026 17:01:19	50.0	85.20	0.259	87.61	5451	0.000	98.9	1.1	0.0	32.72	266.1	0.000	0.0 0.0 0.0 0.0 0.0 0.0 0.0 0.0 0.0 0.0 0.0 0.0 0.0 0.0 0.0 0.0 0.0 0.0 0.0 0.0 0.0 0.0 0.0 0.0 0.0 0.0 0.0 0.0 0.0 0.0 0.5 2.1 4.6 7.7 10.7 13.0 14.2 13.9 12.2 9.5 6.3 3.3 1.1 0.0 0.0 0.0 0.0 0.0 0.0 0.0 0.0 0.0 0.0 0.0 0.0 0.0 0.0 0.0 0.0 0.0 0.0 0.0 0.0 0.0 0.2 0.9 0.0 0.0 0.0 0.0	0.4000 0.4632 0.5365 0.6213 0.7195 0.8332 0.9649 1.117 1.294 1.499 1.736 2.010 2.328 2.696 3.122 3.615 4.187 4.849 5.615 6.503 7.531 8.721 10.10 11.70 13.54 15.69 18.17 21.04 24.36 28.21 32.67 37.84 43.82 50.75 58.77 68.06 78.82 91.28 105.7 122.4 141.8 164.2 190.1 220.2 255.0 295.3 342.0 396.1 458.7 531.2 615.1 712.4 825.0 955.4 1106 1281 1484 1718 1990 2305 2669 3091 3580 4145 4801 5560 6439 7456 8635 1.000e4
417	Size	7 DMPC : 3 DMPG 0.1 mg_ml C12E6 100 microM 3	12 March 2026 17:03:52	50.0	85.03	0.224	94.20	4756	0.000	96.8	3.2	0.0	40.77	750.6	0.000	0.0 0.0 0.0 0.0 0.0 0.0 0.0 0.0 0.0 0.0 0.0 0.0 0.0 0.0 0.0 0.0 0.0 0.0 0.0 0.0 0.0 0.0 0.0 0.0 0.0 0.0 0.0 0.0 0.0 0.0 0.6 2.2 4.5 7.1 9.6 11.4 12.3 12.2 11.1 9.3 7.1 4.9 2.8 1.3 0.3 0.0 0.0 0.0 0.0 0.0 0.0 0.0 0.0 0.0 0.0 0.0 0.0 0.0 0.0 0.0 0.0 0.1 0.3 0.6 0.9 1.2 0.0 0.0 0.0 0.0	0.4000 0.4632 0.5365 0.6213 0.7195 0.8332 0.9649 1.117 1.294 1.499 1.736 2.010 2.328 2.696 3.122 3.615 4.187 4.849 5.615 6.503 7.531 8.721 10.10 11.70 13.54 15.69 18.17 21.04 24.36 28.21 32.67 37.84 43.82 50.75 58.77 68.06 78.82 91.28 105.7 122.4 141.8 164.2 190.1 220.2 255.0 295.3 342.0 396.1 458.7 531.2 615.1 712.4 825.0 955.4 1106 1281 1484 1718 1990 2305 2669 3091 3580 4145 4801 5560 6439 7456 8635 1.000e4
421	Size	7 DMPC : 3 DMPG 0.1 mg_ml C12E6 20 microM 1	17 March 2026 09:48:47	25.0	85.94	0.258	88.48	3053	0.000	90.8	9.2	0.0	34.12	1329	0.000	0.0 0.0 0.0 0.0 0.0 0.0 0.0 0.0 0.0 0.0 0.0 0.0 0.0 0.0 0.0 0.0 0.0 0.0 0.0 0.0 0.0 0.0 0.0 0.0 0.0 0.0 0.0 0.0 0.0 0.0 0.0 1.3 4.0 7.5 10.6 12.6 13.2 12.5 10.6 8.1 5.5 3.2 1.4 0.4 0.0 0.0 0.0 0.0 0.0 0.0 0.0 0.0 0.1 0.1 0.3 0.4 0.5 0.7 0.8 0.9 0.9 1.0 1.0 1.0 0.9 0.8 0.0 0.0 0.0 0.0	0.4000 0.4632 0.5365 0.6213 0.7195 0.8332 0.9649 1.117 1.294 1.499 1.736 2.010 2.328 2.696 3.122 3.615 4.187 4.849 5.615 6.503 7.531 8.721 10.10 11.70 13.54 15.69 18.17 21.04 24.36 28.21 32.67 37.84 43.82 50.75 58.77 68.06 78.82 91.28 105.7 122.4 141.8 164.2 190.1 220.2 255.0 295.3 342.0 396.1 458.7 531.2 615.1 712.4 825.0 955.4 1106 1281 1484 1718 1990 2305 2669 3091 3580 4145 4801 5560 6439 7456 8635 1.000e4
422	Size	7 DMPC : 3 DMPG 0.1 mg_ml C12E6 20 microM 2	17 March 2026 09:50:50	25.0	81.41	0.207	85.93	4445	0.000	95.7	4.3	0.0	31.32	902.2	0.000	0.0 0.0 0.0 0.0 0.0 0.0 0.0 0.0 0.0 0.0 0.0 0.0 0.0 0.0 0.0 0.0 0.0 0.0 0.0 0.0 0.0 0.0 0.0 0.0 0.0 0.0 0.0 0.0 0.0 0.0 0.0 1.3 4.3 8.1 11.6 13.9 14.5 13.5 11.3 8.3 5.2 2.6 0.9 0.1 0.0 0.0 0.0 0.0 0.0 0.0 0.0 0.0 0.0 0.0 0.0 0.0 0.0 0.0 0.0 0.0 0.2 0.4 0.6 0.9 1.1 1.2 0.0 0.0 0.0 0.0	0.4000 0.4632 0.5365 0.6213 0.7195 0.8332 0.9649 1.117 1.294 1.499 1.736 2.010 2.328 2.696 3.122 3.615 4.187 4.849 5.615 6.503 7.531 8.721 10.10 11.70 13.54 15.69 18.17 21.04 24.36 28.21 32.67 37.84 43.82 50.75 58.77 68.06 78.82 91.28 105.7 122.4 141.8 164.2 190.1 220.2 255.0 295.3 342.0 396.1 458.7 531.2 615.1 712.4 825.0 955.4 1106 1281 1484 1718 1990 2305 2669 3091 3580 4145 4801 5560 6439 7456 8635 1.000e4
423	Size	7 DMPC : 3 DMPG 0.1 mg_ml C12E6 20 microM 3	17 March 2026 09:52:52	25.0	83.74	0.248	86.54	1293	4000	89.6	7.4	3.0	35.44	623.2	984.6	0.0 0.0 0.0 0.0 0.0 0.0 0.0 0.0 0.0 0.0 0.0 0.0 0.0 0.0 0.0 0.0 0.0 0.0 0.0 0.0 0.0 0.0 0.0 0.0 0.0 0.0 0.0 0.0 0.0 0.0 0.1 1.9 5.0 8.4 11.0 12.5 12.6 11.5 9.6 7.3 5.0 3.0 1.5 0.5 0.1 0.0 0.0 0.1 0.2 0.3 0.5 0.6 0.7 0.8 0.8 0.7 0.7 0.6 0.5 0.5 0.5 0.5 0.5 0.5 0.5 0.5 0.0 0.0 0.0 0.0	0.4000 0.4632 0.5365 0.6213 0.7195 0.8332 0.9649 1.117 1.294 1.499 1.736 2.010 2.328 2.696 3.122 3.615 4.187 4.849 5.615 6.503 7.531 8.721 10.10 11.70 13.54 15.69 18.17 21.04 24.36 28.21 32.67 37.84 43.82 50.75 58.77 68.06 78.82 91.28 105.7 122.4 141.8 164.2 190.1 220.2 255.0 295.3 342.0 396.1 458.7 531.2 615.1 712.4 825.0 955.4 1106 1281 1484 1718 1990 2305 2669 3091 3580 4145 4801 5560 6439 7456 8635 1.000e4
424	Size	7 DMPC : 3 DMPG 0.1 mg_ml C12E6 20 microM 4	17 March 2026 09:54:54	25.0	83.03	0.247	85.90	3890	0.000	92.6	7.4	0.0	32.33	1112	0.000	0.0 0.0 0.0 0.0 0.0 0.0 0.0 0.0 0.0 0.0 0.0 0.0 0.0 0.0 0.0 0.0 0.0 0.0 0.0 0.0 0.0 0.0 0.0 0.0 0.0 0.0 0.0 0.0 0.0 0.0 0.2 1.7 4.6 8.0 11.0 13.0 13.6 12.8 10.7 8.0 5.1 2.7 1.0 0.2 0.0 0.0 0.0 0.0 0.0 0.0 0.0 0.0 0.0 0.0 0.0 0.0 0.0 0.1 0.3 0.5 0.7 0.9 1.1 1.3 1.3 1.2 0.0 0.0 0.0 0.0	0.4000 0.4632 0.5365 0.6213 0.7195 0.8332 0.9649 1.117 1.294 1.499 1.736 2.010 2.328 2.696 3.122 3.615 4.187 4.849 5.615 6.503 7.531 8.721 10.10 11.70 13.54 15.69 18.17 21.04 24.36 28.21 32.67 37.84 43.82 50.75 58.77 68.06 78.82 91.28 105.7 122.4 141.8 164.2 190.1 220.2 255.0 295.3 342.0 396.1 458.7 531.2 615.1 712.4 825.0 955.4 1106 1281 1484 1718 1990 2305 2669 3091 3580 4145 4801 5560 6439 7456 8635 1.000e4
425	Size	7 DMPC : 3 DMPG 0.1 mg_ml C12E6 10 microM 1	17 March 2026 10:03:25	25.0	84.56	0.239	87.04	4216	0.000	93.5	6.5	0.0	31.33	995.1	0.000	0.0 0.0 0.0 0.0 0.0 0.0 0.0 0.0 0.0 0.0 0.0 0.0 0.0 0.0 0.0 0.0 0.0 0.0 0.0 0.0 0.0 0.0 0.0 0.0 0.0 0.0 0.0 0.0 0.0 0.0 0.0 1.1 3.8 7.5 10.9 13.4 14.3 13.5 11.4 8.5 5.4 2.7 0.9 0.1 0.0 0.0 0.0 0.0 0.0 0.0 0.0 0.0 0.0 0.0 0.0 0.0 0.0 0.0 0.1 0.2 0.4 0.7 1.0 1.2 1.4 1.4 0.0 0.0 0.0 0.0	0.4000 0.4632 0.5365 0.6213 0.7195 0.8332 0.9649 1.117 1.294 1.499 1.736 2.010 2.328 2.696 3.122 3.615 4.187 4.849 5.615 6.503 7.531 8.721 10.10 11.70 13.54 15.69 18.17 21.04 24.36 28.21 32.67 37.84 43.82 50.75 58.77 68.06 78.82 91.28 105.7 122.4 141.8 164.2 190.1 220.2 255.0 295.3 342.0 396.1 458.7 531.2 615.1 712.4 825.0 955.4 1106 1281 1484 1718 1990 2305 2669 3091 3580 4145 4801 5560 6439 7456 8635 1.000e4
426	Size	7 DMPC : 3 DMPG 0.1 mg_ml C12E6 10 microM 2	17 March 2026 10:05:27	25.0	81.52	0.251	82.39	3020	0.000	90.3	9.7	0.0	29.16	1226	0.000	0.0 0.0 0.0 0.0 0.0 0.0 0.0 0.0 0.0 0.0 0.0 0.0 0.0 0.0 0.0 0.0 0.0 0.0 0.0 0.0 0.0 0.0 0.0 0.0 0.0 0.0 0.0 0.0 0.0 0.0 0.0 1.5 4.7 8.6 11.9 13.9 14.0 12.6 10.0 6.9 4.0 1.8 0.4 0.0 0.0 0.0 0.0 0.0 0.0 0.0 0.0 0.0 0.0 0.0 0.2 0.3 0.5 0.8 0.9 1.1 1.1 1.1 1.1 1.0 0.8 0.7 0.0 0.0 0.0 0.0	0.4000 0.4632 0.5365 0.6213 0.7195 0.8332 0.9649 1.117 1.294 1.499 1.736 2.010 2.328 2.696 3.122 3.615 4.187 4.849 5.615 6.503 7.531 8.721 10.10 11.70 13.54 15.69 18.17 21.04 24.36 28.21 32.67 37.84 43.82 50.75 58.77 68.06 78.82 91.28 105.7 122.4 141.8 164.2 190.1 220.2 255.0 295.3 342.0 396.1 458.7 531.2 615.1 712.4 825.0 955.4 1106 1281 1484 1718 1990 2305 2669 3091 3580 4145 4801 5560 6439 7456 8635 1.000e4
427	Size	7 DMPC : 3 DMPG 0.1 mg_ml C12E6 10 microM 3	17 March 2026 10:07:29	25.0	82.15	0.236	90.01	4198	0.000	94.7	5.3	0.0	40.37	1012	0.000	0.0 0.0 0.0 0.0 0.0 0.0 0.0 0.0 0.0 0.0 0.0 0.0 0.0 0.0 0.0 0.0 0.0 0.0 0.0 0.0 0.0 0.0 0.0 0.0 0.0 0.0 0.0 0.0 0.0 0.0 0.7 2.7 5.4 8.3 10.5 11.9 12.1 11.4 9.9 8.0 5.9 4.0 2.3 1.1 0.4 0.0 0.0 0.0 0.0 0.0 0.0 0.0 0.0 0.0 0.0 0.0 0.0 0.0 0.1 0.2 0.4 0.6 0.8 1.0 1.1 1.2 0.0 0.0 0.0 0.0	0.4000 0.4632 0.5365 0.6213 0.7195 0.8332 0.9649 1.117 1.294 1.499 1.736 2.010 2.328 2.696 3.122 3.615 4.187 4.849 5.615 6.503 7.531 8.721 10.10 11.70 13.54 15.69 18.17 21.04 24.36 28.21 32.67 37.84 43.82 50.75 58.77 68.06 78.82 91.28 105.7 122.4 141.8 164.2 190.1 220.2 255.0 295.3 342.0 396.1 458.7 531.2 615.1 712.4 825.0 955.4 1106 1281 1484 1718 1990 2305 2669 3091 3580 4145 4801 5560 6439 7456 8635 1.000e4
431	Size	7 DMPC : 3 DMPG 0.1 mg_ml DDAC 10 microM 1	17 March 2026 10:29:54	25.0	91.61	0.354	87.68	3910	1147	84.8	8.7	6.5	35.13	1152	439.1	0.0 0.0 0.0 0.0 0.0 0.0 0.0 0.0 0.0 0.0 0.0 0.0 0.0 0.0 0.0 0.0 0.0 0.0 0.0 0.0 0.0 0.0 0.0 0.0 0.0 0.0 0.0 0.0 0.0 0.0 0.1 1.6 4.3 7.4 10.1 11.7 12.0 11.2 9.5 7.3 5.0 3.0 1.4 0.5 0.0 0.0 0.0 0.0 0.1 0.3 0.5 0.6 0.7 0.8 0.8 0.8 0.7 0.6 0.6 0.7 0.8 1.0 1.2 1.4 1.6 1.6 0.0 0.0 0.0 0.0	0.4000 0.4632 0.5365 0.6213 0.7195 0.8332 0.9649 1.117 1.294 1.499 1.736 2.010 2.328 2.696 3.122 3.615 4.187 4.849 5.615 6.503 7.531 8.721 10.10 11.70 13.54 15.69 18.17 21.04 24.36 28.21 32.67 37.84 43.82 50.75 58.77 68.06 78.82 91.28 105.7 122.4 141.8 164.2 190.1 220.2 255.0 295.3 342.0 396.1 458.7 531.2 615.1 712.4 825.0 955.4 1106 1281 1484 1718 1990 2305 2669 3091 3580 4145 4801 5560 6439 7456 8635 1.000e4
432	Size	7 DMPC : 3 DMPG 0.1 mg_ml DDAC 10 microM 2	17 March 2026 10:32:07	25.0	91.33	0.325	97.55	2811	0.000	87.2	12.8	0.0	53.87	1378	0.000	0.0 0.0 0.0 0.0 0.0 0.0 0.0 0.0 0.0 0.0 0.0 0.0 0.0 0.0 0.0 0.0 0.0 0.0 0.0 0.0 0.0 0.0 0.0 0.0 0.0 0.0 0.0 0.0 0.0 0.0 0.6 2.5 5.1 7.6 9.4 10.3 10.2 9.5 8.2 6.8 5.4 4.1 2.9 2.0 1.3 0.7 0.4 0.1 0.0 0.0 0.0 0.1 0.3 0.4 0.6 0.7 0.8 1.0 1.1 1.1 1.2 1.2 1.2 1.1 1.1 0.9 0.0 0.0 0.0 0.0	0.4000 0.4632 0.5365 0.6213 0.7195 0.8332 0.9649 1.117 1.294 1.499 1.736 2.010 2.328 2.696 3.122 3.615 4.187 4.849 5.615 6.503 7.531 8.721 10.10 11.70 13.54 15.69 18.17 21.04 24.36 28.21 32.67 37.84 43.82 50.75 58.77 68.06 78.82 91.28 105.7 122.4 141.8 164.2 190.1 220.2 255.0 295.3 342.0 396.1 458.7 531.2 615.1 712.4 825.0 955.4 1106 1281 1484 1718 1990 2305 2669 3091 3580 4145 4801 5560 6439 7456 8635 1.000e4
433	Size	7 DMPC : 3 DMPG 0.1 mg_ml DDAC 10 microM 3	17 March 2026 10:34:19	25.0	83.77	0.280	82.77	1427	0.000	86.0	14.0	0.0	31.28	713.8	0.000	0.0 0.0 0.0 0.0 0.0 0.0 0.0 0.0 0.0 0.0 0.0 0.0 0.0 0.0 0.0 0.0 0.0 0.0 0.0 0.0 0.0 0.0 0.0 0.0 0.0 0.0 0.0 0.0 0.0 0.0 0.0 1.8 5.0 8.6 11.4 12.8 12.7 11.3 9.1 6.5 4.0 2.0 0.8 0.1 0.0 0.0 0.0 0.0 0.2 0.4 0.7 1.0 1.2 1.4 1.5 1.6 1.5 1.3 1.1 0.9 0.6 0.4 0.2 0.1 0.0 0.0 0.0 0.0 0.0 0.0	0.4000 0.4632 0.5365 0.6213 0.7195 0.8332 0.9649 1.117 1.294 1.499 1.736 2.010 2.328 2.696 3.122 3.615 4.187 4.849 5.615 6.503 7.531 8.721 10.10 11.70 13.54 15.69 18.17 21.04 24.36 28.21 32.67 37.84 43.82 50.75 58.77 68.06 78.82 91.28 105.7 122.4 141.8 164.2 190.1 220.2 255.0 295.3 342.0 396.1 458.7 531.2 615.1 712.4 825.0 955.4 1106 1281 1484 1718 1990 2305 2669 3091 3580 4145 4801 5560 6439 7456 8635 1.000e4
583	Size	7 DMPC : 3 DMPG 0.1 mg_ml C12E6 1000 microM 1	19 March 2026 09:46:03	25.0	87.00	0.311	79.27	593.3	4625	85.1	9.3	5.6	27.10	203.8	824.7	0.0 0.0 0.0 0.0 0.0 0.0 0.0 0.0 0.0 0.0 0.0 0.0 0.0 0.0 0.0 0.0 0.0 0.0 0.0 0.0 0.0 0.0 0.0 0.0 0.0 0.0 0.0 0.0 0.0 0.0 0.0 1.3 4.8 9.1 12.5 14.1 13.6 11.5 8.6 5.5 2.9 1.1 0.2 0.0 0.0 0.3 0.7 1.1 1.4 1.5 1.4 1.2 0.9 0.5 0.3 0.1 0.0 0.0 0.0 0.0 0.1 0.3 0.7 1.1 1.5 1.8 0.0 0.0 0.0 0.0	0.4000 0.4632 0.5365 0.6213 0.7195 0.8332 0.9649 1.117 1.294 1.499 1.736 2.010 2.328 2.696 3.122 3.615 4.187 4.849 5.615 6.503 7.531 8.721 10.10 11.70 13.54 15.69 18.17 21.04 24.36 28.21 32.67 37.84 43.82 50.75 58.77 68.06 78.82 91.28 105.7 122.4 141.8 164.2 190.1 220.2 255.0 295.3 342.0 396.1 458.7 531.2 615.1 712.4 825.0 955.4 1106 1281 1484 1718 1990 2305 2669 3091 3580 4145 4801 5560 6439 7456 8635 1.000e4
584	Size	7 DMPC : 3 DMPG 0.1 mg_ml C12E6 1000 microM 2	19 March 2026 09:48:16	25.0	83.47	0.282	82.17	2446	0.000	87.7	12.3	0.0	29.23	1299	0.000	0.0 0.0 0.0 0.0 0.0 0.0 0.0 0.0 0.0 0.0 0.0 0.0 0.0 0.0 0.0 0.0 0.0 0.0 0.0 0.0 0.0 0.0 0.0 0.0 0.0 0.0 0.0 0.0 0.0 0.0 0.0 1.5 4.7 8.5 11.7 13.5 13.6 12.1 9.6 6.6 3.9 1.7 0.4 0.0 0.0 0.0 0.0 0.0 0.0 0.0 0.1 0.2 0.4 0.6 0.8 1.0 1.1 1.1 1.1 1.1 1.0 1.0 0.9 0.8 0.7 0.6 0.0 0.0 0.0 0.0	0.4000 0.4632 0.5365 0.6213 0.7195 0.8332 0.9649 1.117 1.294 1.499 1.736 2.010 2.328 2.696 3.122 3.615 4.187 4.849 5.615 6.503 7.531 8.721 10.10 11.70 13.54 15.69 18.17 21.04 24.36 28.21 32.67 37.84 43.82 50.75 58.77 68.06 78.82 91.28 105.7 122.4 141.8 164.2 190.1 220.2 255.0 295.3 342.0 396.1 458.7 531.2 615.1 712.4 825.0 955.4 1106 1281 1484 1718 1990 2305 2669 3091 3580 4145 4801 5560 6439 7456 8635 1.000e4
585	Size	7 DMPC : 3 DMPG 0.1 mg_ml C12E6 1000 microM 3	19 March 2026 09:50:28	25.0	90.80	0.334	84.61	1266	0.000	80.5	19.5	0.0	32.75	593.6	0.000	0.0 0.0 0.0 0.0 0.0 0.0 0.0 0.0 0.0 0.0 0.0 0.0 0.0 0.0 0.0 0.0 0.0 0.0 0.0 0.0 0.0 0.0 0.0 0.0 0.0 0.0 0.0 0.0 0.0 0.0 0.3 1.8 4.5 7.4 9.9 11.4 11.6 10.7 8.8 6.5 4.2 2.3 0.9 0.2 0.0 0.0 0.0 0.1 0.4 0.7 1.2 1.6 2.0 2.2 2.3 2.2 2.0 1.7 1.3 0.9 0.5 0.3 0.1 0.0 0.0 0.0 0.0 0.0 0.0 0.0	0.4000 0.4632 0.5365 0.6213 0.7195 0.8332 0.9649 1.117 1.294 1.499 1.736 2.010 2.328 2.696 3.122 3.615 4.187 4.849 5.615 6.503 7.531 8.721 10.10 11.70 13.54 15.69 18.17 21.04 24.36 28.21 32.67 37.84 43.82 50.75 58.77 68.06 78.82 91.28 105.7 122.4 141.8 164.2 190.1 220.2 255.0 295.3 342.0 396.1 458.7 531.2 615.1 712.4 825.0 955.4 1106 1281 1484 1718 1990 2305 2669 3091 3580 4145 4801 5560 6439 7456 8635 1.000e4
589	Size	7 DMPC : 3 DMPG 0.1 mg_ml C12E6 2000 microM 1	19 March 2026 10:20:38	25.0	83.96	0.280	80.78	2982	0.000	87.4	12.6	0.0	26.25	1212	0.000	0.0 0.0 0.0 0.0 0.0 0.0 0.0 0.0 0.0 0.0 0.0 0.0 0.0 0.0 0.0 0.0 0.0 0.0 0.0 0.0 0.0 0.0 0.0 0.0 0.0 0.0 0.0 0.0 0.0 0.0 0.0 1.1 4.1 8.2 12.0 14.3 14.5 12.9 9.9 6.3 3.1 1.0 0.0 0.0 0.0 0.0 0.0 0.0 0.0 0.0 0.0 0.0 0.0 0.1 0.2 0.5 0.7 1.0 1.3 1.4 1.5 1.5 1.4 1.2 1.0 0.8 0.0 0.0 0.0 0.0	0.4000 0.4632 0.5365 0.6213 0.7195 0.8332 0.9649 1.117 1.294 1.499 1.736 2.010 2.328 2.696 3.122 3.615 4.187 4.849 5.615 6.503 7.531 8.721 10.10 11.70 13.54 15.69 18.17 21.04 24.36 28.21 32.67 37.84 43.82 50.75 58.77 68.06 78.82 91.28 105.7 122.4 141.8 164.2 190.1 220.2 255.0 295.3 342.0 396.1 458.7 531.2 615.1 712.4 825.0 955.4 1106 1281 1484 1718 1990 2305 2669 3091 3580 4145 4801 5560 6439 7456 8635 1.000e4
590	Size	7 DMPC : 3 DMPG 0.1 mg_ml C12E6 2000 microM 2	19 March 2026 10:22:53	25.0	82.40	0.258	80.97	2926	0.000	89.0	11.0	0.0	26.07	1212	0.000	0.0 0.0 0.0 0.0 0.0 0.0 0.0 0.0 0.0 0.0 0.0 0.0 0.0 0.0 0.0 0.0 0.0 0.0 0.0 0.0 0.0 0.0 0.0 0.0 0.0 0.0 0.0 0.0 0.0 0.0 0.0 0.8 3.9 8.3 12.3 14.8 15.0 13.2 10.1 6.4 3.2 1.0 0.0 0.0 0.0 0.0 0.0 0.0 0.0 0.0 0.0 0.0 0.0 0.1 0.2 0.4 0.7 0.9 1.1 1.2 1.3 1.3 1.2 1.0 0.8 0.7 0.0 0.0 0.0 0.0	0.4000 0.4632 0.5365 0.6213 0.7195 0.8332 0.9649 1.117 1.294 1.499 1.736 2.010 2.328 2.696 3.122 3.615 4.187 4.849 5.615 6.503 7.531 8.721 10.10 11.70 13.54 15.69 18.17 21.04 24.36 28.21 32.67 37.84 43.82 50.75 58.77 68.06 78.82 91.28 105.7 122.4 141.8 164.2 190.1 220.2 255.0 295.3 342.0 396.1 458.7 531.2 615.1 712.4 825.0 955.4 1106 1281 1484 1718 1990 2305 2669 3091 3580 4145 4801 5560 6439 7456 8635 1.000e4
591	Size	7 DMPC : 3 DMPG 0.1 mg_ml C12E6 2000 microM 3	19 March 2026 10:25:06	25.0	83.09	0.269	80.74	2428	0.000	87.5	12.5	0.0	25.98	1145	0.000	0.0 0.0 0.0 0.0 0.0 0.0 0.0 0.0 0.0 0.0 0.0 0.0 0.0 0.0 0.0 0.0 0.0 0.0 0.0 0.0 0.0 0.0 0.0 0.0 0.0 0.0 0.0 0.0 0.0 0.0 0.0 0.8 3.9 8.2 12.2 14.6 14.8 13.0 9.8 6.2 3.1 0.9 0.0 0.0 0.0 0.0 0.0 0.0 0.0 0.0 0.0 0.0 0.2 0.4 0.7 0.9 1.2 1.3 1.4 1.4 1.3 1.1 0.9 0.7 0.5 0.4 0.0 0.0 0.0 0.0	0.4000 0.4632 0.5365 0.6213 0.7195 0.8332 0.9649 1.117 1.294 1.499 1.736 2.010 2.328 2.696 3.122 3.615 4.187 4.849 5.615 6.503 7.531 8.721 10.10 11.70 13.54 15.69 18.17 21.04 24.36 28.21 32.67 37.84 43.82 50.75 58.77 68.06 78.82 91.28 105.7 122.4 141.8 164.2 190.1 220.2 255.0 295.3 342.0 396.1 458.7 531.2 615.1 712.4 825.0 955.4 1106 1281 1484 1718 1990 2305 2669 3091 3580 4145 4801 5560 6439 7456 8635 1.000e4

